{
    "initial_balance": 1000.0,
    "final_balance": 1001.9024766690595,
    "trades": [
        {
            "entry_price": 0.06965,
            "exit_price": 0.07032,
            "size": 3589.375448671931,
            "pnl": 2.152476669059548,
            "pnl_pct": 0.860990667623819
        }
    ]
}