timestamp,open,high,low,close,volume
2025-11-01 00:00:00+00:00,0.18644,0.18656,0.18614,0.18623,2627614.0
2025-11-01 00:15:00+00:00,0.18622,0.18637,0.18583,0.18619,3871826.0
2025-11-01 00:30:00+00:00,0.18618,0.18618,0.18535,0.18596,9870241.0
2025-11-01 00:45:00+00:00,0.18597,0.18634,0.18593,0.18625,9245444.0
2025-11-01 01:00:00+00:00,0.18625,0.18656,0.18618,0.18626,2376731.0
2025-11-01 01:15:00+00:00,0.18625,0.18654,0.18596,0.18649,2696981.0
2025-11-01 01:30:00+00:00,0.18649,0.18675,0.18614,0.18622,5363298.0
2025-11-01 01:45:00+00:00,0.18622,0.18622,0.1857,0.18571,1724315.0
2025-11-01 02:00:00+00:00,0.1857,0.18571,0.18512,0.18533,4019024.0
2025-11-01 02:15:00+00:00,0.18533,0.18597,0.18533,0.18584,1966265.0
2025-11-01 02:30:00+00:00,0.18585,0.18593,0.18546,0.1859,2145810.0
2025-11-01 02:45:00+00:00,0.1859,0.18646,0.18589,0.1864,3445623.0
2025-11-01 03:00:00+00:00,0.18641,0.18703,0.18641,0.18669,4585874.0
2025-11-01 03:15:00+00:00,0.18668,0.18712,0.18668,0.18682,7577045.0
2025-11-01 03:30:00+00:00,0.18683,0.18717,0.18674,0.18704,4068289.0
2025-11-01 03:45:00+00:00,0.18703,0.18709,0.18683,0.18698,3917000.0
2025-11-01 04:00:00+00:00,0.18699,0.1872,0.18648,0.18662,3860776.0
2025-11-01 04:15:00+00:00,0.18661,0.18691,0.18628,0.18682,2396530.0
2025-11-01 04:30:00+00:00,0.18682,0.18698,0.18653,0.18681,4783586.0
2025-11-01 04:45:00+00:00,0.18681,0.18695,0.18672,0.18693,1610532.0
2025-11-01 05:00:00+00:00,0.18693,0.18705,0.18643,0.18661,1817766.0
2025-11-01 05:15:00+00:00,0.18661,0.18683,0.18649,0.18675,2143504.0
2025-11-01 05:30:00+00:00,0.18676,0.18679,0.18644,0.18656,2883828.0
2025-11-01 05:45:00+00:00,0.18656,0.18657,0.18603,0.18606,3236336.0
2025-11-01 06:00:00+00:00,0.18606,0.18633,0.18603,0.18615,4095075.0
2025-11-01 06:15:00+00:00,0.18615,0.18619,0.18589,0.18601,4214651.0
2025-11-01 06:30:00+00:00,0.18601,0.18622,0.18559,0.18568,2266242.0
2025-11-01 06:45:00+00:00,0.18568,0.18615,0.18556,0.18609,3094188.0
2025-11-01 07:00:00+00:00,0.18609,0.18647,0.18593,0.18633,3800938.0
2025-11-01 07:15:00+00:00,0.18632,0.18723,0.18632,0.18699,7006511.0
2025-11-01 07:30:00+00:00,0.187,0.18715,0.18656,0.18663,6875951.0
2025-11-01 07:45:00+00:00,0.18664,0.18723,0.18644,0.18709,8644609.0
2025-11-01 08:00:00+00:00,0.18709,0.18725,0.1867,0.18684,6326409.0
2025-11-01 08:15:00+00:00,0.18684,0.18712,0.18671,0.18689,4929853.0
2025-11-01 08:30:00+00:00,0.18689,0.18722,0.18685,0.18692,6386716.0
2025-11-01 08:45:00+00:00,0.18692,0.18785,0.18692,0.1878,6415286.0
2025-11-01 09:00:00+00:00,0.1878,0.188,0.18751,0.18776,5005844.0
2025-11-01 09:15:00+00:00,0.18776,0.18777,0.18734,0.18741,2792850.0
2025-11-01 09:30:00+00:00,0.18741,0.18741,0.18675,0.18675,2859853.0
2025-11-01 09:45:00+00:00,0.18675,0.18726,0.18675,0.18697,2776097.0
2025-11-01 10:00:00+00:00,0.18697,0.18732,0.18678,0.18695,3343817.0
2025-11-01 10:15:00+00:00,0.18695,0.18735,0.18695,0.18707,2994063.0
2025-11-01 10:30:00+00:00,0.18706,0.18739,0.18705,0.18737,1866611.0
2025-11-01 10:45:00+00:00,0.18736,0.18747,0.1871,0.18716,2935471.0
2025-11-01 11:00:00+00:00,0.18716,0.18755,0.18716,0.18728,2319362.0
2025-11-01 11:15:00+00:00,0.18728,0.18743,0.18707,0.18707,1491678.0
2025-11-01 11:30:00+00:00,0.18708,0.18708,0.18681,0.18699,3816761.0
2025-11-01 11:45:00+00:00,0.18698,0.18712,0.18675,0.18705,3613958.0
2025-11-01 12:00:00+00:00,0.18704,0.18743,0.18704,0.18716,2692860.0
2025-11-01 12:15:00+00:00,0.18716,0.1873,0.18683,0.18702,2106304.0
2025-11-01 12:30:00+00:00,0.18703,0.18734,0.18702,0.1873,2790620.0
2025-11-01 12:45:00+00:00,0.18731,0.18731,0.187,0.18701,1051518.0
2025-11-01 13:00:00+00:00,0.18701,0.18739,0.18698,0.18727,3291550.0
2025-11-01 13:15:00+00:00,0.18727,0.18745,0.1871,0.18719,3326465.0
2025-11-01 13:30:00+00:00,0.18719,0.18734,0.18596,0.18634,7888480.0
2025-11-01 13:45:00+00:00,0.18634,0.18672,0.18598,0.18659,14392391.0
2025-11-01 14:00:00+00:00,0.1866,0.18689,0.18561,0.18576,10230970.0
2025-11-01 14:15:00+00:00,0.18576,0.18601,0.18544,0.18588,14092546.0
2025-11-01 14:30:00+00:00,0.18588,0.18647,0.1856,0.18628,4009544.0
2025-11-01 14:45:00+00:00,0.18629,0.18644,0.18567,0.18605,4627555.0
2025-11-01 15:00:00+00:00,0.18606,0.18773,0.18591,0.18717,13823026.0
2025-11-01 15:15:00+00:00,0.18718,0.18746,0.18634,0.1869,4070453.0
2025-11-01 15:30:00+00:00,0.18689,0.18726,0.18657,0.1868,4048420.0
2025-11-01 15:45:00+00:00,0.18679,0.18735,0.1866,0.18734,3111891.0
2025-11-01 16:00:00+00:00,0.18734,0.18789,0.187,0.187,8857100.0
2025-11-01 16:15:00+00:00,0.18701,0.18744,0.18691,0.18703,2803674.0
2025-11-01 16:30:00+00:00,0.18704,0.1876,0.18704,0.18756,3331173.0
2025-11-01 16:45:00+00:00,0.18756,0.18783,0.18736,0.18739,4082085.0
2025-11-01 17:00:00+00:00,0.18739,0.1875,0.18684,0.18704,4247709.0
2025-11-01 17:15:00+00:00,0.18704,0.18709,0.18671,0.18687,3333643.0
2025-11-01 17:30:00+00:00,0.18687,0.18707,0.18681,0.18681,3316259.0
2025-11-01 17:45:00+00:00,0.1868,0.18708,0.18664,0.18675,2760914.0
2025-11-01 18:00:00+00:00,0.18674,0.18716,0.18662,0.18689,4278784.0
2025-11-01 18:15:00+00:00,0.18688,0.18709,0.18667,0.1869,2053439.0
2025-11-01 18:30:00+00:00,0.18689,0.18716,0.18681,0.18712,898387.0
2025-11-01 18:45:00+00:00,0.18712,0.1873,0.18699,0.18714,2969193.0
2025-11-01 19:00:00+00:00,0.18715,0.18715,0.18684,0.18706,1499512.0
2025-11-01 19:15:00+00:00,0.18706,0.18719,0.18688,0.18699,1304832.0
2025-11-01 19:30:00+00:00,0.18698,0.18709,0.18688,0.18709,925960.0
2025-11-01 19:45:00+00:00,0.18708,0.18745,0.18705,0.18738,2740785.0
2025-11-01 20:00:00+00:00,0.18739,0.18755,0.18728,0.18734,1830882.0
2025-11-01 20:15:00+00:00,0.18734,0.18795,0.18727,0.18794,1784331.0
2025-11-01 20:30:00+00:00,0.18795,0.18837,0.18795,0.18809,6894419.0
2025-11-01 20:45:00+00:00,0.18809,0.1882,0.1877,0.18778,2584073.0
2025-11-01 21:00:00+00:00,0.18777,0.188,0.18711,0.18711,7821502.0
2025-11-01 21:15:00+00:00,0.18711,0.18747,0.18711,0.18742,1689197.0
2025-11-01 21:30:00+00:00,0.18742,0.18761,0.18695,0.18695,1712155.0
2025-11-01 21:45:00+00:00,0.18695,0.18708,0.18616,0.18624,3451166.0
2025-11-01 22:00:00+00:00,0.18624,0.1867,0.18624,0.18632,2990260.0
2025-11-01 22:15:00+00:00,0.18632,0.18674,0.18631,0.18662,1051937.0
2025-11-01 22:30:00+00:00,0.18662,0.18677,0.18652,0.18673,1538614.0
2025-11-01 22:45:00+00:00,0.18674,0.18699,0.18663,0.18698,1918580.0
2025-11-01 23:00:00+00:00,0.18699,0.187,0.18682,0.18692,969933.0
2025-11-01 23:15:00+00:00,0.18693,0.18716,0.18676,0.18715,3997074.0
2025-11-01 23:30:00+00:00,0.18715,0.18729,0.18694,0.18724,1825914.0
2025-11-01 23:45:00+00:00,0.18725,0.18754,0.18724,0.18736,2179512.0
2025-11-02 00:00:00+00:00,0.18736,0.18738,0.18689,0.18715,1591517.0
2025-11-02 00:15:00+00:00,0.18715,0.18715,0.18668,0.18671,1218527.0
2025-11-02 00:30:00+00:00,0.1867,0.18699,0.18665,0.18697,1124084.0
2025-11-02 00:45:00+00:00,0.18696,0.18707,0.18672,0.18694,1252542.0
2025-11-02 01:00:00+00:00,0.18694,0.18702,0.18633,0.1867,2150445.0
2025-11-02 01:15:00+00:00,0.18669,0.18691,0.18626,0.18663,4192425.0
2025-11-02 01:30:00+00:00,0.18662,0.18665,0.18635,0.18654,2736943.0
2025-11-02 01:45:00+00:00,0.18653,0.18657,0.18605,0.1861,2433515.0
2025-11-02 02:00:00+00:00,0.1861,0.18652,0.18588,0.18647,2796098.0
2025-11-02 02:15:00+00:00,0.18646,0.1865,0.18607,0.18622,3836919.0
2025-11-02 02:30:00+00:00,0.18621,0.18695,0.18621,0.18663,1780972.0
2025-11-02 02:45:00+00:00,0.18663,0.18678,0.18636,0.18645,1258255.0
2025-11-02 03:00:00+00:00,0.18645,0.18653,0.1862,0.18641,1758541.0
2025-11-02 03:15:00+00:00,0.1864,0.18641,0.18617,0.1862,1066006.0
2025-11-02 03:30:00+00:00,0.1862,0.18648,0.1861,0.18641,1890650.0
2025-11-02 03:45:00+00:00,0.1864,0.18653,0.18602,0.1862,2117084.0
2025-11-02 04:00:00+00:00,0.18619,0.18648,0.18601,0.18635,2138367.0
2025-11-02 04:15:00+00:00,0.18635,0.18675,0.18625,0.18664,4007608.0
2025-11-02 04:30:00+00:00,0.18664,0.18749,0.18657,0.18733,6754466.0
2025-11-02 04:45:00+00:00,0.18732,0.18823,0.18713,0.18802,8126653.0
2025-11-02 05:00:00+00:00,0.18802,0.18812,0.18738,0.18763,4361255.0
2025-11-02 05:15:00+00:00,0.18764,0.18778,0.18713,0.18727,3109645.0
2025-11-02 05:30:00+00:00,0.18726,0.1874,0.18701,0.1874,2911478.0
2025-11-02 05:45:00+00:00,0.18741,0.18772,0.1872,0.18767,1507251.0
2025-11-02 06:00:00+00:00,0.18768,0.18783,0.18736,0.18742,2400297.0
2025-11-02 06:15:00+00:00,0.18743,0.18762,0.18735,0.18758,1597149.0
2025-11-02 06:30:00+00:00,0.18759,0.18759,0.18714,0.18744,2080659.0
2025-11-02 06:45:00+00:00,0.18744,0.18795,0.18743,0.18779,3599189.0
2025-11-02 07:00:00+00:00,0.18779,0.18786,0.18732,0.18749,2394005.0
2025-11-02 07:15:00+00:00,0.18749,0.18768,0.18741,0.18751,1497758.0
2025-11-02 07:30:00+00:00,0.18751,0.18793,0.18745,0.18782,1602973.0
2025-11-02 07:45:00+00:00,0.18781,0.18884,0.18772,0.18822,8527712.0
2025-11-02 08:00:00+00:00,0.18822,0.1884,0.1878,0.18787,5015921.0
2025-11-02 08:15:00+00:00,0.18787,0.18819,0.18758,0.1877,3090625.0
2025-11-02 08:30:00+00:00,0.1877,0.18773,0.18738,0.18745,2455992.0
2025-11-02 08:45:00+00:00,0.18745,0.18745,0.18712,0.18736,3002880.0
2025-11-02 09:00:00+00:00,0.18735,0.18773,0.18735,0.18769,2243911.0
2025-11-02 09:15:00+00:00,0.1877,0.18791,0.18743,0.18771,1393603.0
2025-11-02 09:30:00+00:00,0.1877,0.1877,0.18659,0.18687,6367267.0
2025-11-02 09:45:00+00:00,0.18686,0.18686,0.18624,0.18636,4718838.0
2025-11-02 10:00:00+00:00,0.18636,0.18663,0.18597,0.18659,7434694.0
2025-11-02 10:15:00+00:00,0.1866,0.1866,0.18539,0.18546,18274642.0
2025-11-02 10:30:00+00:00,0.18547,0.1855,0.18484,0.18519,15965603.0
2025-11-02 10:45:00+00:00,0.1852,0.18553,0.18516,0.1855,2489723.0
2025-11-02 11:00:00+00:00,0.1855,0.18604,0.18537,0.18597,2724715.0
2025-11-02 11:15:00+00:00,0.18596,0.18669,0.18593,0.18666,4408025.0
2025-11-02 11:30:00+00:00,0.18666,0.18691,0.18638,0.18682,3818437.0
2025-11-02 11:45:00+00:00,0.18683,0.18711,0.1868,0.18698,6096668.0
2025-11-02 12:00:00+00:00,0.18697,0.18704,0.18653,0.18671,8958764.0
2025-11-02 12:15:00+00:00,0.18672,0.18687,0.1863,0.18646,4374579.0
2025-11-02 12:30:00+00:00,0.18646,0.18682,0.18621,0.1864,4494852.0
2025-11-02 12:45:00+00:00,0.18639,0.18664,0.1862,0.18641,1506073.0
2025-11-02 13:00:00+00:00,0.18642,0.18647,0.18595,0.18598,3298366.0
2025-11-02 13:15:00+00:00,0.18598,0.18598,0.1845,0.18512,7118539.0
2025-11-02 13:30:00+00:00,0.18512,0.18537,0.18491,0.18529,3400192.0
2025-11-02 13:45:00+00:00,0.18529,0.18533,0.18493,0.18516,6261641.0
2025-11-02 14:00:00+00:00,0.18515,0.18557,0.18464,0.18484,4783870.0
2025-11-02 14:15:00+00:00,0.18483,0.18495,0.18331,0.18352,15398506.0
2025-11-02 14:30:00+00:00,0.18352,0.18425,0.18349,0.18355,7062482.0
2025-11-02 14:45:00+00:00,0.18355,0.18418,0.18284,0.18376,12638756.0
2025-11-02 15:00:00+00:00,0.18376,0.18402,0.18311,0.18376,6157076.0
2025-11-02 15:15:00+00:00,0.18375,0.18459,0.18368,0.18458,4652080.0
2025-11-02 15:30:00+00:00,0.18458,0.18461,0.18381,0.1839,4673792.0
2025-11-02 15:45:00+00:00,0.18391,0.18408,0.18342,0.18345,4480394.0
2025-11-02 16:00:00+00:00,0.18344,0.18357,0.18234,0.18251,13943459.0
2025-11-02 16:15:00+00:00,0.18252,0.18331,0.18172,0.18311,18760537.0
2025-11-02 16:30:00+00:00,0.1831,0.18328,0.1826,0.18321,5982018.0
2025-11-02 16:45:00+00:00,0.18321,0.18388,0.1829,0.18386,6325323.0
2025-11-02 17:00:00+00:00,0.18385,0.18391,0.18356,0.18372,3184868.0
2025-11-02 17:15:00+00:00,0.18371,0.18389,0.18327,0.18361,2534848.0
2025-11-02 17:30:00+00:00,0.18361,0.1837,0.18325,0.1836,2529031.0
2025-11-02 17:45:00+00:00,0.1836,0.18407,0.18341,0.18406,2712412.0
2025-11-02 18:00:00+00:00,0.18406,0.18407,0.18349,0.18352,1288784.0
2025-11-02 18:15:00+00:00,0.18352,0.18404,0.18346,0.18398,1612447.0
2025-11-02 18:30:00+00:00,0.18398,0.1843,0.18389,0.18421,2175776.0
2025-11-02 18:45:00+00:00,0.18422,0.18424,0.18383,0.18393,1258000.0
2025-11-02 19:00:00+00:00,0.18392,0.18408,0.18364,0.18375,1623097.0
2025-11-02 19:15:00+00:00,0.18375,0.18375,0.18253,0.18253,5726385.0
2025-11-02 19:30:00+00:00,0.18253,0.18308,0.18244,0.1829,5184519.0
2025-11-02 19:45:00+00:00,0.18291,0.18326,0.18289,0.18326,1453085.0
2025-11-02 20:00:00+00:00,0.18326,0.18342,0.18282,0.18282,1512954.0
2025-11-02 20:15:00+00:00,0.18283,0.18324,0.18283,0.18316,1200658.0
2025-11-02 20:30:00+00:00,0.18316,0.18329,0.18302,0.1831,1276074.0
2025-11-02 20:45:00+00:00,0.1831,0.18332,0.18308,0.18327,1956701.0
2025-11-02 21:00:00+00:00,0.18328,0.18375,0.18328,0.18344,1883889.0
2025-11-02 21:15:00+00:00,0.18344,0.18379,0.18341,0.1837,1287314.0
2025-11-02 21:30:00+00:00,0.18369,0.18403,0.18366,0.18402,2275186.0
2025-11-02 21:45:00+00:00,0.18403,0.18436,0.18378,0.18379,2060325.0
2025-11-02 22:00:00+00:00,0.1838,0.18393,0.18367,0.1837,1099066.0
2025-11-02 22:15:00+00:00,0.1837,0.18419,0.1837,0.18387,1290326.0
2025-11-02 22:30:00+00:00,0.18387,0.18392,0.18295,0.18379,4527572.0
2025-11-02 22:45:00+00:00,0.18379,0.18414,0.18345,0.18413,3593075.0
2025-11-02 23:00:00+00:00,0.18414,0.18563,0.18414,0.18558,13990425.0
2025-11-02 23:15:00+00:00,0.18558,0.18588,0.18506,0.18527,5949742.0
2025-11-02 23:30:00+00:00,0.18528,0.18626,0.18506,0.18591,16170965.0
2025-11-02 23:45:00+00:00,0.18591,0.18677,0.18591,0.18638,7191579.0
2025-11-03 00:00:00+00:00,0.18639,0.18666,0.18607,0.18633,7610696.0
2025-11-03 00:15:00+00:00,0.18633,0.18648,0.18561,0.18571,4652863.0
2025-11-03 00:30:00+00:00,0.18571,0.1858,0.18505,0.18516,4045917.0
2025-11-03 00:45:00+00:00,0.18515,0.18541,0.18355,0.18373,17182337.0
2025-11-03 01:00:00+00:00,0.18372,0.18429,0.18329,0.18427,9307513.0
2025-11-03 01:15:00+00:00,0.18428,0.18442,0.18318,0.18344,3861829.0
2025-11-03 01:30:00+00:00,0.18344,0.18365,0.18248,0.18307,5841185.0
2025-11-03 01:45:00+00:00,0.18307,0.18345,0.18265,0.18297,3163158.0
2025-11-03 02:00:00+00:00,0.18296,0.18316,0.18177,0.18256,8648150.0
2025-11-03 02:15:00+00:00,0.18255,0.18255,0.18122,0.18125,14414297.0
2025-11-03 02:30:00+00:00,0.18125,0.18125,0.18025,0.18065,17687914.0
2025-11-03 02:45:00+00:00,0.18064,0.18144,0.18001,0.18096,13354447.0
2025-11-03 03:00:00+00:00,0.18097,0.18129,0.17805,0.17835,44506795.0
2025-11-03 03:15:00+00:00,0.17834,0.17905,0.17754,0.17769,25786884.0
2025-11-03 03:30:00+00:00,0.1777,0.17773,0.17481,0.17608,82183298.0
2025-11-03 03:45:00+00:00,0.17608,0.17608,0.17456,0.17514,27692579.0
2025-11-03 04:00:00+00:00,0.17513,0.17513,0.17333,0.17433,35484356.0
2025-11-03 04:15:00+00:00,0.17434,0.1755,0.17392,0.17491,27902640.0
2025-11-03 04:30:00+00:00,0.1749,0.17518,0.17408,0.17459,28663164.0
2025-11-03 04:45:00+00:00,0.1746,0.176,0.1746,0.17598,13042944.0
2025-11-03 05:00:00+00:00,0.17597,0.17672,0.17593,0.17643,20556925.0
2025-11-03 05:15:00+00:00,0.17642,0.17651,0.17585,0.17604,21482735.0
2025-11-03 05:30:00+00:00,0.17605,0.17616,0.17444,0.17452,33766296.0
2025-11-03 05:45:00+00:00,0.17453,0.17453,0.17374,0.17395,14333183.0
2025-11-03 06:00:00+00:00,0.17395,0.17447,0.17271,0.1733,27777113.0
2025-11-03 06:15:00+00:00,0.1733,0.17417,0.17312,0.1737,8225877.0
2025-11-03 06:30:00+00:00,0.1737,0.17418,0.17306,0.17317,15450967.0
2025-11-03 06:45:00+00:00,0.17316,0.17349,0.17111,0.17317,57096899.0
2025-11-03 07:00:00+00:00,0.17316,0.17323,0.17236,0.17314,18315042.0
2025-11-03 07:15:00+00:00,0.17313,0.17432,0.17296,0.17377,11993899.0
2025-11-03 07:30:00+00:00,0.17376,0.17453,0.17344,0.17344,12632557.0
2025-11-03 07:45:00+00:00,0.17344,0.17399,0.17337,0.17355,13755585.0
2025-11-03 08:00:00+00:00,0.17354,0.174,0.17329,0.17376,8412118.0
2025-11-03 08:15:00+00:00,0.17377,0.17384,0.173,0.17315,8762197.0
2025-11-03 08:30:00+00:00,0.17314,0.17336,0.17257,0.17311,6372560.0
2025-11-03 08:45:00+00:00,0.17311,0.17413,0.1724,0.17381,12501734.0
2025-11-03 09:00:00+00:00,0.1738,0.17534,0.17369,0.175,14592082.0
2025-11-03 09:15:00+00:00,0.175,0.175,0.17342,0.17372,8123809.0
2025-11-03 09:30:00+00:00,0.17373,0.17411,0.17323,0.17352,6938473.0
2025-11-03 09:45:00+00:00,0.17351,0.17367,0.17255,0.17272,9470835.0
2025-11-03 10:00:00+00:00,0.17272,0.1736,0.17269,0.17332,8821877.0
2025-11-03 10:15:00+00:00,0.17331,0.17363,0.17316,0.17352,11379034.0
2025-11-03 10:30:00+00:00,0.17352,0.17352,0.17228,0.17237,7267227.0
2025-11-03 10:45:00+00:00,0.17236,0.17296,0.1714,0.17205,21182690.0
2025-11-03 11:00:00+00:00,0.17206,0.17376,0.17204,0.17344,27724624.0
2025-11-03 11:15:00+00:00,0.17345,0.17461,0.17326,0.17383,16199579.0
2025-11-03 11:30:00+00:00,0.17383,0.17424,0.1736,0.17423,6570640.0
2025-11-03 11:45:00+00:00,0.17423,0.17492,0.17411,0.17424,9588156.0
2025-11-03 12:00:00+00:00,0.17423,0.1752,0.17407,0.17514,11380781.0
2025-11-03 12:15:00+00:00,0.17514,0.17564,0.17511,0.1754,14326516.0
2025-11-03 12:30:00+00:00,0.1754,0.17544,0.17456,0.17462,7258705.0
2025-11-03 12:45:00+00:00,0.17462,0.17493,0.17402,0.17431,11054635.0
2025-11-03 13:00:00+00:00,0.17431,0.17441,0.17386,0.17419,6655905.0
2025-11-03 13:15:00+00:00,0.17419,0.17419,0.17358,0.17406,13178934.0
2025-11-03 13:30:00+00:00,0.17407,0.17517,0.17406,0.17476,8879994.0
2025-11-03 13:45:00+00:00,0.17477,0.175,0.17406,0.17441,9710534.0
2025-11-03 14:00:00+00:00,0.17442,0.17581,0.17442,0.17478,19140460.0
2025-11-03 14:15:00+00:00,0.17479,0.17517,0.17427,0.17461,8388832.0
2025-11-03 14:30:00+00:00,0.17461,0.17484,0.17372,0.17411,16644934.0
2025-11-03 14:45:00+00:00,0.17411,0.17519,0.17388,0.17519,10039551.0
2025-11-03 15:00:00+00:00,0.17519,0.17545,0.17359,0.17385,17284601.0
2025-11-03 15:15:00+00:00,0.17385,0.17385,0.1671,0.16805,173715292.0
2025-11-03 15:30:00+00:00,0.16804,0.1694,0.16017,0.16783,385392700.0
2025-11-03 15:45:00+00:00,0.16784,0.17011,0.16679,0.16701,133728216.0
2025-11-03 16:00:00+00:00,0.16702,0.16811,0.16553,0.16784,78238750.0
2025-11-03 16:15:00+00:00,0.16783,0.16936,0.16723,0.16806,44927739.0
2025-11-03 16:30:00+00:00,0.16806,0.16895,0.16771,0.16845,23196964.0
2025-11-03 16:45:00+00:00,0.16845,0.16922,0.16832,0.16881,23103919.0
2025-11-03 17:00:00+00:00,0.16881,0.16983,0.16851,0.16963,20190800.0
2025-11-03 17:15:00+00:00,0.16964,0.17158,0.16929,0.16973,25150248.0
2025-11-03 17:30:00+00:00,0.16972,0.17079,0.16965,0.17028,13145379.0
2025-11-03 17:45:00+00:00,0.17027,0.17159,0.17025,0.17136,16032002.0
2025-11-03 18:00:00+00:00,0.17137,0.1717,0.17048,0.17076,16411715.0
2025-11-03 18:15:00+00:00,0.17075,0.17089,0.16987,0.17002,7002001.0
2025-11-03 18:30:00+00:00,0.17002,0.17044,0.16961,0.16978,5168545.0
2025-11-03 18:45:00+00:00,0.16977,0.16977,0.16897,0.16926,8526445.0
2025-11-03 19:00:00+00:00,0.16925,0.16947,0.16848,0.169,10431422.0
2025-11-03 19:15:00+00:00,0.169,0.16968,0.16839,0.16856,9403383.0
2025-11-03 19:30:00+00:00,0.16855,0.16912,0.16841,0.16907,7939256.0
2025-11-03 19:45:00+00:00,0.16907,0.16938,0.16795,0.1681,10105980.0
2025-11-03 20:00:00+00:00,0.1681,0.16845,0.16727,0.16746,13695193.0
2025-11-03 20:15:00+00:00,0.16746,0.16768,0.16678,0.16735,13355490.0
2025-11-03 20:30:00+00:00,0.16734,0.16795,0.16642,0.16673,11294626.0
2025-11-03 20:45:00+00:00,0.16673,0.16687,0.16527,0.16608,21517452.0
2025-11-03 21:00:00+00:00,0.16607,0.1679,0.16604,0.16644,14957487.0
2025-11-03 21:15:00+00:00,0.16644,0.16662,0.16444,0.16568,57102252.0
2025-11-03 21:30:00+00:00,0.16569,0.16723,0.16546,0.16717,10021425.0
2025-11-03 21:45:00+00:00,0.16717,0.16781,0.16705,0.16772,7807267.0
2025-11-03 22:00:00+00:00,0.16772,0.16784,0.16616,0.16656,9782613.0
2025-11-03 22:15:00+00:00,0.16655,0.16693,0.16545,0.16546,15637420.0
2025-11-03 22:30:00+00:00,0.16545,0.166,0.16458,0.1656,19941791.0
2025-11-03 22:45:00+00:00,0.16561,0.16669,0.16561,0.1658,6973813.0
2025-11-03 23:00:00+00:00,0.16581,0.16581,0.16433,0.16527,10239134.0
2025-11-03 23:15:00+00:00,0.16527,0.16652,0.16517,0.16641,7675961.0
2025-11-03 23:30:00+00:00,0.16641,0.16736,0.1662,0.16726,5936977.0
2025-11-03 23:45:00+00:00,0.16726,0.16745,0.16683,0.16741,7944549.0
2025-11-04 00:00:00+00:00,0.16741,0.16748,0.16668,0.16698,9554864.0
2025-11-04 00:15:00+00:00,0.16697,0.16746,0.16561,0.16563,15338508.0
2025-11-04 00:30:00+00:00,0.16564,0.16953,0.16564,0.16934,28512232.0
2025-11-04 00:45:00+00:00,0.16934,0.16934,0.16814,0.16868,10383207.0
2025-11-04 01:00:00+00:00,0.16869,0.16892,0.16796,0.16857,9117410.0
2025-11-04 01:15:00+00:00,0.16857,0.17004,0.16825,0.16943,27649260.0
2025-11-04 01:30:00+00:00,0.16944,0.17033,0.16929,0.16983,15244355.0
2025-11-04 01:45:00+00:00,0.16982,0.17032,0.16921,0.17003,9253515.0
2025-11-04 02:00:00+00:00,0.17003,0.17029,0.16966,0.17008,5904713.0
2025-11-04 02:15:00+00:00,0.17008,0.17045,0.16976,0.16982,5341366.0
2025-11-04 02:30:00+00:00,0.16981,0.16986,0.16909,0.16939,15854558.0
2025-11-04 02:45:00+00:00,0.16938,0.1696,0.16901,0.16937,6357232.0
2025-11-04 03:00:00+00:00,0.16938,0.17015,0.168,0.17001,69151604.0
2025-11-04 03:15:00+00:00,0.17001,0.17043,0.16975,0.17029,18638597.0
2025-11-04 03:30:00+00:00,0.17029,0.17095,0.16991,0.1705,10285061.0
2025-11-04 03:45:00+00:00,0.17049,0.17065,0.17013,0.17041,5832726.0
2025-11-04 04:00:00+00:00,0.17041,0.17108,0.17027,0.171,18064948.0
2025-11-04 04:15:00+00:00,0.17101,0.17101,0.17014,0.17062,19433886.0
2025-11-04 04:30:00+00:00,0.17063,0.1711,0.17004,0.17021,16896997.0
2025-11-04 04:45:00+00:00,0.1702,0.17032,0.16947,0.16951,11380477.0
2025-11-04 05:00:00+00:00,0.16951,0.16983,0.16906,0.16922,13655154.0
2025-11-04 05:15:00+00:00,0.16922,0.16929,0.16581,0.16599,73139761.0
2025-11-04 05:30:00+00:00,0.16599,0.16604,0.16342,0.16359,67810619.0
2025-11-04 05:45:00+00:00,0.16359,0.16392,0.16073,0.16109,108566020.0
2025-11-04 06:00:00+00:00,0.16109,0.16463,0.16086,0.16454,54054398.0
2025-11-04 06:15:00+00:00,0.16454,0.16735,0.16453,0.1657,68316931.0
2025-11-04 06:30:00+00:00,0.16569,0.16604,0.16432,0.16438,22202631.0
2025-11-04 06:45:00+00:00,0.16438,0.16536,0.16401,0.16444,17921671.0
2025-11-04 07:00:00+00:00,0.16444,0.16468,0.16302,0.1633,22246586.0
2025-11-04 07:15:00+00:00,0.1633,0.16406,0.16119,0.16155,49929533.0
2025-11-04 07:30:00+00:00,0.16156,0.1632,0.16127,0.16169,34756929.0
2025-11-04 07:45:00+00:00,0.16169,0.16228,0.16062,0.162,23298121.0
2025-11-04 08:00:00+00:00,0.16201,0.16243,0.16119,0.16154,20147654.0
2025-11-04 08:15:00+00:00,0.16153,0.16396,0.16091,0.16348,25328874.0
2025-11-04 08:30:00+00:00,0.16347,0.16586,0.16339,0.16499,29449247.0
2025-11-04 08:45:00+00:00,0.16498,0.16508,0.16387,0.1645,12451691.0
2025-11-04 09:00:00+00:00,0.1645,0.16484,0.16364,0.16411,15923356.0
2025-11-04 09:15:00+00:00,0.16412,0.1654,0.16373,0.16492,18884742.0
2025-11-04 09:30:00+00:00,0.16493,0.16559,0.16427,0.16516,10529578.0
2025-11-04 09:45:00+00:00,0.16516,0.16545,0.1645,0.16534,12291578.0
2025-11-04 10:00:00+00:00,0.16534,0.16603,0.16512,0.16547,14253897.0
2025-11-04 10:15:00+00:00,0.16547,0.16595,0.16505,0.16523,13832139.0
2025-11-04 10:30:00+00:00,0.16522,0.16585,0.16464,0.16529,17194674.0
2025-11-04 10:45:00+00:00,0.16529,0.16561,0.16469,0.16535,13616104.0
2025-11-04 11:00:00+00:00,0.16536,0.1667,0.16512,0.16639,16588877.0
2025-11-04 11:15:00+00:00,0.16638,0.16702,0.16585,0.16585,9378488.0
2025-11-04 11:30:00+00:00,0.16586,0.16616,0.16549,0.16597,7713456.0
2025-11-04 11:45:00+00:00,0.16597,0.16645,0.16545,0.16612,13556451.0
2025-11-04 12:00:00+00:00,0.16613,0.16632,0.16522,0.16539,8085206.0
2025-11-04 12:15:00+00:00,0.16539,0.1655,0.16487,0.16521,9018938.0
2025-11-04 12:30:00+00:00,0.16521,0.16522,0.16383,0.16399,13110176.0
2025-11-04 12:45:00+00:00,0.16398,0.1643,0.16365,0.1641,6021421.0
2025-11-04 13:00:00+00:00,0.16409,0.16464,0.1627,0.1635,23136013.0
2025-11-04 13:15:00+00:00,0.1635,0.16368,0.162,0.16219,14220032.0
2025-11-04 13:30:00+00:00,0.16219,0.16404,0.16208,0.16333,12700954.0
2025-11-04 13:45:00+00:00,0.16333,0.16333,0.16253,0.16286,12122877.0
2025-11-04 14:00:00+00:00,0.16286,0.16286,0.16117,0.16153,25949816.0
2025-11-04 14:15:00+00:00,0.16153,0.16213,0.16124,0.16192,18274590.0
2025-11-04 14:30:00+00:00,0.16191,0.16547,0.1608,0.16547,99474443.0
2025-11-04 14:45:00+00:00,0.16547,0.1678,0.1649,0.16692,71009507.0
2025-11-04 15:00:00+00:00,0.16693,0.16813,0.16582,0.16583,49291901.0
2025-11-04 15:15:00+00:00,0.16583,0.16853,0.16582,0.16699,26127154.0
2025-11-04 15:30:00+00:00,0.16698,0.16707,0.16598,0.16625,13332785.0
2025-11-04 15:45:00+00:00,0.16625,0.16625,0.16326,0.16397,27714520.0
2025-11-04 16:00:00+00:00,0.16398,0.16517,0.16375,0.16419,15616913.0
2025-11-04 16:15:00+00:00,0.1642,0.16442,0.1613,0.16303,42950307.0
2025-11-04 16:30:00+00:00,0.16302,0.16356,0.16105,0.16121,43639089.0
2025-11-04 16:45:00+00:00,0.16121,0.16153,0.15985,0.16016,65581127.0
2025-11-04 17:00:00+00:00,0.16016,0.16022,0.1564,0.15722,93273620.0
2025-11-04 17:15:00+00:00,0.15723,0.15983,0.1562,0.15885,66083763.0
2025-11-04 17:30:00+00:00,0.15885,0.16128,0.15882,0.15964,40856376.0
2025-11-04 17:45:00+00:00,0.15965,0.16012,0.15885,0.15924,19391242.0
2025-11-04 18:00:00+00:00,0.15923,0.15932,0.15719,0.15775,34786324.0
2025-11-04 18:15:00+00:00,0.15776,0.15786,0.15621,0.15673,38811006.0
2025-11-04 18:30:00+00:00,0.15673,0.15911,0.15419,0.15911,118943605.0
2025-11-04 18:45:00+00:00,0.1591,0.16035,0.1567,0.15983,63001586.0
2025-11-04 19:00:00+00:00,0.15983,0.16086,0.15903,0.15985,30959329.0
2025-11-04 19:15:00+00:00,0.15986,0.16152,0.15941,0.15973,35571069.0
2025-11-04 19:30:00+00:00,0.15972,0.16008,0.15819,0.15864,19504637.0
2025-11-04 19:45:00+00:00,0.15864,0.15866,0.15767,0.15797,12283335.0
2025-11-04 20:00:00+00:00,0.15797,0.15839,0.15601,0.15636,34728309.0
2025-11-04 20:15:00+00:00,0.15636,0.15721,0.15159,0.15687,234023037.0
2025-11-04 20:30:00+00:00,0.15687,0.16069,0.15608,0.15992,64393257.0
2025-11-04 20:45:00+00:00,0.15993,0.16061,0.15826,0.15889,43678349.0
2025-11-04 21:00:00+00:00,0.15889,0.15972,0.15751,0.15764,29350103.0
2025-11-04 21:15:00+00:00,0.15764,0.158,0.15596,0.15654,34191448.0
2025-11-04 21:30:00+00:00,0.15654,0.15661,0.15159,0.15292,138673941.0
2025-11-04 21:45:00+00:00,0.15293,0.15923,0.15289,0.15909,148332794.0
2025-11-04 22:00:00+00:00,0.1591,0.16231,0.15835,0.16166,70630750.0
2025-11-04 22:15:00+00:00,0.16167,0.16297,0.16143,0.16297,26652873.0
2025-11-04 22:30:00+00:00,0.16297,0.16436,0.16283,0.16313,30237621.0
2025-11-04 22:45:00+00:00,0.16314,0.16401,0.1623,0.16344,15421824.0
2025-11-04 23:00:00+00:00,0.16344,0.16427,0.16294,0.1635,29510380.0
2025-11-04 23:15:00+00:00,0.16349,0.16362,0.16242,0.16257,11292748.0
2025-11-04 23:30:00+00:00,0.16257,0.16289,0.16216,0.16277,10481465.0
2025-11-04 23:45:00+00:00,0.16278,0.16322,0.16223,0.16223,11869050.0
2025-11-05 00:00:00+00:00,0.16224,0.16288,0.16144,0.16178,11954387.0
2025-11-05 00:15:00+00:00,0.16179,0.16344,0.1615,0.16168,18768017.0
2025-11-05 00:30:00+00:00,0.16169,0.1618,0.16016,0.16021,23733610.0
2025-11-05 00:45:00+00:00,0.1602,0.16132,0.1602,0.16087,10731262.0
2025-11-05 01:00:00+00:00,0.16088,0.16103,0.15911,0.16011,19896416.0
2025-11-05 01:15:00+00:00,0.1601,0.16015,0.15573,0.15596,44034226.0
2025-11-05 01:30:00+00:00,0.15595,0.15755,0.15456,0.1553,60773142.0
2025-11-05 01:45:00+00:00,0.1553,0.16043,0.15501,0.15973,45308650.0
2025-11-05 02:00:00+00:00,0.15973,0.16249,0.15973,0.16183,36809344.0
2025-11-05 02:15:00+00:00,0.16183,0.1632,0.16123,0.16198,31388474.0
2025-11-05 02:30:00+00:00,0.16198,0.16335,0.16179,0.16333,26387761.0
2025-11-05 02:45:00+00:00,0.16334,0.16467,0.16248,0.16431,43472792.0
2025-11-05 03:00:00+00:00,0.16431,0.16498,0.16363,0.16375,14711483.0
2025-11-05 03:15:00+00:00,0.16374,0.16462,0.16313,0.16449,15934700.0
2025-11-05 03:30:00+00:00,0.16448,0.16481,0.16405,0.16446,14511370.0
2025-11-05 03:45:00+00:00,0.16447,0.16486,0.16415,0.16445,17522153.0
2025-11-05 04:00:00+00:00,0.16444,0.16519,0.16398,0.16405,12491478.0
2025-11-05 04:15:00+00:00,0.16405,0.16428,0.16367,0.16376,5707317.0
2025-11-05 04:30:00+00:00,0.16377,0.16538,0.16363,0.16515,21671128.0
2025-11-05 04:45:00+00:00,0.16515,0.16527,0.16424,0.16476,12701469.0
2025-11-05 05:00:00+00:00,0.16476,0.16619,0.16475,0.16584,25162712.0
2025-11-05 05:15:00+00:00,0.16584,0.16599,0.1649,0.165,7705655.0
2025-11-05 05:30:00+00:00,0.165,0.1656,0.1649,0.16512,7965419.0
2025-11-05 05:45:00+00:00,0.16512,0.16512,0.1646,0.16498,5944475.0
2025-11-05 06:00:00+00:00,0.16498,0.16503,0.16422,0.16452,8004505.0
2025-11-05 06:15:00+00:00,0.16453,0.16537,0.1643,0.16467,11256972.0
2025-11-05 06:30:00+00:00,0.16467,0.16534,0.16443,0.16461,5861241.0
2025-11-05 06:45:00+00:00,0.16461,0.16548,0.16442,0.16537,5183117.0
2025-11-05 07:00:00+00:00,0.16537,0.16549,0.16446,0.16489,6314513.0
2025-11-05 07:15:00+00:00,0.16488,0.16499,0.16403,0.16451,5549143.0
2025-11-05 07:30:00+00:00,0.1645,0.16518,0.1644,0.16517,3937024.0
2025-11-05 07:45:00+00:00,0.16517,0.16537,0.1649,0.16493,5666087.0
2025-11-05 08:00:00+00:00,0.16492,0.16492,0.16394,0.16413,9556794.0
2025-11-05 08:15:00+00:00,0.16414,0.16419,0.16219,0.16285,19233797.0
2025-11-05 08:30:00+00:00,0.16285,0.16393,0.1626,0.16302,10037089.0
2025-11-05 08:45:00+00:00,0.16302,0.16322,0.16189,0.16285,41200154.0
2025-11-05 09:00:00+00:00,0.16284,0.1642,0.16251,0.16338,16167614.0
2025-11-05 09:15:00+00:00,0.16337,0.16395,0.16288,0.16385,7375855.0
2025-11-05 09:30:00+00:00,0.16385,0.16393,0.16314,0.16377,7848493.0
2025-11-05 09:45:00+00:00,0.16376,0.16405,0.16345,0.16389,3960884.0
2025-11-05 10:00:00+00:00,0.16389,0.16392,0.16273,0.16299,9219100.0
2025-11-05 10:15:00+00:00,0.16299,0.16341,0.16267,0.1633,6292165.0
2025-11-05 10:30:00+00:00,0.1633,0.16353,0.16238,0.16265,5033720.0
2025-11-05 10:45:00+00:00,0.16265,0.16271,0.161,0.16145,35717047.0
2025-11-05 11:00:00+00:00,0.16146,0.16275,0.16138,0.16242,7474554.0
2025-11-05 11:15:00+00:00,0.16241,0.16364,0.1624,0.16305,12603578.0
2025-11-05 11:30:00+00:00,0.16305,0.16375,0.16297,0.16345,5854916.0
2025-11-05 11:45:00+00:00,0.16346,0.16408,0.16332,0.16387,11275524.0
2025-11-05 12:00:00+00:00,0.16388,0.16391,0.16304,0.16314,6449208.0
2025-11-05 12:15:00+00:00,0.16313,0.16514,0.163,0.16472,19024903.0
2025-11-05 12:30:00+00:00,0.16471,0.1648,0.16398,0.16474,12735992.0
2025-11-05 12:45:00+00:00,0.16473,0.16475,0.16371,0.16428,13913184.0
2025-11-05 13:00:00+00:00,0.16427,0.16472,0.16376,0.16385,8402641.0
2025-11-05 13:15:00+00:00,0.16385,0.16446,0.16353,0.16438,9421947.0
2025-11-05 13:30:00+00:00,0.16437,0.16564,0.16417,0.16506,12326159.0
2025-11-05 13:45:00+00:00,0.16507,0.16617,0.16497,0.16554,19146405.0
2025-11-05 14:00:00+00:00,0.16553,0.16612,0.16529,0.16538,11211002.0
2025-11-05 14:15:00+00:00,0.16538,0.1654,0.16438,0.16464,23096591.0
2025-11-05 14:30:00+00:00,0.16463,0.16537,0.16342,0.16509,35443560.0
2025-11-05 14:45:00+00:00,0.16511,0.16709,0.16455,0.16581,89096919.0
2025-11-05 15:00:00+00:00,0.16582,0.16691,0.16523,0.16604,23596490.0
2025-11-05 15:15:00+00:00,0.16604,0.16653,0.16554,0.1661,12309861.0
2025-11-05 15:30:00+00:00,0.1661,0.16713,0.16593,0.16649,21156940.0
2025-11-05 15:45:00+00:00,0.1665,0.16736,0.1662,0.16733,15755333.0
2025-11-05 16:00:00+00:00,0.16734,0.16782,0.16619,0.16623,23080167.0
2025-11-05 16:15:00+00:00,0.16624,0.16658,0.16573,0.16652,10211396.0
2025-11-05 16:30:00+00:00,0.16651,0.16763,0.1664,0.16678,20305837.0
2025-11-05 16:45:00+00:00,0.16678,0.16792,0.16678,0.16747,24185778.0
2025-11-05 17:00:00+00:00,0.16747,0.16747,0.16676,0.16684,19803638.0
2025-11-05 17:15:00+00:00,0.16685,0.168,0.16679,0.1677,18882745.0
2025-11-05 17:30:00+00:00,0.1677,0.16828,0.16734,0.16755,18529300.0
2025-11-05 17:45:00+00:00,0.16756,0.16758,0.16696,0.16737,12236004.0
2025-11-05 18:00:00+00:00,0.16736,0.16742,0.16668,0.16688,5344599.0
2025-11-05 18:15:00+00:00,0.16688,0.16761,0.16681,0.16761,8905801.0
2025-11-05 18:30:00+00:00,0.1676,0.1684,0.16735,0.16799,9592570.0
2025-11-05 18:45:00+00:00,0.16799,0.16886,0.16784,0.16811,12072251.0
2025-11-05 19:00:00+00:00,0.1681,0.16824,0.16732,0.16763,7808541.0
2025-11-05 19:15:00+00:00,0.16763,0.16826,0.16751,0.16772,5943604.0
2025-11-05 19:30:00+00:00,0.16772,0.1684,0.16767,0.16811,8158278.0
2025-11-05 19:45:00+00:00,0.16812,0.16816,0.16707,0.16728,15677486.0
2025-11-05 20:00:00+00:00,0.16728,0.16826,0.16719,0.16808,9065266.0
2025-11-05 20:15:00+00:00,0.16809,0.16815,0.16715,0.16718,6792750.0
2025-11-05 20:30:00+00:00,0.16717,0.16761,0.16682,0.16734,9785396.0
2025-11-05 20:45:00+00:00,0.16733,0.1678,0.167,0.16748,8783469.0
2025-11-05 21:00:00+00:00,0.16747,0.16747,0.16625,0.16661,8232523.0
2025-11-05 21:15:00+00:00,0.16661,0.16702,0.16617,0.16651,7554659.0
2025-11-05 21:30:00+00:00,0.16651,0.16673,0.16604,0.16645,5243575.0
2025-11-05 21:45:00+00:00,0.16645,0.16723,0.16644,0.16702,5059603.0
2025-11-05 22:00:00+00:00,0.16701,0.16716,0.16633,0.16684,6445407.0
2025-11-05 22:15:00+00:00,0.16685,0.16748,0.16682,0.16729,3854666.0
2025-11-05 22:30:00+00:00,0.16728,0.16795,0.16711,0.1677,5019579.0
2025-11-05 22:45:00+00:00,0.1677,0.16811,0.16746,0.16804,2916859.0
2025-11-05 23:00:00+00:00,0.16804,0.16831,0.1674,0.16761,7614531.0
2025-11-05 23:15:00+00:00,0.16762,0.16802,0.16747,0.1678,4993373.0
2025-11-05 23:30:00+00:00,0.16779,0.16791,0.16749,0.16779,4424844.0
2025-11-05 23:45:00+00:00,0.16779,0.16779,0.16711,0.16719,5126596.0
2025-11-06 00:00:00+00:00,0.16718,0.16718,0.16623,0.16686,12473787.0
2025-11-06 00:15:00+00:00,0.16685,0.16712,0.16612,0.16652,5562698.0
2025-11-06 00:30:00+00:00,0.16651,0.16666,0.16601,0.16633,9666357.0
2025-11-06 00:45:00+00:00,0.16634,0.16711,0.16601,0.16691,6517222.0
2025-11-06 01:00:00+00:00,0.1669,0.1669,0.16534,0.1657,8654142.0
2025-11-06 01:15:00+00:00,0.1657,0.16596,0.16434,0.16455,13238125.0
2025-11-06 01:30:00+00:00,0.16456,0.16589,0.16456,0.16556,10893849.0
2025-11-06 01:45:00+00:00,0.16555,0.16638,0.16548,0.16626,12299909.0
2025-11-06 02:00:00+00:00,0.16625,0.16636,0.16494,0.16502,9000242.0
2025-11-06 02:15:00+00:00,0.16503,0.16612,0.16503,0.16559,5396217.0
2025-11-06 02:30:00+00:00,0.16559,0.16722,0.16544,0.16695,9470302.0
2025-11-06 02:45:00+00:00,0.16695,0.1678,0.16691,0.16694,9886162.0
2025-11-06 03:00:00+00:00,0.16695,0.16726,0.16666,0.16687,6669540.0
2025-11-06 03:15:00+00:00,0.16688,0.16758,0.16677,0.16685,5928877.0
2025-11-06 03:30:00+00:00,0.16685,0.16734,0.16683,0.16719,9026863.0
2025-11-06 03:45:00+00:00,0.1672,0.16743,0.16702,0.16706,3467481.0
2025-11-06 04:00:00+00:00,0.16707,0.16727,0.16663,0.16714,9899231.0
2025-11-06 04:15:00+00:00,0.16713,0.16741,0.16653,0.16653,4535338.0
2025-11-06 04:30:00+00:00,0.16653,0.16673,0.16629,0.16668,4397944.0
2025-11-06 04:45:00+00:00,0.16667,0.16738,0.16663,0.16675,5859246.0
2025-11-06 05:00:00+00:00,0.16675,0.16685,0.16519,0.16529,6820368.0
2025-11-06 05:15:00+00:00,0.16528,0.16528,0.16463,0.16477,10322614.0
2025-11-06 05:30:00+00:00,0.16477,0.1649,0.16395,0.16417,21572130.0
2025-11-06 05:45:00+00:00,0.16417,0.16421,0.16319,0.16378,32779361.0
2025-11-06 06:00:00+00:00,0.16378,0.16426,0.16349,0.16404,9786979.0
2025-11-06 06:15:00+00:00,0.16404,0.16445,0.16393,0.16421,6906817.0
2025-11-06 06:30:00+00:00,0.16422,0.16448,0.16359,0.16389,6414347.0
2025-11-06 06:45:00+00:00,0.1639,0.16395,0.16325,0.16333,7272785.0
2025-11-06 07:00:00+00:00,0.16334,0.16409,0.1633,0.16372,6838917.0
2025-11-06 07:15:00+00:00,0.16372,0.16447,0.16275,0.16414,14337955.0
2025-11-06 07:30:00+00:00,0.16414,0.16414,0.16289,0.16311,34145045.0
2025-11-06 07:45:00+00:00,0.1631,0.16354,0.16295,0.16323,5014804.0
2025-11-06 08:00:00+00:00,0.16323,0.16375,0.16303,0.1635,7871863.0
2025-11-06 08:15:00+00:00,0.1635,0.16413,0.16344,0.16394,5799993.0
2025-11-06 08:30:00+00:00,0.16394,0.16402,0.16335,0.16335,3049356.0
2025-11-06 08:45:00+00:00,0.16335,0.16356,0.16283,0.16351,5899670.0
2025-11-06 09:00:00+00:00,0.16351,0.1638,0.16262,0.16379,7938152.0
2025-11-06 09:15:00+00:00,0.16379,0.16395,0.16315,0.16316,6150818.0
2025-11-06 09:30:00+00:00,0.16315,0.16365,0.16315,0.16337,5082546.0
2025-11-06 09:45:00+00:00,0.16338,0.16345,0.16281,0.16285,7588977.0
2025-11-06 10:00:00+00:00,0.16285,0.16304,0.16216,0.16271,12006649.0
2025-11-06 10:15:00+00:00,0.16272,0.16372,0.16258,0.16337,5277441.0
2025-11-06 10:30:00+00:00,0.16336,0.1641,0.16308,0.16323,8475595.0
2025-11-06 10:45:00+00:00,0.16324,0.16362,0.16294,0.16333,3435166.0
2025-11-06 11:00:00+00:00,0.16334,0.16334,0.16236,0.16251,7783643.0
2025-11-06 11:15:00+00:00,0.16251,0.16322,0.16234,0.16315,3978402.0
2025-11-06 11:30:00+00:00,0.16314,0.16336,0.16268,0.16305,3440519.0
2025-11-06 11:45:00+00:00,0.16305,0.16333,0.16273,0.16304,4506457.0
2025-11-06 12:00:00+00:00,0.16304,0.16322,0.16257,0.16281,3452196.0
2025-11-06 12:15:00+00:00,0.1628,0.16283,0.16184,0.162,6797773.0
2025-11-06 12:30:00+00:00,0.162,0.16228,0.16105,0.16115,15504699.0
2025-11-06 12:45:00+00:00,0.16115,0.16155,0.16098,0.16129,11233411.0
2025-11-06 13:00:00+00:00,0.16128,0.16212,0.16124,0.16203,5080726.0
2025-11-06 13:15:00+00:00,0.16203,0.1638,0.16202,0.1635,36024583.0
2025-11-06 13:30:00+00:00,0.16349,0.16371,0.16291,0.16338,6104767.0
2025-11-06 13:45:00+00:00,0.16337,0.16384,0.163,0.16309,5666530.0
2025-11-06 14:00:00+00:00,0.16309,0.1635,0.1616,0.16224,8676501.0
2025-11-06 14:15:00+00:00,0.16224,0.16251,0.16147,0.16172,7616988.0
2025-11-06 14:30:00+00:00,0.16173,0.1618,0.16027,0.16084,20661465.0
2025-11-06 14:45:00+00:00,0.16084,0.16177,0.16038,0.16067,18821767.0
2025-11-06 15:00:00+00:00,0.16067,0.1614,0.16027,0.16084,22068856.0
2025-11-06 15:15:00+00:00,0.16083,0.16234,0.16054,0.16096,13965755.0
2025-11-06 15:30:00+00:00,0.16096,0.16103,0.15881,0.15891,38920616.0
2025-11-06 15:45:00+00:00,0.15891,0.15966,0.15853,0.15915,35822301.0
2025-11-06 16:00:00+00:00,0.15915,0.16004,0.15892,0.15906,19459316.0
2025-11-06 16:15:00+00:00,0.15906,0.15945,0.15876,0.15942,11406280.0
2025-11-06 16:30:00+00:00,0.15941,0.15942,0.15693,0.15788,23215069.0
2025-11-06 16:45:00+00:00,0.15788,0.15929,0.1576,0.15867,18533096.0
2025-11-06 17:00:00+00:00,0.15866,0.15983,0.15848,0.15875,13960782.0
2025-11-06 17:15:00+00:00,0.15875,0.15969,0.1583,0.15958,10572511.0
2025-11-06 17:30:00+00:00,0.15958,0.16004,0.15909,0.15945,8416302.0
2025-11-06 17:45:00+00:00,0.15945,0.16069,0.15945,0.16036,19609585.0
2025-11-06 18:00:00+00:00,0.16035,0.16054,0.1593,0.15959,9321402.0
2025-11-06 18:15:00+00:00,0.15958,0.15969,0.15869,0.15941,8549708.0
2025-11-06 18:30:00+00:00,0.15941,0.16167,0.15936,0.1614,20773142.0
2025-11-06 18:45:00+00:00,0.1614,0.16212,0.16097,0.16104,13009953.0
2025-11-06 19:00:00+00:00,0.16104,0.16137,0.16052,0.16109,6503203.0
2025-11-06 19:15:00+00:00,0.1611,0.16141,0.16053,0.16087,4348150.0
2025-11-06 19:30:00+00:00,0.16088,0.16097,0.15975,0.16028,17068716.0
2025-11-06 19:45:00+00:00,0.16027,0.16103,0.15976,0.16076,5446478.0
2025-11-06 20:00:00+00:00,0.16077,0.16151,0.16063,0.16069,5961531.0
2025-11-06 20:15:00+00:00,0.1607,0.16157,0.1606,0.16068,5217986.0
2025-11-06 20:30:00+00:00,0.16068,0.16084,0.15959,0.15979,6943882.0
2025-11-06 20:45:00+00:00,0.1598,0.16068,0.15954,0.16047,8610324.0
2025-11-06 21:00:00+00:00,0.16047,0.16111,0.1601,0.16086,6186260.0
2025-11-06 21:15:00+00:00,0.16085,0.1616,0.16057,0.16148,4798354.0
2025-11-06 21:30:00+00:00,0.16149,0.16255,0.16149,0.16234,7111631.0
2025-11-06 21:45:00+00:00,0.16233,0.16291,0.1618,0.16238,6071949.0
2025-11-06 22:00:00+00:00,0.16237,0.16274,0.1622,0.1622,4068866.0
2025-11-06 22:15:00+00:00,0.16219,0.16272,0.16165,0.16166,5079213.0
2025-11-06 22:30:00+00:00,0.16166,0.162,0.16081,0.16124,6286680.0
2025-11-06 22:45:00+00:00,0.16125,0.16222,0.16078,0.16195,3072036.0
2025-11-06 23:00:00+00:00,0.16195,0.16195,0.16079,0.16118,8470114.0
2025-11-06 23:15:00+00:00,0.16119,0.16131,0.16024,0.16109,11279832.0
2025-11-06 23:30:00+00:00,0.16109,0.16118,0.16043,0.161,8624870.0
2025-11-06 23:45:00+00:00,0.16101,0.16168,0.16101,0.16164,3282102.0
2025-11-07 00:00:00+00:00,0.16164,0.16262,0.16151,0.16237,10514686.0
2025-11-07 00:15:00+00:00,0.16237,0.16271,0.16131,0.16159,16234616.0
2025-11-07 00:30:00+00:00,0.16158,0.16302,0.16143,0.163,10161502.0
2025-11-07 00:45:00+00:00,0.16301,0.16332,0.16264,0.16303,7826853.0
2025-11-07 01:00:00+00:00,0.16303,0.1632,0.1616,0.16238,14502507.0
2025-11-07 01:15:00+00:00,0.16238,0.16345,0.16218,0.16305,8762403.0
2025-11-07 01:30:00+00:00,0.16304,0.16313,0.16095,0.16179,12717503.0
2025-11-07 01:45:00+00:00,0.16178,0.16325,0.16119,0.16323,10931561.0
2025-11-07 02:00:00+00:00,0.16323,0.16346,0.1627,0.16275,9889320.0
2025-11-07 02:15:00+00:00,0.16275,0.16325,0.1621,0.16234,6998786.0
2025-11-07 02:30:00+00:00,0.16234,0.16358,0.16234,0.1634,6380112.0
2025-11-07 02:45:00+00:00,0.1634,0.16423,0.16315,0.16413,25723246.0
2025-11-07 03:00:00+00:00,0.16414,0.16509,0.16403,0.16478,10650629.0
2025-11-07 03:15:00+00:00,0.16477,0.16504,0.16443,0.16485,6368353.0
2025-11-07 03:30:00+00:00,0.16484,0.16487,0.16439,0.16448,5911501.0
2025-11-07 03:45:00+00:00,0.16449,0.16453,0.16405,0.16436,8009952.0
2025-11-07 04:00:00+00:00,0.16435,0.16473,0.16366,0.16366,10374147.0
2025-11-07 04:15:00+00:00,0.16366,0.16463,0.16366,0.1644,6197067.0
2025-11-07 04:30:00+00:00,0.1644,0.1644,0.1637,0.16397,7479474.0
2025-11-07 04:45:00+00:00,0.16397,0.1647,0.16383,0.16461,5779039.0
2025-11-07 05:00:00+00:00,0.16461,0.166,0.16451,0.1659,16016847.0
2025-11-07 05:15:00+00:00,0.1659,0.16608,0.16552,0.16594,5881413.0
2025-11-07 05:30:00+00:00,0.16593,0.16649,0.1659,0.1661,12623138.0
2025-11-07 05:45:00+00:00,0.16609,0.16638,0.16569,0.16624,8631996.0
2025-11-07 06:00:00+00:00,0.16623,0.16642,0.16591,0.16591,12318297.0
2025-11-07 06:15:00+00:00,0.1659,0.16618,0.16584,0.16595,6252126.0
2025-11-07 06:30:00+00:00,0.16596,0.16602,0.16563,0.16589,13814870.0
2025-11-07 06:45:00+00:00,0.16589,0.16599,0.16557,0.16557,2805476.0
2025-11-07 07:00:00+00:00,0.16557,0.166,0.16557,0.16577,5105041.0
2025-11-07 07:15:00+00:00,0.16578,0.16636,0.16535,0.16581,7025419.0
2025-11-07 07:30:00+00:00,0.16581,0.16609,0.16537,0.16604,6884247.0
2025-11-07 07:45:00+00:00,0.16605,0.16725,0.16605,0.16701,13481223.0
2025-11-07 08:00:00+00:00,0.16701,0.1672,0.16688,0.1672,5734199.0
2025-11-07 08:15:00+00:00,0.16721,0.16735,0.1664,0.16672,6072096.0
2025-11-07 08:30:00+00:00,0.16673,0.1668,0.166,0.16621,8633398.0
2025-11-07 08:45:00+00:00,0.16621,0.16635,0.16605,0.1663,4798419.0
2025-11-07 09:00:00+00:00,0.16631,0.16632,0.16525,0.16581,8622508.0
2025-11-07 09:15:00+00:00,0.16581,0.16644,0.16461,0.16477,10048113.0
2025-11-07 09:30:00+00:00,0.16476,0.16525,0.16384,0.16433,14271837.0
2025-11-07 09:45:00+00:00,0.16434,0.16515,0.16425,0.16506,14701989.0
2025-11-07 10:00:00+00:00,0.16505,0.16589,0.16483,0.1651,9786562.0
2025-11-07 10:15:00+00:00,0.1651,0.16524,0.16434,0.16491,13192110.0
2025-11-07 10:30:00+00:00,0.1649,0.1653,0.16473,0.1652,10261236.0
2025-11-07 10:45:00+00:00,0.1652,0.16532,0.16376,0.16462,7659971.0
2025-11-07 11:00:00+00:00,0.16462,0.16479,0.16257,0.1627,13560956.0
2025-11-07 11:15:00+00:00,0.1627,0.16374,0.16215,0.16268,30595683.0
2025-11-07 11:30:00+00:00,0.16268,0.16339,0.16228,0.1631,11372965.0
2025-11-07 11:45:00+00:00,0.1631,0.16433,0.16277,0.16375,11409692.0
2025-11-07 12:00:00+00:00,0.16374,0.16428,0.16315,0.16323,12627748.0
2025-11-07 12:15:00+00:00,0.16324,0.16327,0.16172,0.16195,8659882.0
2025-11-07 12:30:00+00:00,0.16195,0.16195,0.16105,0.16132,22376992.0
2025-11-07 12:45:00+00:00,0.16131,0.16154,0.16034,0.16122,20193706.0
2025-11-07 13:00:00+00:00,0.16122,0.16236,0.1607,0.16197,14898476.0
2025-11-07 13:15:00+00:00,0.16197,0.16286,0.16128,0.16153,12360376.0
2025-11-07 13:30:00+00:00,0.16153,0.16183,0.16097,0.16143,10384772.0
2025-11-07 13:45:00+00:00,0.16143,0.16268,0.16136,0.16206,8737553.0
2025-11-07 14:00:00+00:00,0.16205,0.16299,0.16147,0.1625,13722412.0
2025-11-07 14:15:00+00:00,0.1625,0.16252,0.16174,0.16219,6174562.0
2025-11-07 14:30:00+00:00,0.16219,0.16363,0.1596,0.16363,38687916.0
2025-11-07 14:45:00+00:00,0.16362,0.16597,0.16278,0.16544,44491089.0
2025-11-07 15:00:00+00:00,0.16545,0.16725,0.16408,0.1668,53696120.0
2025-11-07 15:15:00+00:00,0.1668,0.16843,0.16594,0.16811,49083890.0
2025-11-07 15:30:00+00:00,0.1681,0.16852,0.16699,0.16751,27258501.0
2025-11-07 15:45:00+00:00,0.16751,0.17027,0.16738,0.16902,50145415.0
2025-11-07 16:00:00+00:00,0.16902,0.17004,0.16834,0.16877,28768534.0
2025-11-07 16:15:00+00:00,0.16878,0.17303,0.16864,0.17299,48057893.0
2025-11-07 16:30:00+00:00,0.17298,0.17432,0.17254,0.17422,51962871.0
2025-11-07 16:45:00+00:00,0.17422,0.17555,0.17325,0.17431,69213540.0
2025-11-07 17:00:00+00:00,0.17431,0.17669,0.17334,0.1761,56328292.0
2025-11-07 17:15:00+00:00,0.17609,0.1788,0.176,0.17825,64376976.0
2025-11-07 17:30:00+00:00,0.17824,0.17956,0.17781,0.17897,44126654.0
2025-11-07 17:45:00+00:00,0.17897,0.17978,0.17787,0.17964,24147524.0
2025-11-07 18:00:00+00:00,0.17965,0.18166,0.17948,0.18112,46055862.0
2025-11-07 18:15:00+00:00,0.18112,0.18163,0.17961,0.18105,30164022.0
2025-11-07 18:30:00+00:00,0.18104,0.18105,0.17997,0.18018,15143933.0
2025-11-07 18:45:00+00:00,0.18018,0.18036,0.17882,0.17933,28860984.0
2025-11-07 19:00:00+00:00,0.17932,0.1804,0.1782,0.18025,27882667.0
2025-11-07 19:15:00+00:00,0.18025,0.18058,0.17974,0.17977,14560748.0
2025-11-07 19:30:00+00:00,0.17978,0.18114,0.17951,0.18063,19659419.0
2025-11-07 19:45:00+00:00,0.18063,0.18091,0.17985,0.18062,11294701.0
2025-11-07 20:00:00+00:00,0.18062,0.1808,0.17959,0.18019,8029391.0
2025-11-07 20:15:00+00:00,0.1802,0.18029,0.179,0.17956,13614748.0
2025-11-07 20:30:00+00:00,0.17956,0.18035,0.17924,0.18003,9741401.0
2025-11-07 20:45:00+00:00,0.18003,0.18046,0.17971,0.18024,10343598.0
2025-11-07 21:00:00+00:00,0.18025,0.18099,0.17992,0.18089,11335406.0
2025-11-07 21:15:00+00:00,0.18089,0.1816,0.18054,0.18087,8352718.0
2025-11-07 21:30:00+00:00,0.18088,0.18132,0.18067,0.18096,5940985.0
2025-11-07 21:45:00+00:00,0.18095,0.18106,0.18029,0.18052,5699279.0
2025-11-07 22:00:00+00:00,0.18052,0.18066,0.17975,0.18005,8875158.0
2025-11-07 22:15:00+00:00,0.18006,0.18077,0.17959,0.18066,9338147.0
2025-11-07 22:30:00+00:00,0.18067,0.1807,0.1799,0.18011,6054644.0
2025-11-07 22:45:00+00:00,0.18011,0.18064,0.18005,0.18056,3703756.0
2025-11-07 23:00:00+00:00,0.18057,0.18063,0.179,0.17914,12353827.0
2025-11-07 23:15:00+00:00,0.17914,0.17956,0.17837,0.17845,9974702.0
2025-11-07 23:30:00+00:00,0.17845,0.17943,0.1784,0.179,8252067.0
2025-11-07 23:45:00+00:00,0.179,0.17965,0.1785,0.17877,13606720.0
2025-11-08 00:00:00+00:00,0.17877,0.18018,0.17845,0.18018,13167431.0
2025-11-08 00:15:00+00:00,0.18017,0.18049,0.17896,0.17921,18327005.0
2025-11-08 00:30:00+00:00,0.17922,0.17981,0.17761,0.17938,37567435.0
2025-11-08 00:45:00+00:00,0.17937,0.18034,0.17739,0.17759,20170520.0
2025-11-08 01:00:00+00:00,0.17758,0.17943,0.17731,0.17872,16860007.0
2025-11-08 01:15:00+00:00,0.17872,0.18027,0.17868,0.1798,17143471.0
2025-11-08 01:30:00+00:00,0.17981,0.181,0.17929,0.1805,14414882.0
2025-11-08 01:45:00+00:00,0.1805,0.18197,0.18033,0.18098,39984792.0
2025-11-08 02:00:00+00:00,0.18097,0.18226,0.18049,0.18101,17228049.0
2025-11-08 02:15:00+00:00,0.18101,0.18187,0.18079,0.18142,13050402.0
2025-11-08 02:30:00+00:00,0.18142,0.18297,0.18124,0.1824,27985089.0
2025-11-08 02:45:00+00:00,0.1824,0.18278,0.18111,0.18138,25685182.0
2025-11-08 03:00:00+00:00,0.18138,0.18276,0.18114,0.1822,27919948.0
2025-11-08 03:15:00+00:00,0.18219,0.18324,0.18219,0.18302,13241651.0
2025-11-08 03:30:00+00:00,0.18302,0.18332,0.18111,0.18155,20108500.0
2025-11-08 03:45:00+00:00,0.18156,0.18179,0.17974,0.17978,30916836.0
2025-11-08 04:00:00+00:00,0.17978,0.1808,0.17977,0.18053,11522784.0
2025-11-08 04:15:00+00:00,0.18054,0.1809,0.17984,0.17997,13490481.0
2025-11-08 04:30:00+00:00,0.17996,0.18169,0.17989,0.18151,11198099.0
2025-11-08 04:45:00+00:00,0.18151,0.18227,0.18122,0.18148,12005983.0
2025-11-08 05:00:00+00:00,0.18147,0.18189,0.18072,0.18108,9049126.0
2025-11-08 05:15:00+00:00,0.18108,0.18144,0.18014,0.18057,17159891.0
2025-11-08 05:30:00+00:00,0.18057,0.18083,0.17894,0.17938,20241519.0
2025-11-08 05:45:00+00:00,0.17939,0.17953,0.17864,0.17873,16177453.0
2025-11-08 06:00:00+00:00,0.17873,0.1792,0.17762,0.17776,30515997.0
2025-11-08 06:15:00+00:00,0.17775,0.17903,0.17771,0.17825,20608368.0
2025-11-08 06:30:00+00:00,0.17825,0.1802,0.17813,0.1799,17200363.0
2025-11-08 06:45:00+00:00,0.1799,0.18023,0.17938,0.17959,8897472.0
2025-11-08 07:00:00+00:00,0.17959,0.17975,0.17871,0.1794,6409477.0
2025-11-08 07:15:00+00:00,0.1794,0.17987,0.17807,0.17905,12076507.0
2025-11-08 07:30:00+00:00,0.17904,0.17995,0.17861,0.17959,10303173.0
2025-11-08 07:45:00+00:00,0.17959,0.18051,0.1795,0.18021,11281415.0
2025-11-08 08:00:00+00:00,0.18022,0.1808,0.18001,0.18022,13529115.0
2025-11-08 08:15:00+00:00,0.18022,0.18094,0.17922,0.18074,8779400.0
2025-11-08 08:30:00+00:00,0.18074,0.18166,0.18039,0.18159,11535359.0
2025-11-08 08:45:00+00:00,0.18158,0.1822,0.18124,0.1814,18311971.0
2025-11-08 09:00:00+00:00,0.18139,0.1815,0.18021,0.18053,27229648.0
2025-11-08 09:15:00+00:00,0.18052,0.18167,0.18041,0.18132,5898993.0
2025-11-08 09:30:00+00:00,0.18131,0.18187,0.18065,0.18075,9213905.0
2025-11-08 09:45:00+00:00,0.18075,0.18095,0.17972,0.18024,10528805.0
2025-11-08 10:00:00+00:00,0.18025,0.18068,0.18002,0.18049,7608746.0
2025-11-08 10:15:00+00:00,0.18049,0.18072,0.17993,0.18048,11163210.0
2025-11-08 10:30:00+00:00,0.18048,0.1808,0.18,0.18012,4880992.0
2025-11-08 10:45:00+00:00,0.18012,0.18072,0.18012,0.18044,6187266.0
2025-11-08 11:00:00+00:00,0.18044,0.18117,0.18002,0.18114,6927063.0
2025-11-08 11:15:00+00:00,0.18113,0.18113,0.18042,0.18075,6580245.0
2025-11-08 11:30:00+00:00,0.18074,0.18078,0.17853,0.17875,28416997.0
2025-11-08 11:45:00+00:00,0.17874,0.17947,0.17853,0.17912,13334399.0
2025-11-08 12:00:00+00:00,0.17912,0.17963,0.17833,0.1784,11559868.0
2025-11-08 12:15:00+00:00,0.1784,0.17954,0.1784,0.17931,8279125.0
2025-11-08 12:30:00+00:00,0.1793,0.17947,0.17875,0.17885,5704465.0
2025-11-08 12:45:00+00:00,0.17885,0.17953,0.17862,0.17949,4046426.0
2025-11-08 13:00:00+00:00,0.17949,0.17956,0.17764,0.17855,11904991.0
2025-11-08 13:15:00+00:00,0.17856,0.17879,0.17783,0.1787,11209025.0
2025-11-08 13:30:00+00:00,0.17869,0.17869,0.17657,0.17768,30165012.0
2025-11-08 13:45:00+00:00,0.17768,0.17769,0.17581,0.17596,47369530.0
2025-11-08 14:00:00+00:00,0.17597,0.1765,0.17493,0.17509,25689014.0
2025-11-08 14:15:00+00:00,0.1751,0.17534,0.17425,0.17499,24301746.0
2025-11-08 14:30:00+00:00,0.17499,0.17641,0.17492,0.17575,19214948.0
2025-11-08 14:45:00+00:00,0.17575,0.17635,0.17551,0.17584,7862495.0
2025-11-08 15:00:00+00:00,0.17584,0.17619,0.17503,0.1758,17803464.0
2025-11-08 15:15:00+00:00,0.1758,0.17609,0.17389,0.17459,20716974.0
2025-11-08 15:30:00+00:00,0.1746,0.17478,0.17323,0.17369,14602354.0
2025-11-08 15:45:00+00:00,0.1737,0.17453,0.17353,0.17397,11115523.0
2025-11-08 16:00:00+00:00,0.17398,0.17477,0.173,0.17461,13711102.0
2025-11-08 16:15:00+00:00,0.17461,0.17489,0.1734,0.1743,10288452.0
2025-11-08 16:30:00+00:00,0.1743,0.17504,0.17396,0.17438,9189977.0
2025-11-08 16:45:00+00:00,0.17438,0.17463,0.17373,0.1745,9192401.0
2025-11-08 17:00:00+00:00,0.1745,0.17474,0.17375,0.1739,11633967.0
2025-11-08 17:15:00+00:00,0.17391,0.17518,0.17391,0.17459,8228482.0
2025-11-08 17:30:00+00:00,0.17459,0.17496,0.17443,0.17472,7999729.0
2025-11-08 17:45:00+00:00,0.17472,0.17482,0.17433,0.17477,4806393.0
2025-11-08 18:00:00+00:00,0.17478,0.17527,0.17446,0.17511,6270679.0
2025-11-08 18:15:00+00:00,0.17511,0.17513,0.17413,0.17452,3297025.0
2025-11-08 18:30:00+00:00,0.17452,0.17527,0.17449,0.17518,5222632.0
2025-11-08 18:45:00+00:00,0.17519,0.17599,0.17511,0.17568,10378339.0
2025-11-08 19:00:00+00:00,0.17567,0.17573,0.17515,0.17535,3359902.0
2025-11-08 19:15:00+00:00,0.17535,0.17537,0.17357,0.17423,8026115.0
2025-11-08 19:30:00+00:00,0.17423,0.17511,0.174,0.1749,4044077.0
2025-11-08 19:45:00+00:00,0.17491,0.17515,0.17452,0.17506,2352900.0
2025-11-08 20:00:00+00:00,0.17506,0.17548,0.17456,0.17465,4065658.0
2025-11-08 20:15:00+00:00,0.17465,0.17537,0.17456,0.17529,5225553.0
2025-11-08 20:30:00+00:00,0.1753,0.17594,0.1753,0.17585,3465129.0
2025-11-08 20:45:00+00:00,0.17586,0.17632,0.17548,0.17562,3919874.0
2025-11-08 21:00:00+00:00,0.17562,0.17569,0.17508,0.17512,3589871.0
2025-11-08 21:15:00+00:00,0.17513,0.17552,0.17511,0.17541,1503805.0
2025-11-08 21:30:00+00:00,0.17542,0.1758,0.17519,0.17568,3217241.0
2025-11-08 21:45:00+00:00,0.17568,0.17593,0.17555,0.17573,3964834.0
2025-11-08 22:00:00+00:00,0.17573,0.1761,0.17539,0.17568,3315706.0
2025-11-08 22:15:00+00:00,0.17568,0.17589,0.17541,0.17568,6241520.0
2025-11-08 22:30:00+00:00,0.17569,0.17578,0.17527,0.17527,2738385.0
2025-11-08 22:45:00+00:00,0.17527,0.17627,0.17522,0.17602,3568364.0
2025-11-08 23:00:00+00:00,0.17602,0.17603,0.17539,0.17562,2867191.0
2025-11-08 23:15:00+00:00,0.17561,0.17587,0.17559,0.17577,2124271.0
2025-11-08 23:30:00+00:00,0.17577,0.17656,0.17572,0.17637,16405002.0
2025-11-08 23:45:00+00:00,0.17638,0.17663,0.17603,0.17605,5065321.0
2025-11-09 00:00:00+00:00,0.17605,0.17609,0.17532,0.17535,5655885.0
2025-11-09 00:15:00+00:00,0.17534,0.17559,0.17445,0.17453,21396785.0
2025-11-09 00:30:00+00:00,0.17453,0.17544,0.17449,0.17521,4093020.0
2025-11-09 00:45:00+00:00,0.1752,0.17544,0.17437,0.17475,4350029.0
2025-11-09 01:00:00+00:00,0.17475,0.17582,0.17466,0.17537,3298161.0
2025-11-09 01:15:00+00:00,0.17537,0.17548,0.17485,0.17502,2201647.0
2025-11-09 01:30:00+00:00,0.17503,0.17509,0.17421,0.17509,3480315.0
2025-11-09 01:45:00+00:00,0.1751,0.17562,0.1751,0.17544,3251240.0
2025-11-09 02:00:00+00:00,0.17544,0.17544,0.17457,0.17466,3958899.0
2025-11-09 02:15:00+00:00,0.17467,0.17513,0.17423,0.17424,4299563.0
2025-11-09 02:30:00+00:00,0.17424,0.17424,0.17239,0.17265,19825529.0
2025-11-09 02:45:00+00:00,0.17266,0.17321,0.17182,0.17217,15167119.0
2025-11-09 03:00:00+00:00,0.17217,0.17303,0.17209,0.17274,9583737.0
2025-11-09 03:15:00+00:00,0.17273,0.17306,0.17151,0.17181,10396401.0
2025-11-09 03:30:00+00:00,0.17182,0.17218,0.17147,0.17171,7670498.0
2025-11-09 03:45:00+00:00,0.1717,0.17238,0.17123,0.17202,7591452.0
2025-11-09 04:00:00+00:00,0.17202,0.17279,0.17189,0.17274,8164391.0
2025-11-09 04:15:00+00:00,0.17273,0.17377,0.17269,0.17329,7185154.0
2025-11-09 04:30:00+00:00,0.17328,0.17344,0.17246,0.17268,2270403.0
2025-11-09 04:45:00+00:00,0.17269,0.17327,0.1725,0.17315,2122414.0
2025-11-09 05:00:00+00:00,0.17314,0.17336,0.17267,0.17321,3252045.0
2025-11-09 05:15:00+00:00,0.17321,0.17402,0.17317,0.17401,6779562.0
2025-11-09 05:30:00+00:00,0.17401,0.17414,0.17296,0.17355,3929475.0
2025-11-09 05:45:00+00:00,0.17355,0.17407,0.17341,0.17393,1978256.0
2025-11-09 06:00:00+00:00,0.17393,0.17408,0.17351,0.17408,2665341.0
2025-11-09 06:15:00+00:00,0.17408,0.1747,0.17378,0.17465,2916230.0
2025-11-09 06:30:00+00:00,0.17465,0.17532,0.17433,0.1748,5133219.0
2025-11-09 06:45:00+00:00,0.17481,0.17491,0.17408,0.17433,4794148.0
2025-11-09 07:00:00+00:00,0.17433,0.1748,0.17416,0.17475,3612897.0
2025-11-09 07:15:00+00:00,0.17474,0.17505,0.17446,0.17462,3430270.0
2025-11-09 07:30:00+00:00,0.17461,0.17543,0.17461,0.17501,5054229.0
2025-11-09 07:45:00+00:00,0.17501,0.17528,0.17497,0.1752,3592552.0
2025-11-09 08:00:00+00:00,0.17519,0.17519,0.17457,0.17502,3975248.0
2025-11-09 08:15:00+00:00,0.17502,0.17504,0.1739,0.174,4555992.0
2025-11-09 08:30:00+00:00,0.174,0.17441,0.17381,0.17415,3997488.0
2025-11-09 08:45:00+00:00,0.17416,0.17418,0.17361,0.17414,3536547.0
2025-11-09 09:00:00+00:00,0.17414,0.17493,0.17414,0.17461,6257693.0
2025-11-09 09:15:00+00:00,0.17461,0.17507,0.17428,0.17447,4247106.0
2025-11-09 09:30:00+00:00,0.17447,0.17471,0.17408,0.17424,5774534.0
2025-11-09 09:45:00+00:00,0.17424,0.17426,0.17335,0.17344,5309117.0
2025-11-09 10:00:00+00:00,0.17344,0.17344,0.17254,0.17275,11751223.0
2025-11-09 10:15:00+00:00,0.17276,0.17325,0.17243,0.17306,5673723.0
2025-11-09 10:30:00+00:00,0.17305,0.17347,0.17261,0.17342,6727662.0
2025-11-09 10:45:00+00:00,0.17342,0.17432,0.17342,0.17429,5695779.0
2025-11-09 11:00:00+00:00,0.17429,0.17544,0.17429,0.17525,10043359.0
2025-11-09 11:15:00+00:00,0.17524,0.17548,0.17496,0.17505,18659458.0
2025-11-09 11:30:00+00:00,0.17504,0.17524,0.17447,0.17524,4040993.0
2025-11-09 11:45:00+00:00,0.17525,0.17551,0.1748,0.17515,7645281.0
2025-11-09 12:00:00+00:00,0.17514,0.1753,0.17478,0.1752,4689627.0
2025-11-09 12:15:00+00:00,0.1752,0.17601,0.17508,0.17521,17951540.0
2025-11-09 12:30:00+00:00,0.17521,0.17556,0.175,0.17544,4339479.0
2025-11-09 12:45:00+00:00,0.17545,0.17574,0.17534,0.17546,7860202.0
2025-11-09 13:00:00+00:00,0.17546,0.17622,0.17523,0.17617,14094312.0
2025-11-09 13:15:00+00:00,0.17618,0.17633,0.17562,0.17605,11766669.0
2025-11-09 13:30:00+00:00,0.17605,0.17659,0.17573,0.17653,12290519.0
2025-11-09 13:45:00+00:00,0.17653,0.17675,0.1759,0.17611,13242097.0
2025-11-09 14:00:00+00:00,0.1761,0.17639,0.17501,0.17622,18337373.0
2025-11-09 14:15:00+00:00,0.17622,0.17909,0.17601,0.17909,39192709.0
2025-11-09 14:30:00+00:00,0.17909,0.17961,0.17733,0.17788,45296061.0
2025-11-09 14:45:00+00:00,0.17788,0.17798,0.17663,0.17693,22802624.0
2025-11-09 15:00:00+00:00,0.17693,0.17854,0.17691,0.17819,14921031.0
2025-11-09 15:15:00+00:00,0.17819,0.1791,0.1779,0.17877,16822859.0
2025-11-09 15:30:00+00:00,0.17876,0.17933,0.17845,0.1788,12633395.0
2025-11-09 15:45:00+00:00,0.17879,0.17891,0.17769,0.17807,16683351.0
2025-11-09 16:00:00+00:00,0.17807,0.17827,0.17694,0.17699,9563404.0
2025-11-09 16:15:00+00:00,0.17698,0.17843,0.17671,0.17843,10349888.0
2025-11-09 16:30:00+00:00,0.17844,0.17854,0.17768,0.17828,8039273.0
2025-11-09 16:45:00+00:00,0.17828,0.17918,0.17825,0.17869,6870529.0
2025-11-09 17:00:00+00:00,0.17869,0.17877,0.17828,0.17853,10350167.0
2025-11-09 17:15:00+00:00,0.17853,0.17853,0.17717,0.17759,14584790.0
2025-11-09 17:30:00+00:00,0.17758,0.17786,0.17683,0.17716,9455806.0
2025-11-09 17:45:00+00:00,0.17716,0.17755,0.17702,0.17749,2808534.0
2025-11-09 18:00:00+00:00,0.1775,0.17755,0.1767,0.17682,3968431.0
2025-11-09 18:15:00+00:00,0.17682,0.17702,0.17654,0.1769,3399835.0
2025-11-09 18:30:00+00:00,0.17689,0.17747,0.17677,0.17747,3656708.0
2025-11-09 18:45:00+00:00,0.17747,0.179,0.17736,0.17881,12896214.0
2025-11-09 19:00:00+00:00,0.17881,0.17908,0.17852,0.17855,6181289.0
2025-11-09 19:15:00+00:00,0.17856,0.17947,0.17834,0.17937,7387954.0
2025-11-09 19:30:00+00:00,0.17938,0.17996,0.17926,0.17953,8297250.0
2025-11-09 19:45:00+00:00,0.17953,0.18015,0.17951,0.18013,5626058.0
2025-11-09 20:00:00+00:00,0.18013,0.18042,0.1789,0.17911,11322876.0
2025-11-09 20:15:00+00:00,0.17911,0.17985,0.179,0.17973,5613931.0
2025-11-09 20:30:00+00:00,0.17973,0.18008,0.17959,0.17959,4984980.0
2025-11-09 20:45:00+00:00,0.17959,0.17963,0.17927,0.17943,7146612.0
2025-11-09 21:00:00+00:00,0.17944,0.18013,0.17921,0.17929,7314626.0
2025-11-09 21:15:00+00:00,0.17929,0.18009,0.17925,0.17993,4524499.0
2025-11-09 21:30:00+00:00,0.17993,0.18023,0.17967,0.18012,5436964.0
2025-11-09 21:45:00+00:00,0.18012,0.18025,0.17953,0.17992,6192126.0
2025-11-09 22:00:00+00:00,0.17993,0.18,0.17902,0.17949,7768272.0
2025-11-09 22:15:00+00:00,0.17949,0.18003,0.17908,0.17909,9758033.0
2025-11-09 22:30:00+00:00,0.17908,0.17936,0.17854,0.17922,7655268.0
2025-11-09 22:45:00+00:00,0.17921,0.17996,0.17921,0.17967,5473891.0
2025-11-09 23:00:00+00:00,0.17967,0.18158,0.17967,0.17992,23242636.0
2025-11-09 23:15:00+00:00,0.17993,0.18011,0.17883,0.17884,9453421.0
2025-11-09 23:30:00+00:00,0.17885,0.17927,0.17846,0.17896,7016756.0
2025-11-09 23:45:00+00:00,0.17896,0.17938,0.17888,0.1793,4423995.0
2025-11-10 00:00:00+00:00,0.1793,0.17931,0.17806,0.17922,17444887.0
2025-11-10 00:15:00+00:00,0.17922,0.18095,0.17907,0.18039,16480911.0
2025-11-10 00:30:00+00:00,0.18039,0.18203,0.18022,0.18203,32944453.0
2025-11-10 00:45:00+00:00,0.18203,0.18376,0.18203,0.18243,31226148.0
2025-11-10 01:00:00+00:00,0.18242,0.18329,0.18115,0.18177,26249177.0
2025-11-10 01:15:00+00:00,0.18177,0.18236,0.18117,0.18139,14035578.0
2025-11-10 01:30:00+00:00,0.18138,0.18196,0.1809,0.18131,7331431.0
2025-11-10 01:45:00+00:00,0.18132,0.1821,0.18079,0.1808,8414719.0
2025-11-10 02:00:00+00:00,0.1808,0.18153,0.17996,0.18137,16852943.0
2025-11-10 02:15:00+00:00,0.18138,0.18163,0.18086,0.18103,6544443.0
2025-11-10 02:30:00+00:00,0.18104,0.1816,0.18012,0.18023,15446438.0
2025-11-10 02:45:00+00:00,0.18023,0.1812,0.18002,0.18118,11645668.0
2025-11-10 03:00:00+00:00,0.18119,0.18226,0.18113,0.18125,7003619.0
2025-11-10 03:15:00+00:00,0.18125,0.18171,0.18112,0.18148,10380772.0
2025-11-10 03:30:00+00:00,0.18149,0.18174,0.1811,0.18163,7453051.0
2025-11-10 03:45:00+00:00,0.18162,0.18202,0.18107,0.18167,9918575.0
2025-11-10 04:00:00+00:00,0.18166,0.182,0.18147,0.18175,7660286.0
2025-11-10 04:15:00+00:00,0.18174,0.18174,0.1805,0.18062,13445709.0
2025-11-10 04:30:00+00:00,0.18061,0.18104,0.18035,0.181,12301844.0
2025-11-10 04:45:00+00:00,0.18101,0.18178,0.18078,0.1814,8944883.0
2025-11-10 05:00:00+00:00,0.18141,0.18201,0.18131,0.18184,7300764.0
2025-11-10 05:15:00+00:00,0.18184,0.18184,0.18065,0.18097,8845965.0
2025-11-10 05:30:00+00:00,0.18097,0.18137,0.18012,0.18092,6183814.0
2025-11-10 05:45:00+00:00,0.18093,0.18121,0.1807,0.18098,7652202.0
2025-11-10 06:00:00+00:00,0.18099,0.18159,0.18088,0.18113,4503749.0
2025-11-10 06:15:00+00:00,0.18113,0.18131,0.18011,0.18049,6264680.0
2025-11-10 06:30:00+00:00,0.18048,0.18094,0.18017,0.18076,5666982.0
2025-11-10 06:45:00+00:00,0.18076,0.18119,0.18071,0.18088,5594846.0
2025-11-10 07:00:00+00:00,0.18089,0.18178,0.18075,0.18168,8106630.0
2025-11-10 07:15:00+00:00,0.18168,0.18168,0.18087,0.18101,3240571.0
2025-11-10 07:30:00+00:00,0.18101,0.18141,0.1804,0.1808,10302118.0
2025-11-10 07:45:00+00:00,0.1808,0.18147,0.18063,0.18134,10922485.0
2025-11-10 08:00:00+00:00,0.18133,0.18148,0.18037,0.18052,9263689.0
2025-11-10 08:15:00+00:00,0.18052,0.18141,0.18038,0.18118,4732788.0
2025-11-10 08:30:00+00:00,0.18117,0.18117,0.17963,0.1802,17373112.0
2025-11-10 08:45:00+00:00,0.1802,0.18099,0.18008,0.18094,6844240.0
2025-11-10 09:00:00+00:00,0.18094,0.18166,0.1807,0.18118,10478904.0
2025-11-10 09:15:00+00:00,0.18117,0.18213,0.18102,0.18213,8629648.0
2025-11-10 09:30:00+00:00,0.18214,0.18372,0.18194,0.1835,17110899.0
2025-11-10 09:45:00+00:00,0.18351,0.18575,0.18346,0.18432,31335694.0
2025-11-10 10:00:00+00:00,0.18432,0.18499,0.18301,0.18331,12683028.0
2025-11-10 10:15:00+00:00,0.18332,0.1841,0.18317,0.18332,11134527.0
2025-11-10 10:30:00+00:00,0.18333,0.18337,0.18226,0.18255,14350232.0
2025-11-10 10:45:00+00:00,0.18255,0.18296,0.18222,0.18261,5185373.0
2025-11-10 11:00:00+00:00,0.18261,0.18375,0.18256,0.18357,8208013.0
2025-11-10 11:15:00+00:00,0.18356,0.1841,0.1833,0.18361,14735369.0
2025-11-10 11:30:00+00:00,0.18362,0.1837,0.18318,0.18362,4524285.0
2025-11-10 11:45:00+00:00,0.18362,0.184,0.18283,0.18304,23482268.0
2025-11-10 12:00:00+00:00,0.18304,0.18319,0.18141,0.18228,19657471.0
2025-11-10 12:15:00+00:00,0.18228,0.1826,0.18188,0.18225,8087706.0
2025-11-10 12:30:00+00:00,0.18224,0.18243,0.18161,0.18227,9172724.0
2025-11-10 12:45:00+00:00,0.18226,0.18227,0.18174,0.18203,4891092.0
2025-11-10 13:00:00+00:00,0.18203,0.18316,0.18185,0.18248,13468559.0
2025-11-10 13:15:00+00:00,0.18249,0.1829,0.18194,0.18278,5940848.0
2025-11-10 13:30:00+00:00,0.18279,0.184,0.18275,0.18342,7399226.0
2025-11-10 13:45:00+00:00,0.18342,0.1836,0.18296,0.18297,5753871.0
2025-11-10 14:00:00+00:00,0.18297,0.18297,0.18159,0.18196,18145200.0
2025-11-10 14:15:00+00:00,0.18195,0.18273,0.18145,0.18207,8984865.0
2025-11-10 14:30:00+00:00,0.18207,0.18232,0.18073,0.18111,20448326.0
2025-11-10 14:45:00+00:00,0.18111,0.18125,0.17818,0.17941,70053799.0
2025-11-10 15:00:00+00:00,0.17941,0.18033,0.17922,0.17928,18917389.0
2025-11-10 15:15:00+00:00,0.17928,0.18007,0.17883,0.17947,43214925.0
2025-11-10 15:30:00+00:00,0.17947,0.1805,0.17904,0.18009,13011460.0
2025-11-10 15:45:00+00:00,0.18009,0.18015,0.17774,0.17921,20780852.0
2025-11-10 16:00:00+00:00,0.17921,0.18026,0.17875,0.17989,10750515.0
2025-11-10 16:15:00+00:00,0.17988,0.18022,0.17888,0.17915,6784283.0
2025-11-10 16:30:00+00:00,0.17915,0.17946,0.17738,0.17773,15823220.0
2025-11-10 16:45:00+00:00,0.17774,0.17865,0.17722,0.17816,18358990.0
2025-11-10 17:00:00+00:00,0.17816,0.17931,0.17801,0.1786,14354582.0
2025-11-10 17:15:00+00:00,0.1786,0.1793,0.17853,0.17889,5334791.0
2025-11-10 17:30:00+00:00,0.1789,0.18007,0.1789,0.17992,7214270.0
2025-11-10 17:45:00+00:00,0.17992,0.18048,0.17958,0.17989,7378025.0
2025-11-10 18:00:00+00:00,0.1799,0.18022,0.17902,0.17905,4521451.0
2025-11-10 18:15:00+00:00,0.17906,0.17965,0.17904,0.17936,3057270.0
2025-11-10 18:30:00+00:00,0.17936,0.17981,0.17927,0.1795,2464526.0
2025-11-10 18:45:00+00:00,0.17951,0.17977,0.17846,0.1785,10604276.0
2025-11-10 19:00:00+00:00,0.17849,0.17969,0.17836,0.17961,6418406.0
2025-11-10 19:15:00+00:00,0.17961,0.1801,0.1791,0.17924,4389888.0
2025-11-10 19:30:00+00:00,0.17923,0.18088,0.17878,0.18046,27748026.0
2025-11-10 19:45:00+00:00,0.18046,0.18117,0.17978,0.17992,6025307.0
2025-11-10 20:00:00+00:00,0.17992,0.18115,0.17985,0.18109,4190774.0
2025-11-10 20:15:00+00:00,0.18109,0.18109,0.18004,0.18005,5697202.0
2025-11-10 20:30:00+00:00,0.18005,0.18085,0.17975,0.18079,4240169.0
2025-11-10 20:45:00+00:00,0.18078,0.18116,0.17996,0.18032,8000342.0
2025-11-10 21:00:00+00:00,0.18032,0.18034,0.17885,0.17926,9961315.0
2025-11-10 21:15:00+00:00,0.17927,0.17931,0.1786,0.1788,8023719.0
2025-11-10 21:30:00+00:00,0.1788,0.17915,0.17834,0.17915,7994757.0
2025-11-10 21:45:00+00:00,0.17915,0.17948,0.17824,0.17938,6192265.0
2025-11-10 22:00:00+00:00,0.17939,0.1801,0.17884,0.17924,4530046.0
2025-11-10 22:15:00+00:00,0.17923,0.18034,0.17904,0.1803,7570930.0
2025-11-10 22:30:00+00:00,0.1803,0.18121,0.18021,0.18112,7859471.0
2025-11-10 22:45:00+00:00,0.18112,0.18418,0.1811,0.18333,21413269.0
2025-11-10 23:00:00+00:00,0.18332,0.18348,0.18222,0.18268,8812957.0
2025-11-10 23:15:00+00:00,0.18268,0.18295,0.18223,0.18266,3766980.0
2025-11-10 23:30:00+00:00,0.18267,0.18296,0.1818,0.18216,6646872.0
2025-11-10 23:45:00+00:00,0.18217,0.18249,0.18161,0.18179,2755417.0
2025-11-11 00:00:00+00:00,0.18178,0.18246,0.18124,0.18171,7917233.0
2025-11-11 00:15:00+00:00,0.18171,0.18233,0.18092,0.18123,13598804.0
2025-11-11 00:30:00+00:00,0.18122,0.18136,0.17947,0.17947,11629483.0
2025-11-11 00:45:00+00:00,0.17947,0.18126,0.17933,0.18106,9804309.0
2025-11-11 01:00:00+00:00,0.18105,0.18182,0.18073,0.18182,7474074.0
2025-11-11 01:15:00+00:00,0.18183,0.1864,0.18183,0.18322,58240647.0
2025-11-11 01:30:00+00:00,0.18322,0.18334,0.18141,0.18174,22699635.0
2025-11-11 01:45:00+00:00,0.18173,0.18266,0.1806,0.18084,25241888.0
2025-11-11 02:00:00+00:00,0.18085,0.18173,0.17973,0.18138,33642386.0
2025-11-11 02:15:00+00:00,0.18138,0.18147,0.18045,0.18136,13287940.0
2025-11-11 02:30:00+00:00,0.18137,0.18443,0.18132,0.18327,46358237.0
2025-11-11 02:45:00+00:00,0.18327,0.18356,0.18232,0.18294,10509130.0
2025-11-11 03:00:00+00:00,0.18294,0.18388,0.18278,0.18369,12999738.0
2025-11-11 03:15:00+00:00,0.18368,0.18394,0.18311,0.18322,17016158.0
2025-11-11 03:30:00+00:00,0.18321,0.18368,0.18277,0.18285,7162238.0
2025-11-11 03:45:00+00:00,0.18285,0.18342,0.18268,0.18281,19125721.0
2025-11-11 04:00:00+00:00,0.18281,0.18337,0.18216,0.18235,9504599.0
2025-11-11 04:15:00+00:00,0.18235,0.18268,0.1813,0.1813,16658374.0
2025-11-11 04:30:00+00:00,0.1813,0.18155,0.17972,0.1801,33032225.0
2025-11-11 04:45:00+00:00,0.1801,0.18031,0.17975,0.18003,9903277.0
2025-11-11 05:00:00+00:00,0.18003,0.18006,0.17866,0.17882,19446987.0
2025-11-11 05:15:00+00:00,0.17881,0.17935,0.17839,0.179,14120325.0
2025-11-11 05:30:00+00:00,0.17901,0.1792,0.17816,0.17841,9240833.0
2025-11-11 05:45:00+00:00,0.1784,0.17899,0.17816,0.17826,6836487.0
2025-11-11 06:00:00+00:00,0.17826,0.17856,0.17711,0.17775,31678756.0
2025-11-11 06:15:00+00:00,0.17775,0.1784,0.17745,0.17803,12199954.0
2025-11-11 06:30:00+00:00,0.17803,0.17837,0.17793,0.17794,5149597.0
2025-11-11 06:45:00+00:00,0.17793,0.17819,0.17686,0.17808,11243046.0
2025-11-11 07:00:00+00:00,0.17807,0.17838,0.17719,0.17789,13653341.0
2025-11-11 07:15:00+00:00,0.17788,0.17794,0.17669,0.17756,9635165.0
2025-11-11 07:30:00+00:00,0.17756,0.17777,0.17645,0.1768,9099383.0
2025-11-11 07:45:00+00:00,0.17679,0.17694,0.17625,0.17639,14873565.0
2025-11-11 08:00:00+00:00,0.17639,0.17755,0.17618,0.17704,9046334.0
2025-11-11 08:15:00+00:00,0.17704,0.17755,0.17682,0.17694,7521670.0
2025-11-11 08:30:00+00:00,0.17693,0.17717,0.17643,0.1771,6011337.0
2025-11-11 08:45:00+00:00,0.17709,0.17746,0.17706,0.17729,4195186.0
2025-11-11 09:00:00+00:00,0.17729,0.17844,0.17718,0.17774,9444752.0
2025-11-11 09:15:00+00:00,0.17775,0.17841,0.17737,0.17817,6195887.0
2025-11-11 09:30:00+00:00,0.17816,0.17859,0.17772,0.17774,7557468.0
2025-11-11 09:45:00+00:00,0.17774,0.17792,0.17745,0.17748,5763854.0
2025-11-11 10:00:00+00:00,0.17747,0.17786,0.1772,0.1773,9250167.0
2025-11-11 10:15:00+00:00,0.1773,0.17762,0.17687,0.17742,8982339.0
2025-11-11 10:30:00+00:00,0.17742,0.17759,0.17685,0.17758,4043445.0
2025-11-11 10:45:00+00:00,0.17758,0.17772,0.17726,0.1776,3512666.0
2025-11-11 11:00:00+00:00,0.1776,0.17881,0.17753,0.17834,7713717.0
2025-11-11 11:15:00+00:00,0.17834,0.17834,0.17775,0.17792,4498318.0
2025-11-11 11:30:00+00:00,0.17792,0.17823,0.17775,0.17808,6409349.0
2025-11-11 11:45:00+00:00,0.17808,0.17816,0.17708,0.17767,4836803.0
2025-11-11 12:00:00+00:00,0.17766,0.17858,0.17735,0.17771,6120967.0
2025-11-11 12:15:00+00:00,0.1777,0.17796,0.1771,0.17716,2834010.0
2025-11-11 12:30:00+00:00,0.17715,0.1774,0.17671,0.17708,6729020.0
2025-11-11 12:45:00+00:00,0.17707,0.17801,0.17703,0.17791,9868200.0
2025-11-11 13:00:00+00:00,0.17791,0.17855,0.17786,0.17822,5448416.0
2025-11-11 13:15:00+00:00,0.17821,0.17832,0.1775,0.17776,5990030.0
2025-11-11 13:30:00+00:00,0.17776,0.1782,0.17751,0.17772,5912102.0
2025-11-11 13:45:00+00:00,0.17773,0.17829,0.17684,0.17714,10046332.0
2025-11-11 14:00:00+00:00,0.17715,0.17736,0.1759,0.17674,26196214.0
2025-11-11 14:15:00+00:00,0.17674,0.17797,0.17657,0.17738,18449064.0
2025-11-11 14:30:00+00:00,0.17739,0.17766,0.17692,0.17717,21169470.0
2025-11-11 14:45:00+00:00,0.17717,0.17886,0.17597,0.1787,32036655.0
2025-11-11 15:00:00+00:00,0.1787,0.1787,0.17679,0.17723,30398021.0
2025-11-11 15:15:00+00:00,0.17722,0.17764,0.17638,0.17655,11140573.0
2025-11-11 15:30:00+00:00,0.17654,0.17663,0.17527,0.17604,40386298.0
2025-11-11 15:45:00+00:00,0.17604,0.17635,0.17543,0.17617,8977663.0
2025-11-11 16:00:00+00:00,0.17616,0.17713,0.17597,0.17663,27288453.0
2025-11-11 16:15:00+00:00,0.17662,0.17704,0.17573,0.17581,13365639.0
2025-11-11 16:30:00+00:00,0.17582,0.17645,0.17545,0.17616,6906849.0
2025-11-11 16:45:00+00:00,0.17617,0.17672,0.17584,0.17599,5562365.0
2025-11-11 17:00:00+00:00,0.176,0.17695,0.17574,0.17652,6575662.0
2025-11-11 17:15:00+00:00,0.17652,0.17681,0.17573,0.17585,5949643.0
2025-11-11 17:30:00+00:00,0.17586,0.17604,0.17427,0.17513,24572424.0
2025-11-11 17:45:00+00:00,0.17513,0.17595,0.17485,0.17574,7915917.0
2025-11-11 18:00:00+00:00,0.17573,0.17631,0.17498,0.17563,10063850.0
2025-11-11 18:15:00+00:00,0.17564,0.17569,0.17462,0.17512,3952883.0
2025-11-11 18:30:00+00:00,0.17512,0.17562,0.17464,0.17471,4081235.0
2025-11-11 18:45:00+00:00,0.1747,0.17547,0.17468,0.1749,4942153.0
2025-11-11 19:00:00+00:00,0.1749,0.1749,0.17344,0.17445,18156629.0
2025-11-11 19:15:00+00:00,0.17446,0.1751,0.17446,0.17507,4468243.0
2025-11-11 19:30:00+00:00,0.17506,0.17521,0.1744,0.17462,3334118.0
2025-11-11 19:45:00+00:00,0.17461,0.17498,0.17418,0.17435,4506362.0
2025-11-11 20:00:00+00:00,0.17435,0.17452,0.17382,0.17424,9253214.0
2025-11-11 20:15:00+00:00,0.17425,0.17461,0.17385,0.17385,5816405.0
2025-11-11 20:30:00+00:00,0.17384,0.17384,0.17291,0.17314,17010856.0
2025-11-11 20:45:00+00:00,0.17314,0.17338,0.17259,0.17308,11465350.0
2025-11-11 21:00:00+00:00,0.17309,0.17378,0.17286,0.17355,8860841.0
2025-11-11 21:15:00+00:00,0.17355,0.17369,0.17324,0.17331,1693489.0
2025-11-11 21:30:00+00:00,0.17331,0.17331,0.17172,0.17209,14436924.0
2025-11-11 21:45:00+00:00,0.17208,0.1728,0.17197,0.17235,13003190.0
2025-11-11 22:00:00+00:00,0.17234,0.17293,0.17171,0.17286,7720708.0
2025-11-11 22:15:00+00:00,0.17285,0.1735,0.17233,0.17337,10137842.0
2025-11-11 22:30:00+00:00,0.17336,0.17375,0.17315,0.17347,6720891.0
2025-11-11 22:45:00+00:00,0.17346,0.17372,0.17306,0.17322,4804250.0
2025-11-11 23:00:00+00:00,0.17323,0.17329,0.17271,0.17301,16174191.0
2025-11-11 23:15:00+00:00,0.17302,0.17337,0.17258,0.17272,6220463.0
2025-11-11 23:30:00+00:00,0.17271,0.17271,0.17194,0.17241,6561488.0
2025-11-11 23:45:00+00:00,0.17241,0.17252,0.17154,0.17206,12998733.0
2025-11-12 00:00:00+00:00,0.17207,0.17287,0.17142,0.17204,16365823.0
2025-11-12 00:15:00+00:00,0.17205,0.17293,0.17196,0.17242,7471511.0
2025-11-12 00:30:00+00:00,0.17241,0.17249,0.17178,0.17242,6051393.0
2025-11-12 00:45:00+00:00,0.17241,0.1726,0.17151,0.1716,4858392.0
2025-11-12 01:00:00+00:00,0.17161,0.17283,0.1714,0.17274,6778011.0
2025-11-12 01:15:00+00:00,0.17273,0.17309,0.17214,0.17251,10596669.0
2025-11-12 01:30:00+00:00,0.17252,0.17296,0.17234,0.17285,5239034.0
2025-11-12 01:45:00+00:00,0.17285,0.17302,0.17262,0.17272,4525443.0
2025-11-12 02:00:00+00:00,0.17272,0.17305,0.17252,0.17276,8405241.0
2025-11-12 02:15:00+00:00,0.17277,0.17297,0.17208,0.17217,7450060.0
2025-11-12 02:30:00+00:00,0.17217,0.17221,0.17094,0.17144,14003653.0
2025-11-12 02:45:00+00:00,0.17143,0.17208,0.17111,0.17187,5347276.0
2025-11-12 03:00:00+00:00,0.17188,0.17208,0.17154,0.17171,6175651.0
2025-11-12 03:15:00+00:00,0.17172,0.17218,0.17164,0.17203,2297535.0
2025-11-12 03:30:00+00:00,0.17203,0.17208,0.17163,0.17195,2575555.0
2025-11-12 03:45:00+00:00,0.17194,0.17196,0.17151,0.17161,2679124.0
2025-11-12 04:00:00+00:00,0.17161,0.17215,0.1713,0.17214,4205225.0
2025-11-12 04:15:00+00:00,0.17214,0.17215,0.17156,0.17161,4373304.0
2025-11-12 04:30:00+00:00,0.17162,0.17172,0.17121,0.17127,7768267.0
2025-11-12 04:45:00+00:00,0.17127,0.17159,0.17109,0.17154,4380264.0
2025-11-12 05:00:00+00:00,0.17155,0.1718,0.17125,0.17133,3884868.0
2025-11-12 05:15:00+00:00,0.17134,0.17234,0.17127,0.17198,7271329.0
2025-11-12 05:30:00+00:00,0.17198,0.17213,0.17162,0.17213,2353935.0
2025-11-12 05:45:00+00:00,0.17213,0.1722,0.17178,0.17202,8137635.0
2025-11-12 06:00:00+00:00,0.17202,0.17277,0.17195,0.17256,8527698.0
2025-11-12 06:15:00+00:00,0.17256,0.17298,0.17246,0.17265,4261402.0
2025-11-12 06:30:00+00:00,0.17264,0.17283,0.17244,0.17252,2803963.0
2025-11-12 06:45:00+00:00,0.17253,0.17275,0.17222,0.17222,3984634.0
2025-11-12 07:00:00+00:00,0.17222,0.17245,0.17184,0.17227,7268097.0
2025-11-12 07:15:00+00:00,0.17226,0.1724,0.172,0.17231,2233289.0
2025-11-12 07:30:00+00:00,0.1723,0.17244,0.1719,0.17225,4624103.0
2025-11-12 07:45:00+00:00,0.17224,0.17229,0.17118,0.17144,11257264.0
2025-11-12 08:00:00+00:00,0.17144,0.17201,0.17144,0.17193,4475709.0
2025-11-12 08:15:00+00:00,0.17192,0.17333,0.17192,0.1733,8504272.0
2025-11-12 08:30:00+00:00,0.17331,0.17459,0.17322,0.17405,49062329.0
2025-11-12 08:45:00+00:00,0.17406,0.17445,0.17389,0.17409,7588977.0
2025-11-12 09:00:00+00:00,0.1741,0.1753,0.17404,0.17517,16220528.0
2025-11-12 09:15:00+00:00,0.17517,0.17554,0.17481,0.175,18435217.0
2025-11-12 09:30:00+00:00,0.17499,0.17502,0.17426,0.17494,5745541.0
2025-11-12 09:45:00+00:00,0.17493,0.17529,0.17473,0.17515,5325057.0
2025-11-12 10:00:00+00:00,0.17514,0.17598,0.1751,0.17596,10768490.0
2025-11-12 10:15:00+00:00,0.17596,0.17605,0.17562,0.17583,8684331.0
2025-11-12 10:30:00+00:00,0.17583,0.17654,0.17569,0.17608,13578906.0
2025-11-12 10:45:00+00:00,0.17607,0.17655,0.17603,0.1764,5466635.0
2025-11-12 11:00:00+00:00,0.1764,0.17713,0.17629,0.1767,11375494.0
2025-11-12 11:15:00+00:00,0.17671,0.17692,0.17628,0.17628,11755214.0
2025-11-12 11:30:00+00:00,0.17628,0.1765,0.1759,0.17616,4125037.0
2025-11-12 11:45:00+00:00,0.17615,0.17651,0.17597,0.17622,2849191.0
2025-11-12 12:00:00+00:00,0.17623,0.17659,0.17582,0.17658,7997699.0
2025-11-12 12:15:00+00:00,0.17657,0.17708,0.1762,0.17645,9117100.0
2025-11-12 12:30:00+00:00,0.17644,0.17648,0.17577,0.17615,5607562.0
2025-11-12 12:45:00+00:00,0.17614,0.17675,0.17612,0.17645,3145171.0
2025-11-12 13:00:00+00:00,0.17645,0.17651,0.17597,0.17609,5571316.0
2025-11-12 13:15:00+00:00,0.1761,0.17685,0.1757,0.17679,5358264.0
2025-11-12 13:30:00+00:00,0.17678,0.17772,0.17646,0.17764,9318650.0
2025-11-12 13:45:00+00:00,0.17763,0.17806,0.17749,0.17801,11167967.0
2025-11-12 14:00:00+00:00,0.17801,0.17854,0.17728,0.17844,6390826.0
2025-11-12 14:15:00+00:00,0.17844,0.17855,0.17763,0.17783,5875263.0
2025-11-12 14:30:00+00:00,0.17783,0.17787,0.17682,0.17716,15614585.0
2025-11-12 14:45:00+00:00,0.17716,0.17748,0.17347,0.17535,60495833.0
2025-11-12 15:00:00+00:00,0.17535,0.17669,0.17494,0.17513,19678783.0
2025-11-12 15:15:00+00:00,0.17513,0.17568,0.17413,0.17469,22352166.0
2025-11-12 15:30:00+00:00,0.17469,0.17535,0.1728,0.17334,25791102.0
2025-11-12 15:45:00+00:00,0.17334,0.17351,0.1708,0.17136,39376620.0
2025-11-12 16:00:00+00:00,0.17136,0.17181,0.1679,0.16892,65390220.0
2025-11-12 16:15:00+00:00,0.16891,0.17021,0.16873,0.16939,26728644.0
2025-11-12 16:30:00+00:00,0.16939,0.1708,0.16861,0.1699,25989883.0
2025-11-12 16:45:00+00:00,0.1699,0.1704,0.16884,0.16924,17108048.0
2025-11-12 17:00:00+00:00,0.16924,0.16962,0.16854,0.16874,13506632.0
2025-11-12 17:15:00+00:00,0.16875,0.16916,0.16808,0.16901,16708859.0
2025-11-12 17:30:00+00:00,0.169,0.17076,0.16865,0.16944,19420415.0
2025-11-12 17:45:00+00:00,0.16945,0.16978,0.16894,0.16949,10957149.0
2025-11-12 18:00:00+00:00,0.16949,0.16984,0.16893,0.16907,16738096.0
2025-11-12 18:15:00+00:00,0.16907,0.16999,0.16896,0.16922,11156345.0
2025-11-12 18:30:00+00:00,0.16922,0.16974,0.16901,0.16902,8239578.0
2025-11-12 18:45:00+00:00,0.16902,0.16907,0.16834,0.16856,6740470.0
2025-11-12 19:00:00+00:00,0.16857,0.1686,0.16744,0.1676,12573150.0
2025-11-12 19:15:00+00:00,0.1676,0.1682,0.1674,0.16782,7649919.0
2025-11-12 19:30:00+00:00,0.16782,0.16922,0.16721,0.16852,11889171.0
2025-11-12 19:45:00+00:00,0.16851,0.16932,0.16824,0.16902,7090232.0
2025-11-12 20:00:00+00:00,0.16902,0.16954,0.16853,0.16917,7366884.0
2025-11-12 20:15:00+00:00,0.16916,0.1705,0.16911,0.17043,5113344.0
2025-11-12 20:30:00+00:00,0.17043,0.17097,0.17028,0.17059,4920537.0
2025-11-12 20:45:00+00:00,0.17059,0.17075,0.17032,0.17044,2194120.0
2025-11-12 21:00:00+00:00,0.17045,0.17144,0.17042,0.17134,5219878.0
2025-11-12 21:15:00+00:00,0.17134,0.17134,0.17034,0.17041,3269369.0
2025-11-12 21:30:00+00:00,0.17042,0.17084,0.17035,0.17073,1221540.0
2025-11-12 21:45:00+00:00,0.17072,0.17075,0.1703,0.17068,2740204.0
2025-11-12 22:00:00+00:00,0.17068,0.17068,0.16955,0.16973,3773027.0
2025-11-12 22:15:00+00:00,0.16973,0.17029,0.16949,0.16967,3643752.0
2025-11-12 22:30:00+00:00,0.16967,0.1706,0.16953,0.17055,3505881.0
2025-11-12 22:45:00+00:00,0.17056,0.17122,0.1705,0.17105,3854316.0
2025-11-12 23:00:00+00:00,0.17105,0.17105,0.16984,0.17025,4090418.0
2025-11-12 23:15:00+00:00,0.17025,0.17077,0.17018,0.17031,3635123.0
2025-11-12 23:30:00+00:00,0.17032,0.17048,0.16974,0.16979,3428227.0
2025-11-12 23:45:00+00:00,0.1698,0.17022,0.16956,0.17018,4021855.0
2025-11-13 00:00:00+00:00,0.17018,0.1708,0.17004,0.17076,6599113.0
2025-11-13 00:15:00+00:00,0.17075,0.17108,0.17014,0.17039,3305495.0
2025-11-13 00:30:00+00:00,0.17039,0.17171,0.17039,0.17093,7275341.0
2025-11-13 00:45:00+00:00,0.17092,0.17103,0.17039,0.17054,2083286.0
2025-11-13 01:00:00+00:00,0.17053,0.17217,0.17047,0.17178,13431456.0
2025-11-13 01:15:00+00:00,0.17177,0.17186,0.17071,0.17103,13172692.0
2025-11-13 01:30:00+00:00,0.17104,0.17224,0.17091,0.17201,13935738.0
2025-11-13 01:45:00+00:00,0.17201,0.1721,0.17092,0.17107,5754000.0
2025-11-13 02:00:00+00:00,0.17107,0.17145,0.17085,0.17107,3439540.0
2025-11-13 02:15:00+00:00,0.17107,0.17141,0.17053,0.17056,2391208.0
2025-11-13 02:30:00+00:00,0.17056,0.17186,0.17054,0.17162,5475234.0
2025-11-13 02:45:00+00:00,0.17163,0.17192,0.17116,0.17125,4420564.0
2025-11-13 03:00:00+00:00,0.17125,0.1714,0.16995,0.17001,22205311.0
2025-11-13 03:15:00+00:00,0.17002,0.17268,0.16922,0.17263,25911087.0
2025-11-13 03:30:00+00:00,0.17263,0.17495,0.17259,0.17435,27641977.0
2025-11-13 03:45:00+00:00,0.17435,0.17564,0.17396,0.17405,35897192.0
2025-11-13 04:00:00+00:00,0.17406,0.1745,0.17325,0.17448,14790054.0
2025-11-13 04:15:00+00:00,0.17448,0.17528,0.17352,0.17478,16523584.0
2025-11-13 04:30:00+00:00,0.17477,0.17524,0.17436,0.17488,12143202.0
2025-11-13 04:45:00+00:00,0.17487,0.17506,0.17403,0.17474,15488972.0
2025-11-13 05:00:00+00:00,0.17473,0.17494,0.17355,0.17368,13805902.0
2025-11-13 05:15:00+00:00,0.17369,0.17456,0.17342,0.17445,11675049.0
2025-11-13 05:30:00+00:00,0.17446,0.17556,0.1741,0.17556,14864478.0
2025-11-13 05:45:00+00:00,0.17556,0.17659,0.17537,0.17602,17468885.0
2025-11-13 06:00:00+00:00,0.17603,0.17649,0.17551,0.17596,15175908.0
2025-11-13 06:15:00+00:00,0.17596,0.17662,0.1758,0.17656,8895536.0
2025-11-13 06:30:00+00:00,0.17656,0.1767,0.17596,0.17629,5842090.0
2025-11-13 06:45:00+00:00,0.17628,0.17684,0.1762,0.17621,5189964.0
2025-11-13 07:00:00+00:00,0.17621,0.17664,0.17597,0.17658,6454210.0
2025-11-13 07:15:00+00:00,0.17658,0.17709,0.17631,0.17666,10502993.0
2025-11-13 07:30:00+00:00,0.17666,0.177,0.17538,0.17579,17642799.0
2025-11-13 07:45:00+00:00,0.17578,0.17589,0.17519,0.17574,22863732.0
2025-11-13 08:00:00+00:00,0.17573,0.1763,0.17541,0.17589,7829962.0
2025-11-13 08:15:00+00:00,0.1759,0.1763,0.17589,0.17622,6358783.0
2025-11-13 08:30:00+00:00,0.17622,0.17641,0.17604,0.1761,2394213.0
2025-11-13 08:45:00+00:00,0.1761,0.1762,0.1754,0.17551,7740590.0
2025-11-13 09:00:00+00:00,0.17552,0.17574,0.17421,0.17456,40961528.0
2025-11-13 09:15:00+00:00,0.17455,0.17523,0.17431,0.17471,9215439.0
2025-11-13 09:30:00+00:00,0.17471,0.17506,0.17447,0.17486,7569678.0
2025-11-13 09:45:00+00:00,0.17487,0.17503,0.17454,0.17481,5479291.0
2025-11-13 10:00:00+00:00,0.17482,0.17579,0.17482,0.17559,4192363.0
2025-11-13 10:15:00+00:00,0.17559,0.17687,0.17556,0.17611,13353200.0
2025-11-13 10:30:00+00:00,0.17611,0.17611,0.17538,0.1757,4787427.0
2025-11-13 10:45:00+00:00,0.17569,0.17599,0.17553,0.17597,2272365.0
2025-11-13 11:00:00+00:00,0.17597,0.17632,0.17595,0.17613,4560337.0
2025-11-13 11:15:00+00:00,0.17614,0.17625,0.17552,0.17562,5296753.0
2025-11-13 11:30:00+00:00,0.17562,0.17597,0.17522,0.17593,2984554.0
2025-11-13 11:45:00+00:00,0.17593,0.17611,0.17568,0.17586,2601888.0
2025-11-13 12:00:00+00:00,0.17586,0.17615,0.1754,0.1757,6914771.0
2025-11-13 12:15:00+00:00,0.1757,0.17609,0.17569,0.17573,2936883.0
2025-11-13 12:30:00+00:00,0.17574,0.17619,0.17554,0.17575,5721299.0
2025-11-13 12:45:00+00:00,0.17575,0.17594,0.17523,0.17553,2740182.0
2025-11-13 13:00:00+00:00,0.17553,0.17562,0.17515,0.1755,4703440.0
2025-11-13 13:15:00+00:00,0.1755,0.1759,0.17469,0.17514,19477013.0
2025-11-13 13:30:00+00:00,0.17513,0.17518,0.17365,0.17471,19176510.0
2025-11-13 13:45:00+00:00,0.17471,0.17519,0.1744,0.17447,10947759.0
2025-11-13 14:00:00+00:00,0.17447,0.17491,0.17413,0.17435,10860419.0
2025-11-13 14:15:00+00:00,0.17434,0.17526,0.17394,0.17487,10053174.0
2025-11-13 14:30:00+00:00,0.17487,0.1753,0.17293,0.17333,26518702.0
2025-11-13 14:45:00+00:00,0.17333,0.17766,0.17316,0.17629,39836462.0
2025-11-13 15:00:00+00:00,0.17628,0.17666,0.17467,0.1766,19982752.0
2025-11-13 15:15:00+00:00,0.17661,0.17687,0.17422,0.17465,19046845.0
2025-11-13 15:30:00+00:00,0.17465,0.17472,0.17316,0.17336,36618515.0
2025-11-13 15:45:00+00:00,0.17336,0.17342,0.17213,0.17273,28555230.0
2025-11-13 16:00:00+00:00,0.17273,0.17323,0.17219,0.17305,11761942.0
2025-11-13 16:15:00+00:00,0.17304,0.17317,0.17107,0.1718,25785045.0
2025-11-13 16:30:00+00:00,0.1718,0.1725,0.17051,0.17093,16353116.0
2025-11-13 16:45:00+00:00,0.17092,0.17114,0.16952,0.16976,44362613.0
2025-11-13 17:00:00+00:00,0.16976,0.16997,0.16842,0.16859,37740116.0
2025-11-13 17:15:00+00:00,0.16858,0.16917,0.16809,0.16897,33582669.0
2025-11-13 17:30:00+00:00,0.16897,0.16935,0.1663,0.16661,36354836.0
2025-11-13 17:45:00+00:00,0.1666,0.16697,0.16535,0.16568,20095816.0
2025-11-13 18:00:00+00:00,0.16569,0.16598,0.16417,0.16464,33696265.0
2025-11-13 18:15:00+00:00,0.16465,0.16516,0.16321,0.1639,34888815.0
2025-11-13 18:30:00+00:00,0.1639,0.16396,0.16223,0.16368,40147220.0
2025-11-13 18:45:00+00:00,0.16369,0.16413,0.162,0.16268,24266672.0
2025-11-13 19:00:00+00:00,0.16269,0.16364,0.16189,0.16192,27846092.0
2025-11-13 19:15:00+00:00,0.16192,0.1636,0.16116,0.16302,34631289.0
2025-11-13 19:30:00+00:00,0.16302,0.16323,0.16062,0.16167,25408904.0
2025-11-13 19:45:00+00:00,0.16167,0.16178,0.1602,0.16127,33734821.0
2025-11-13 20:00:00+00:00,0.16127,0.16145,0.1602,0.16106,14750491.0
2025-11-13 20:15:00+00:00,0.16105,0.16133,0.16,0.16097,26384852.0
2025-11-13 20:30:00+00:00,0.16097,0.16264,0.16081,0.16166,34384590.0
2025-11-13 20:45:00+00:00,0.16165,0.1618,0.16075,0.1612,15325837.0
2025-11-13 21:00:00+00:00,0.1612,0.16187,0.16106,0.16146,17393915.0
2025-11-13 21:15:00+00:00,0.16147,0.16154,0.16015,0.16034,14364289.0
2025-11-13 21:30:00+00:00,0.16033,0.16131,0.16019,0.16125,13184668.0
2025-11-13 21:45:00+00:00,0.16125,0.16165,0.1608,0.16141,9673659.0
2025-11-13 22:00:00+00:00,0.1614,0.16265,0.16104,0.16237,14467179.0
2025-11-13 22:15:00+00:00,0.16237,0.16313,0.16192,0.16284,15990679.0
2025-11-13 22:30:00+00:00,0.16285,0.16374,0.16257,0.16337,12926743.0
2025-11-13 22:45:00+00:00,0.16337,0.16384,0.16302,0.16382,5616993.0
2025-11-13 23:00:00+00:00,0.16382,0.16391,0.1629,0.16386,9464050.0
2025-11-13 23:15:00+00:00,0.16385,0.1646,0.1638,0.16454,32748741.0
2025-11-13 23:30:00+00:00,0.16454,0.16535,0.1643,0.16521,18972552.0
2025-11-13 23:45:00+00:00,0.16521,0.16522,0.1636,0.16384,38385153.0
2025-11-14 00:00:00+00:00,0.16383,0.16424,0.16318,0.16381,22425254.0
2025-11-14 00:15:00+00:00,0.16382,0.16427,0.16269,0.16403,18978718.0
2025-11-14 00:30:00+00:00,0.16402,0.16502,0.16331,0.16383,12791042.0
2025-11-14 00:45:00+00:00,0.16384,0.16396,0.16257,0.16309,11614657.0
2025-11-14 01:00:00+00:00,0.1631,0.16358,0.16257,0.16327,10398255.0
2025-11-14 01:15:00+00:00,0.16328,0.16436,0.163,0.1635,18325260.0
2025-11-14 01:30:00+00:00,0.16351,0.16421,0.16302,0.16342,9177326.0
2025-11-14 01:45:00+00:00,0.16343,0.16397,0.16299,0.16324,27443905.0
2025-11-14 02:00:00+00:00,0.16324,0.16447,0.16317,0.16412,14020824.0
2025-11-14 02:15:00+00:00,0.16412,0.16502,0.16412,0.16499,11933265.0
2025-11-14 02:30:00+00:00,0.165,0.16558,0.16488,0.16548,8083930.0
2025-11-14 02:45:00+00:00,0.16547,0.16568,0.16461,0.16497,10708949.0
2025-11-14 03:00:00+00:00,0.16496,0.16516,0.16435,0.16482,9971861.0
2025-11-14 03:15:00+00:00,0.16481,0.16481,0.16418,0.16471,8642243.0
2025-11-14 03:30:00+00:00,0.16471,0.1648,0.16381,0.16387,10462526.0
2025-11-14 03:45:00+00:00,0.16387,0.1643,0.1635,0.16408,17412838.0
2025-11-14 04:00:00+00:00,0.16408,0.16415,0.16317,0.16353,7042833.0
2025-11-14 04:15:00+00:00,0.16352,0.16406,0.16343,0.16394,5248668.0
2025-11-14 04:30:00+00:00,0.16394,0.16394,0.1591,0.16183,118227573.0
2025-11-14 04:45:00+00:00,0.16184,0.16303,0.16119,0.16261,49376930.0
2025-11-14 05:00:00+00:00,0.16261,0.16382,0.16239,0.16266,27048124.0
2025-11-14 05:15:00+00:00,0.16267,0.16399,0.16258,0.16324,20076077.0
2025-11-14 05:30:00+00:00,0.16325,0.16392,0.1624,0.16348,29256286.0
2025-11-14 05:45:00+00:00,0.16348,0.16461,0.16334,0.16427,16307537.0
2025-11-14 06:00:00+00:00,0.16427,0.16432,0.16336,0.16377,11742418.0
2025-11-14 06:15:00+00:00,0.16376,0.16376,0.16257,0.16302,7687265.0
2025-11-14 06:30:00+00:00,0.16301,0.16325,0.16216,0.16254,13270278.0
2025-11-14 06:45:00+00:00,0.16253,0.16569,0.16123,0.16551,47821008.0
2025-11-14 07:00:00+00:00,0.16551,0.16582,0.16419,0.16506,23502256.0
2025-11-14 07:15:00+00:00,0.16505,0.16557,0.1648,0.16548,12287481.0
2025-11-14 07:30:00+00:00,0.16547,0.1656,0.16416,0.16481,19497721.0
2025-11-14 07:45:00+00:00,0.16482,0.16628,0.16471,0.1651,14341157.0
2025-11-14 08:00:00+00:00,0.1651,0.1653,0.16434,0.16434,12274346.0
2025-11-14 08:15:00+00:00,0.16433,0.1651,0.16383,0.16401,13816215.0
2025-11-14 08:30:00+00:00,0.16401,0.16474,0.16373,0.16412,7393298.0
2025-11-14 08:45:00+00:00,0.16412,0.16415,0.16323,0.16396,5518300.0
2025-11-14 09:00:00+00:00,0.16396,0.16456,0.16376,0.16394,6271425.0
2025-11-14 09:15:00+00:00,0.16394,0.16394,0.16279,0.16301,11250810.0
2025-11-14 09:30:00+00:00,0.16301,0.16307,0.16188,0.16278,25844256.0
2025-11-14 09:45:00+00:00,0.16278,0.16278,0.1619,0.1621,8373608.0
2025-11-14 10:00:00+00:00,0.1621,0.16291,0.16204,0.16291,6968661.0
2025-11-14 10:15:00+00:00,0.1629,0.16354,0.1627,0.16344,4684589.0
2025-11-14 10:30:00+00:00,0.16343,0.16414,0.1632,0.1636,8842980.0
2025-11-14 10:45:00+00:00,0.16359,0.16359,0.16298,0.16328,5751980.0
2025-11-14 11:00:00+00:00,0.16328,0.16346,0.16178,0.16206,28686117.0
2025-11-14 11:15:00+00:00,0.16207,0.16268,0.1616,0.16191,29611467.0
2025-11-14 11:30:00+00:00,0.16192,0.16203,0.16072,0.16165,17583611.0
2025-11-14 11:45:00+00:00,0.16166,0.16214,0.16108,0.16206,14989284.0
2025-11-14 12:00:00+00:00,0.16207,0.16208,0.16022,0.16033,13560543.0
2025-11-14 12:15:00+00:00,0.16032,0.16089,0.15965,0.16042,31643905.0
2025-11-14 12:30:00+00:00,0.16041,0.16071,0.15767,0.15833,65698129.0
2025-11-14 12:45:00+00:00,0.15833,0.16137,0.15816,0.161,47654452.0
2025-11-14 13:00:00+00:00,0.16101,0.16197,0.15969,0.15993,38952331.0
2025-11-14 13:15:00+00:00,0.15993,0.16026,0.15902,0.15963,28780887.0
2025-11-14 13:30:00+00:00,0.15964,0.16001,0.15839,0.15857,24136749.0
2025-11-14 13:45:00+00:00,0.15857,0.16048,0.1582,0.15973,20110319.0
2025-11-14 14:00:00+00:00,0.15973,0.16106,0.15933,0.15968,20244318.0
2025-11-14 14:15:00+00:00,0.15969,0.16034,0.15906,0.1591,17527574.0
2025-11-14 14:30:00+00:00,0.1591,0.16364,0.15803,0.16316,89580232.0
2025-11-14 14:45:00+00:00,0.16316,0.16407,0.16231,0.16264,43256100.0
2025-11-14 15:00:00+00:00,0.16265,0.16268,0.16114,0.16148,20358623.0
2025-11-14 15:15:00+00:00,0.16148,0.16337,0.16116,0.16289,27398471.0
2025-11-14 15:30:00+00:00,0.1629,0.16349,0.16251,0.16341,18050698.0
2025-11-14 15:45:00+00:00,0.1634,0.1647,0.16269,0.16287,34178684.0
2025-11-14 16:00:00+00:00,0.16288,0.16297,0.16221,0.16257,11841050.0
2025-11-14 16:15:00+00:00,0.16257,0.16448,0.1622,0.16379,21259263.0
2025-11-14 16:30:00+00:00,0.16379,0.16477,0.16335,0.16385,36371741.0
2025-11-14 16:45:00+00:00,0.16385,0.1643,0.16353,0.16402,8579044.0
2025-11-14 17:00:00+00:00,0.16401,0.16455,0.16385,0.16411,12412648.0
2025-11-14 17:15:00+00:00,0.1641,0.16412,0.16295,0.16325,10610567.0
2025-11-14 17:30:00+00:00,0.16326,0.16347,0.1628,0.16295,5908164.0
2025-11-14 17:45:00+00:00,0.16294,0.16302,0.1609,0.16165,28820010.0
2025-11-14 18:00:00+00:00,0.16165,0.16332,0.16115,0.16323,11374126.0
2025-11-14 18:15:00+00:00,0.16323,0.16332,0.16194,0.16264,9270680.0
2025-11-14 18:30:00+00:00,0.16264,0.16287,0.16144,0.16161,14889078.0
2025-11-14 18:45:00+00:00,0.16162,0.16183,0.1612,0.16153,13460363.0
2025-11-14 19:00:00+00:00,0.16153,0.16261,0.16117,0.16245,13087313.0
2025-11-14 19:15:00+00:00,0.16245,0.16383,0.16241,0.16324,13744570.0
2025-11-14 19:30:00+00:00,0.16323,0.16323,0.1625,0.16263,3739345.0
2025-11-14 19:45:00+00:00,0.16263,0.16346,0.1625,0.16331,4439709.0
2025-11-14 20:00:00+00:00,0.16331,0.1634,0.16223,0.16231,3986907.0
2025-11-14 20:15:00+00:00,0.1623,0.16244,0.16133,0.16141,4417820.0
2025-11-14 20:30:00+00:00,0.16141,0.16162,0.15782,0.15831,30342833.0
2025-11-14 20:45:00+00:00,0.15831,0.15908,0.15771,0.1589,22195374.0
2025-11-14 21:00:00+00:00,0.15891,0.16077,0.15808,0.16009,12024466.0
2025-11-14 21:15:00+00:00,0.16008,0.16051,0.15951,0.15967,7518689.0
2025-11-14 21:30:00+00:00,0.15967,0.16034,0.15959,0.16017,4223804.0
2025-11-14 21:45:00+00:00,0.16017,0.16035,0.15975,0.16016,5168511.0
2025-11-14 22:00:00+00:00,0.16016,0.16097,0.15924,0.15931,8426890.0
2025-11-14 22:15:00+00:00,0.15932,0.16037,0.15895,0.16033,9407402.0
2025-11-14 22:30:00+00:00,0.16033,0.16111,0.16007,0.16044,5988767.0
2025-11-14 22:45:00+00:00,0.16044,0.16059,0.15874,0.15933,6767133.0
2025-11-14 23:00:00+00:00,0.15933,0.15933,0.15472,0.1571,66042264.0
2025-11-14 23:15:00+00:00,0.1571,0.15792,0.15622,0.15699,13864881.0
2025-11-14 23:30:00+00:00,0.15699,0.15785,0.15654,0.15779,10905416.0
2025-11-14 23:45:00+00:00,0.15779,0.15857,0.15731,0.15765,13032323.0
2025-11-15 00:00:00+00:00,0.15765,0.15943,0.15721,0.15919,25906128.0
2025-11-15 00:15:00+00:00,0.15919,0.16004,0.15898,0.15969,10109908.0
2025-11-15 00:30:00+00:00,0.15969,0.15972,0.15872,0.15952,7027901.0
2025-11-15 00:45:00+00:00,0.15951,0.16027,0.15883,0.16013,7294013.0
2025-11-15 01:00:00+00:00,0.16013,0.16032,0.15942,0.16015,12277238.0
2025-11-15 01:15:00+00:00,0.16014,0.16076,0.16001,0.16069,8951964.0
2025-11-15 01:30:00+00:00,0.16068,0.16127,0.16068,0.1609,15092810.0
2025-11-15 01:45:00+00:00,0.1609,0.16171,0.16078,0.16137,12158047.0
2025-11-15 02:00:00+00:00,0.16137,0.16145,0.16102,0.16121,4378434.0
2025-11-15 02:15:00+00:00,0.16121,0.16208,0.161,0.16201,6667864.0
2025-11-15 02:30:00+00:00,0.16201,0.16207,0.16139,0.162,7650418.0
2025-11-15 02:45:00+00:00,0.162,0.16243,0.16185,0.1624,4882657.0
2025-11-15 03:00:00+00:00,0.1624,0.16265,0.16188,0.16216,12868540.0
2025-11-15 03:15:00+00:00,0.16217,0.16299,0.16211,0.16263,9502364.0
2025-11-15 03:30:00+00:00,0.16262,0.16295,0.16237,0.16293,10157151.0
2025-11-15 03:45:00+00:00,0.16293,0.16307,0.16248,0.16288,12380557.0
2025-11-15 04:00:00+00:00,0.16289,0.16305,0.16242,0.16268,10660804.0
2025-11-15 04:15:00+00:00,0.16268,0.16338,0.16242,0.16253,8002124.0
2025-11-15 04:30:00+00:00,0.16254,0.16281,0.16227,0.16233,7302490.0
2025-11-15 04:45:00+00:00,0.16233,0.1627,0.16225,0.16248,4550507.0
2025-11-15 05:00:00+00:00,0.16248,0.16282,0.16225,0.16236,6191439.0
2025-11-15 05:15:00+00:00,0.16237,0.16313,0.16232,0.16291,7641841.0
2025-11-15 05:30:00+00:00,0.1629,0.16305,0.16264,0.16305,9179802.0
2025-11-15 05:45:00+00:00,0.16305,0.16339,0.16293,0.16327,4703855.0
2025-11-15 06:00:00+00:00,0.16327,0.16334,0.16301,0.16316,3614697.0
2025-11-15 06:15:00+00:00,0.16317,0.16365,0.16311,0.16351,5378216.0
2025-11-15 06:30:00+00:00,0.16352,0.1642,0.16327,0.16329,11472347.0
2025-11-15 06:45:00+00:00,0.16329,0.16364,0.16304,0.1633,10267226.0
2025-11-15 07:00:00+00:00,0.16329,0.1635,0.16292,0.16335,7188761.0
2025-11-15 07:15:00+00:00,0.16335,0.16365,0.163,0.16361,5491100.0
2025-11-15 07:30:00+00:00,0.16361,0.16361,0.16272,0.16288,9528818.0
2025-11-15 07:45:00+00:00,0.16287,0.16313,0.16274,0.16305,5743707.0
2025-11-15 08:00:00+00:00,0.16305,0.16313,0.16231,0.16274,6633852.0
2025-11-15 08:15:00+00:00,0.16274,0.16278,0.1618,0.16216,10754491.0
2025-11-15 08:30:00+00:00,0.16217,0.16266,0.16167,0.16175,12763431.0
2025-11-15 08:45:00+00:00,0.16176,0.16185,0.16077,0.16111,12881997.0
2025-11-15 09:00:00+00:00,0.1611,0.16221,0.16082,0.1622,8459636.0
2025-11-15 09:15:00+00:00,0.16219,0.16266,0.16188,0.16228,11745767.0
2025-11-15 09:30:00+00:00,0.16229,0.16239,0.1621,0.16219,9315456.0
2025-11-15 09:45:00+00:00,0.16218,0.16218,0.16119,0.16148,9474253.0
2025-11-15 10:00:00+00:00,0.16148,0.16164,0.16093,0.1614,9008157.0
2025-11-15 10:15:00+00:00,0.1614,0.1619,0.1611,0.16141,5218193.0
2025-11-15 10:30:00+00:00,0.16141,0.16196,0.16102,0.16192,3522022.0
2025-11-15 10:45:00+00:00,0.16192,0.16218,0.16178,0.16195,2250692.0
2025-11-15 11:00:00+00:00,0.16195,0.1622,0.16153,0.16186,3276133.0
2025-11-15 11:15:00+00:00,0.16186,0.16205,0.16155,0.16203,1437056.0
2025-11-15 11:30:00+00:00,0.16203,0.16227,0.16172,0.16202,3809481.0
2025-11-15 11:45:00+00:00,0.16202,0.16202,0.16134,0.16183,4949725.0
2025-11-15 12:00:00+00:00,0.16182,0.16238,0.16159,0.16233,6127642.0
2025-11-15 12:15:00+00:00,0.16233,0.16305,0.16209,0.16304,5573834.0
2025-11-15 12:30:00+00:00,0.16304,0.16322,0.16254,0.16269,9936492.0
2025-11-15 12:45:00+00:00,0.16269,0.16311,0.16254,0.16306,4221699.0
2025-11-15 13:00:00+00:00,0.16306,0.16331,0.16278,0.16284,14824587.0
2025-11-15 13:15:00+00:00,0.16285,0.16383,0.16277,0.16354,7091249.0
2025-11-15 13:30:00+00:00,0.16354,0.16358,0.16286,0.1629,4241432.0
2025-11-15 13:45:00+00:00,0.1629,0.16385,0.1628,0.1635,12497843.0
2025-11-15 14:00:00+00:00,0.1635,0.16361,0.16326,0.16359,3611118.0
2025-11-15 14:15:00+00:00,0.1636,0.16384,0.16332,0.16351,7584256.0
2025-11-15 14:30:00+00:00,0.1635,0.16378,0.16321,0.16359,6061827.0
2025-11-15 14:45:00+00:00,0.16358,0.1638,0.16325,0.16375,5478512.0
2025-11-15 15:00:00+00:00,0.16375,0.16386,0.1634,0.16377,3648343.0
2025-11-15 15:15:00+00:00,0.16377,0.1641,0.16339,0.1637,5356512.0
2025-11-15 15:30:00+00:00,0.1637,0.16376,0.16314,0.16325,5401184.0
2025-11-15 15:45:00+00:00,0.16326,0.16355,0.16295,0.16311,13914751.0
2025-11-15 16:00:00+00:00,0.16311,0.16337,0.16236,0.16269,10307054.0
2025-11-15 16:15:00+00:00,0.16268,0.16291,0.16211,0.16211,6865087.0
2025-11-15 16:30:00+00:00,0.16212,0.1632,0.16209,0.16293,7785297.0
2025-11-15 16:45:00+00:00,0.16292,0.16332,0.16279,0.16326,6761005.0
2025-11-15 17:00:00+00:00,0.16327,0.16395,0.16325,0.1634,8473411.0
2025-11-15 17:15:00+00:00,0.16339,0.16482,0.16317,0.16363,11821695.0
2025-11-15 17:30:00+00:00,0.16363,0.16399,0.16347,0.16399,7738067.0
2025-11-15 17:45:00+00:00,0.164,0.16449,0.16389,0.16444,5768746.0
2025-11-15 18:00:00+00:00,0.16444,0.16447,0.16412,0.16439,6390066.0
2025-11-15 18:15:00+00:00,0.16438,0.16443,0.16372,0.16376,3804886.0
2025-11-15 18:30:00+00:00,0.16375,0.16415,0.1636,0.164,2821524.0
2025-11-15 18:45:00+00:00,0.164,0.16411,0.16371,0.16388,2556194.0
2025-11-15 19:00:00+00:00,0.16389,0.16408,0.1638,0.16386,854503.0
2025-11-15 19:15:00+00:00,0.16385,0.1639,0.16343,0.16358,3793250.0
2025-11-15 19:30:00+00:00,0.16359,0.16363,0.16334,0.16361,1780153.0
2025-11-15 19:45:00+00:00,0.16362,0.1638,0.16337,0.16374,3339711.0
2025-11-15 20:00:00+00:00,0.16375,0.164,0.16363,0.16394,1478032.0
2025-11-15 20:15:00+00:00,0.16394,0.16394,0.16307,0.16343,6366265.0
2025-11-15 20:30:00+00:00,0.16343,0.16343,0.16283,0.1629,2810637.0
2025-11-15 20:45:00+00:00,0.1629,0.16322,0.16245,0.16264,10144140.0
2025-11-15 21:00:00+00:00,0.16265,0.16356,0.16255,0.16345,6387550.0
2025-11-15 21:15:00+00:00,0.16346,0.16384,0.16322,0.16333,4363379.0
2025-11-15 21:30:00+00:00,0.16333,0.16337,0.16223,0.16248,7356993.0
2025-11-15 21:45:00+00:00,0.16249,0.16264,0.16189,0.1623,6951339.0
2025-11-15 22:00:00+00:00,0.16229,0.16333,0.16214,0.1633,3535661.0
2025-11-15 22:15:00+00:00,0.1633,0.16331,0.16276,0.16312,3409976.0
2025-11-15 22:30:00+00:00,0.16311,0.16335,0.16279,0.16333,4325573.0
2025-11-15 22:45:00+00:00,0.16332,0.16369,0.16324,0.16365,1557288.0
2025-11-15 23:00:00+00:00,0.16365,0.16372,0.16337,0.16349,2434437.0
2025-11-15 23:15:00+00:00,0.16349,0.16394,0.16343,0.16382,3050427.0
2025-11-15 23:30:00+00:00,0.16382,0.16395,0.16336,0.16336,2128781.0
2025-11-15 23:45:00+00:00,0.16336,0.16346,0.16313,0.16316,1405550.0
2025-11-16 00:00:00+00:00,0.16316,0.16334,0.16247,0.1627,4530981.0
2025-11-16 00:15:00+00:00,0.16269,0.16269,0.16178,0.16189,4381078.0
2025-11-16 00:30:00+00:00,0.1619,0.16241,0.16158,0.1624,4919973.0
2025-11-16 00:45:00+00:00,0.1624,0.1627,0.16209,0.16209,1823529.0
2025-11-16 01:00:00+00:00,0.16208,0.16219,0.16105,0.16219,7952943.0
2025-11-16 01:15:00+00:00,0.16219,0.1622,0.16153,0.16181,2990934.0
2025-11-16 01:30:00+00:00,0.16182,0.16192,0.16029,0.16067,21348402.0
2025-11-16 01:45:00+00:00,0.16066,0.162,0.15998,0.16174,33528859.0
2025-11-16 02:00:00+00:00,0.16174,0.1625,0.1611,0.16188,24353781.0
2025-11-16 02:15:00+00:00,0.16189,0.16307,0.16189,0.16282,13221539.0
2025-11-16 02:30:00+00:00,0.16283,0.16329,0.16259,0.16329,7727044.0
2025-11-16 02:45:00+00:00,0.16329,0.16383,0.1631,0.16372,13930194.0
2025-11-16 03:00:00+00:00,0.16373,0.16375,0.1632,0.16329,3855469.0
2025-11-16 03:15:00+00:00,0.16329,0.16445,0.16329,0.1641,7843734.0
2025-11-16 03:30:00+00:00,0.1641,0.16422,0.16373,0.16379,2124407.0
2025-11-16 03:45:00+00:00,0.16379,0.16391,0.16357,0.16387,3187575.0
2025-11-16 04:00:00+00:00,0.16387,0.16413,0.16346,0.16361,3556367.0
2025-11-16 04:15:00+00:00,0.16361,0.16388,0.16337,0.16345,3819491.0
2025-11-16 04:30:00+00:00,0.16345,0.16345,0.16271,0.16284,4872845.0
2025-11-16 04:45:00+00:00,0.16284,0.16321,0.16276,0.1632,1162292.0
2025-11-16 05:00:00+00:00,0.16321,0.16417,0.16318,0.16402,5500632.0
2025-11-16 05:15:00+00:00,0.16402,0.1643,0.16363,0.16365,5568939.0
2025-11-16 05:30:00+00:00,0.16365,0.16384,0.16349,0.16369,2008267.0
2025-11-16 05:45:00+00:00,0.1637,0.16372,0.16332,0.16341,1839557.0
2025-11-16 06:00:00+00:00,0.16341,0.16393,0.16326,0.16375,2584414.0
2025-11-16 06:15:00+00:00,0.16374,0.16385,0.1636,0.16376,1819822.0
2025-11-16 06:30:00+00:00,0.16375,0.16387,0.16362,0.16362,1084667.0
2025-11-16 06:45:00+00:00,0.16361,0.16361,0.16307,0.16315,2175807.0
2025-11-16 07:00:00+00:00,0.16316,0.16354,0.16314,0.16321,1845920.0
2025-11-16 07:15:00+00:00,0.1632,0.16346,0.16295,0.16318,1400768.0
2025-11-16 07:30:00+00:00,0.16319,0.1636,0.16319,0.16343,2010186.0
2025-11-16 07:45:00+00:00,0.16343,0.16411,0.16343,0.16407,3634826.0
2025-11-16 08:00:00+00:00,0.16408,0.16445,0.16361,0.16363,3974285.0
2025-11-16 08:15:00+00:00,0.16363,0.16375,0.16337,0.16349,4422606.0
2025-11-16 08:30:00+00:00,0.1635,0.16371,0.16341,0.16371,1749929.0
2025-11-16 08:45:00+00:00,0.16372,0.16411,0.16342,0.16389,2305941.0
2025-11-16 09:00:00+00:00,0.1639,0.16392,0.16353,0.16379,1927131.0
2025-11-16 09:15:00+00:00,0.16379,0.16417,0.16356,0.16417,2321740.0
2025-11-16 09:30:00+00:00,0.16417,0.16425,0.16393,0.16418,1754184.0
2025-11-16 09:45:00+00:00,0.16418,0.16563,0.16413,0.16544,17889819.0
2025-11-16 10:00:00+00:00,0.16544,0.16555,0.16477,0.165,16769764.0
2025-11-16 10:15:00+00:00,0.165,0.16538,0.16484,0.16514,6276280.0
2025-11-16 10:30:00+00:00,0.16515,0.1653,0.16497,0.16503,3619159.0
2025-11-16 10:45:00+00:00,0.16503,0.16513,0.16464,0.16468,3394788.0
2025-11-16 11:00:00+00:00,0.16468,0.165,0.16325,0.16341,15007787.0
2025-11-16 11:15:00+00:00,0.16341,0.16379,0.16188,0.16204,26929201.0
2025-11-16 11:30:00+00:00,0.16203,0.16219,0.161,0.16121,25687456.0
2025-11-16 11:45:00+00:00,0.16121,0.16174,0.16112,0.1614,7768632.0
2025-11-16 12:00:00+00:00,0.1614,0.16214,0.1612,0.16173,6436285.0
2025-11-16 12:15:00+00:00,0.16173,0.1623,0.16148,0.1617,6201412.0
2025-11-16 12:30:00+00:00,0.16169,0.16174,0.1604,0.16136,11404593.0
2025-11-16 12:45:00+00:00,0.16136,0.16159,0.16095,0.16114,7785999.0
2025-11-16 13:00:00+00:00,0.16114,0.16167,0.16066,0.16151,9139846.0
2025-11-16 13:15:00+00:00,0.16151,0.16182,0.16076,0.16077,3775894.0
2025-11-16 13:30:00+00:00,0.16076,0.16119,0.16052,0.16061,10463918.0
2025-11-16 13:45:00+00:00,0.1606,0.16099,0.16011,0.16074,6540854.0
2025-11-16 14:00:00+00:00,0.16074,0.16119,0.16065,0.16094,7256838.0
2025-11-16 14:15:00+00:00,0.16093,0.16117,0.16067,0.16114,2669587.0
2025-11-16 14:30:00+00:00,0.16113,0.16217,0.16101,0.16198,8158444.0
2025-11-16 14:45:00+00:00,0.16198,0.16207,0.16161,0.16162,3617923.0
2025-11-16 15:00:00+00:00,0.16162,0.16165,0.16105,0.16105,9183713.0
2025-11-16 15:15:00+00:00,0.16104,0.16133,0.16068,0.16097,4970590.0
2025-11-16 15:30:00+00:00,0.16097,0.16101,0.16052,0.16065,5741183.0
2025-11-16 15:45:00+00:00,0.16065,0.16069,0.15831,0.15859,44022957.0
2025-11-16 16:00:00+00:00,0.15859,0.15957,0.15802,0.15831,21385604.0
2025-11-16 16:15:00+00:00,0.15832,0.15867,0.15777,0.15801,17370607.0
2025-11-16 16:30:00+00:00,0.158,0.15807,0.15722,0.15765,17202820.0
2025-11-16 16:45:00+00:00,0.15765,0.15777,0.15567,0.15632,28689322.0
2025-11-16 17:00:00+00:00,0.15631,0.15665,0.1559,0.15614,13670796.0
2025-11-16 17:15:00+00:00,0.15614,0.15704,0.15554,0.15631,33852035.0
2025-11-16 17:30:00+00:00,0.15631,0.15669,0.15491,0.15502,27162078.0
2025-11-16 17:45:00+00:00,0.15503,0.1558,0.1536,0.15548,48924389.0
2025-11-16 18:00:00+00:00,0.15547,0.15794,0.15521,0.15753,37881019.0
2025-11-16 18:15:00+00:00,0.15754,0.15782,0.15622,0.15647,11516377.0
2025-11-16 18:30:00+00:00,0.15647,0.15651,0.15491,0.15509,10820361.0
2025-11-16 18:45:00+00:00,0.15509,0.15517,0.15422,0.15486,13687333.0
2025-11-16 19:00:00+00:00,0.15485,0.15696,0.15477,0.15678,13629374.0
2025-11-16 19:15:00+00:00,0.15678,0.15728,0.15589,0.15632,7028742.0
2025-11-16 19:30:00+00:00,0.15632,0.15695,0.15603,0.15635,6071800.0
2025-11-16 19:45:00+00:00,0.15635,0.15663,0.15577,0.1559,4591532.0
2025-11-16 20:00:00+00:00,0.15589,0.15696,0.15567,0.15679,5044452.0
2025-11-16 20:15:00+00:00,0.1568,0.15773,0.15638,0.15748,9113327.0
2025-11-16 20:30:00+00:00,0.15749,0.15759,0.15694,0.15703,8235219.0
2025-11-16 20:45:00+00:00,0.15703,0.15705,0.15645,0.15646,3215321.0
2025-11-16 21:00:00+00:00,0.15646,0.15657,0.15519,0.15564,17124175.0
2025-11-16 21:15:00+00:00,0.15563,0.15577,0.15505,0.15521,6216556.0
2025-11-16 21:30:00+00:00,0.15521,0.15596,0.15514,0.15576,9374060.0
2025-11-16 21:45:00+00:00,0.15575,0.15636,0.15573,0.15633,6421415.0
2025-11-16 22:00:00+00:00,0.15633,0.15688,0.15511,0.1565,16368970.0
2025-11-16 22:15:00+00:00,0.1565,0.15731,0.15606,0.15708,10135339.0
2025-11-16 22:30:00+00:00,0.15708,0.15724,0.15615,0.15616,7516174.0
2025-11-16 22:45:00+00:00,0.15617,0.1586,0.15615,0.15804,11543953.0
2025-11-16 23:00:00+00:00,0.15805,0.15853,0.15501,0.15801,76546229.0
2025-11-16 23:15:00+00:00,0.15802,0.15944,0.15775,0.15885,21422731.0
2025-11-16 23:30:00+00:00,0.15886,0.15968,0.15855,0.15911,11910112.0
2025-11-16 23:45:00+00:00,0.1591,0.15933,0.15851,0.15857,7186737.0
2025-11-17 00:00:00+00:00,0.15856,0.15882,0.15805,0.15818,11217887.0
2025-11-17 00:15:00+00:00,0.15818,0.15974,0.157,0.15962,21818116.0
2025-11-17 00:30:00+00:00,0.15963,0.16069,0.15885,0.15964,22770228.0
2025-11-17 00:45:00+00:00,0.15965,0.16024,0.15934,0.15997,8526731.0
2025-11-17 01:00:00+00:00,0.15998,0.16021,0.15913,0.15957,11629203.0
2025-11-17 01:15:00+00:00,0.15956,0.16,0.15927,0.15984,9239034.0
2025-11-17 01:30:00+00:00,0.15984,0.1601,0.15933,0.15953,5450677.0
2025-11-17 01:45:00+00:00,0.15953,0.15975,0.15893,0.15903,4898265.0
2025-11-17 02:00:00+00:00,0.15904,0.16029,0.1581,0.16011,81582588.0
2025-11-17 02:15:00+00:00,0.1601,0.16043,0.15949,0.15999,21694340.0
2025-11-17 02:30:00+00:00,0.15999,0.1601,0.15956,0.15971,3717342.0
2025-11-17 02:45:00+00:00,0.15971,0.16015,0.15957,0.16007,4116794.0
2025-11-17 03:00:00+00:00,0.16007,0.161,0.16002,0.16097,8680064.0
2025-11-17 03:15:00+00:00,0.16098,0.16166,0.16082,0.16127,14563178.0
2025-11-17 03:30:00+00:00,0.16127,0.16136,0.16091,0.16106,6074796.0
2025-11-17 03:45:00+00:00,0.16106,0.16149,0.16094,0.16149,7215128.0
2025-11-17 04:00:00+00:00,0.1615,0.16173,0.16114,0.16127,6798870.0
2025-11-17 04:15:00+00:00,0.16127,0.16218,0.16104,0.16207,8547563.0
2025-11-17 04:30:00+00:00,0.16207,0.16207,0.16131,0.16173,4143571.0
2025-11-17 04:45:00+00:00,0.16172,0.16173,0.16105,0.16109,6586580.0
2025-11-17 05:00:00+00:00,0.16109,0.16132,0.16083,0.161,5338361.0
2025-11-17 05:15:00+00:00,0.161,0.16148,0.16085,0.16148,5322635.0
2025-11-17 05:30:00+00:00,0.16149,0.16157,0.16085,0.1612,5467005.0
2025-11-17 05:45:00+00:00,0.1612,0.16154,0.16114,0.16123,2519451.0
2025-11-17 06:00:00+00:00,0.16124,0.16151,0.16069,0.16094,9617980.0
2025-11-17 06:15:00+00:00,0.16094,0.16162,0.16088,0.16148,6207755.0
2025-11-17 06:30:00+00:00,0.16148,0.16148,0.16092,0.16093,3200592.0
2025-11-17 06:45:00+00:00,0.16092,0.16175,0.16088,0.16165,4971492.0
2025-11-17 07:00:00+00:00,0.16164,0.16199,0.16142,0.16174,6425442.0
2025-11-17 07:15:00+00:00,0.16174,0.16239,0.16169,0.16192,7114437.0
2025-11-17 07:30:00+00:00,0.16192,0.1621,0.16184,0.16201,4635212.0
2025-11-17 07:45:00+00:00,0.16201,0.16218,0.16158,0.16185,6223431.0
2025-11-17 08:00:00+00:00,0.16186,0.16203,0.16163,0.16164,6032442.0
2025-11-17 08:15:00+00:00,0.16163,0.16217,0.16157,0.16192,4290453.0
2025-11-17 08:30:00+00:00,0.16191,0.16197,0.16139,0.16144,6348643.0
2025-11-17 08:45:00+00:00,0.16143,0.16166,0.16136,0.16159,3886307.0
2025-11-17 09:00:00+00:00,0.16158,0.16199,0.16114,0.16188,8906553.0
2025-11-17 09:15:00+00:00,0.16189,0.16279,0.16185,0.1623,5882685.0
2025-11-17 09:30:00+00:00,0.1623,0.16256,0.16196,0.16232,2661135.0
2025-11-17 09:45:00+00:00,0.16232,0.16246,0.16213,0.16225,3537058.0
2025-11-17 10:00:00+00:00,0.16225,0.16275,0.16216,0.16274,5077420.0
2025-11-17 10:15:00+00:00,0.16273,0.1629,0.16222,0.16233,5078147.0
2025-11-17 10:30:00+00:00,0.16232,0.16275,0.1621,0.16253,2690829.0
2025-11-17 10:45:00+00:00,0.16253,0.16276,0.16227,0.1624,1950575.0
2025-11-17 11:00:00+00:00,0.16241,0.1626,0.16219,0.16243,3315347.0
2025-11-17 11:15:00+00:00,0.16244,0.16264,0.16231,0.16263,1982917.0
2025-11-17 11:30:00+00:00,0.16262,0.16303,0.16222,0.16226,5567078.0
2025-11-17 11:45:00+00:00,0.16226,0.16227,0.16195,0.16217,8228372.0
2025-11-17 12:00:00+00:00,0.16216,0.1624,0.16192,0.16233,7671452.0
2025-11-17 12:15:00+00:00,0.16233,0.16264,0.16228,0.16238,2361459.0
2025-11-17 12:30:00+00:00,0.16238,0.1624,0.16144,0.16198,20494375.0
2025-11-17 12:45:00+00:00,0.16197,0.162,0.16168,0.16181,4896203.0
2025-11-17 13:00:00+00:00,0.16181,0.16217,0.16074,0.16101,33100498.0
2025-11-17 13:15:00+00:00,0.161,0.16131,0.16054,0.16075,27404011.0
2025-11-17 13:30:00+00:00,0.16075,0.16106,0.15916,0.15922,28207648.0
2025-11-17 13:45:00+00:00,0.15922,0.15947,0.15758,0.15887,28015576.0
2025-11-17 14:00:00+00:00,0.15886,0.15953,0.15788,0.15885,24757645.0
2025-11-17 14:15:00+00:00,0.15884,0.16002,0.1583,0.15872,14862524.0
2025-11-17 14:30:00+00:00,0.15873,0.1651,0.15821,0.16239,125840097.0
2025-11-17 14:45:00+00:00,0.16239,0.16443,0.16163,0.16231,62977510.0
2025-11-17 15:00:00+00:00,0.16231,0.16367,0.16072,0.16132,35840320.0
2025-11-17 15:15:00+00:00,0.16132,0.16191,0.15899,0.16153,26654197.0
2025-11-17 15:30:00+00:00,0.16152,0.16187,0.15846,0.15925,23893953.0
2025-11-17 15:45:00+00:00,0.15924,0.15965,0.15785,0.15843,17889558.0
2025-11-17 16:00:00+00:00,0.15844,0.1585,0.15622,0.15673,32770654.0
2025-11-17 16:15:00+00:00,0.15672,0.15813,0.15562,0.15786,32217327.0
2025-11-17 16:30:00+00:00,0.15785,0.1592,0.15743,0.15831,20201081.0
2025-11-17 16:45:00+00:00,0.15831,0.16077,0.158,0.16059,20679051.0
2025-11-17 17:00:00+00:00,0.1606,0.16082,0.15936,0.1596,10742636.0
2025-11-17 17:15:00+00:00,0.1596,0.15977,0.15862,0.15871,8885800.0
2025-11-17 17:30:00+00:00,0.15872,0.15879,0.15636,0.15656,12954680.0
2025-11-17 17:45:00+00:00,0.15656,0.15685,0.1557,0.15614,27332799.0
2025-11-17 18:00:00+00:00,0.15613,0.15697,0.15503,0.1553,39090551.0
2025-11-17 18:15:00+00:00,0.15529,0.15549,0.15403,0.15417,39945887.0
2025-11-17 18:30:00+00:00,0.15416,0.15499,0.15372,0.15499,20455999.0
2025-11-17 18:45:00+00:00,0.15498,0.15635,0.15441,0.15446,25773083.0
2025-11-17 19:00:00+00:00,0.15445,0.1549,0.15365,0.15386,17062981.0
2025-11-17 19:15:00+00:00,0.15386,0.1541,0.15315,0.15368,26294565.0
2025-11-17 19:30:00+00:00,0.15368,0.15463,0.15239,0.15272,57876702.0
2025-11-17 19:45:00+00:00,0.15272,0.15295,0.15183,0.15229,41287730.0
2025-11-17 20:00:00+00:00,0.15229,0.15316,0.15139,0.15223,28541106.0
2025-11-17 20:15:00+00:00,0.15223,0.15319,0.15212,0.15231,24637572.0
2025-11-17 20:30:00+00:00,0.15231,0.15256,0.15104,0.15144,42165390.0
2025-11-17 20:45:00+00:00,0.15144,0.15342,0.15131,0.15254,29495315.0
2025-11-17 21:00:00+00:00,0.15254,0.15332,0.15226,0.15253,18807232.0
2025-11-17 21:15:00+00:00,0.15252,0.15252,0.15122,0.15143,20861137.0
2025-11-17 21:30:00+00:00,0.15143,0.15198,0.15066,0.15144,20863779.0
2025-11-17 21:45:00+00:00,0.15144,0.15214,0.15075,0.15211,16070040.0
2025-11-17 22:00:00+00:00,0.15212,0.15258,0.15154,0.15227,11544880.0
2025-11-17 22:15:00+00:00,0.15228,0.15283,0.15188,0.15265,11141873.0
2025-11-17 22:30:00+00:00,0.15266,0.15298,0.15236,0.15282,8186787.0
2025-11-17 22:45:00+00:00,0.15282,0.1529,0.15242,0.15256,3128356.0
2025-11-17 23:00:00+00:00,0.15257,0.15284,0.15188,0.15225,12850247.0
2025-11-17 23:15:00+00:00,0.15224,0.15233,0.15151,0.15163,12725118.0
2025-11-17 23:30:00+00:00,0.15164,0.15203,0.15145,0.15181,10688197.0
2025-11-17 23:45:00+00:00,0.15181,0.15224,0.15161,0.15214,6450464.0
2025-11-18 00:00:00+00:00,0.15214,0.15251,0.15175,0.15207,10594196.0
2025-11-18 00:15:00+00:00,0.15208,0.15235,0.151,0.15126,24971783.0
2025-11-18 00:30:00+00:00,0.15126,0.15134,0.14984,0.15003,51824658.0
2025-11-18 00:45:00+00:00,0.15002,0.1527,0.14943,0.15241,44367172.0
2025-11-18 01:00:00+00:00,0.15241,0.1533,0.15213,0.1526,13395014.0
2025-11-18 01:15:00+00:00,0.1526,0.15336,0.15195,0.15236,10029603.0
2025-11-18 01:30:00+00:00,0.15235,0.15308,0.15228,0.15258,6725726.0
2025-11-18 01:45:00+00:00,0.15259,0.15277,0.152,0.15254,4569181.0
2025-11-18 02:00:00+00:00,0.15254,0.15256,0.15137,0.15196,23700450.0
2025-11-18 02:15:00+00:00,0.15196,0.15395,0.15045,0.15379,38804357.0
2025-11-18 02:30:00+00:00,0.15379,0.15455,0.15287,0.15329,15159281.0
2025-11-18 02:45:00+00:00,0.15329,0.15379,0.15143,0.15192,31709494.0
2025-11-18 03:00:00+00:00,0.15192,0.152,0.1502,0.15192,30546598.0
2025-11-18 03:15:00+00:00,0.15193,0.15286,0.15161,0.15167,26709570.0
2025-11-18 03:30:00+00:00,0.15166,0.15468,0.15113,0.15428,55523670.0
2025-11-18 03:45:00+00:00,0.15428,0.15479,0.15402,0.15458,27039274.0
2025-11-18 04:00:00+00:00,0.15459,0.15479,0.15341,0.15347,12521337.0
2025-11-18 04:15:00+00:00,0.15346,0.15414,0.15292,0.15295,22381611.0
2025-11-18 04:30:00+00:00,0.15295,0.15372,0.15281,0.15291,11133334.0
2025-11-18 04:45:00+00:00,0.15291,0.15544,0.1522,0.15519,48777845.0
2025-11-18 05:00:00+00:00,0.15519,0.15551,0.15398,0.15533,27975402.0
2025-11-18 05:15:00+00:00,0.15533,0.15623,0.15516,0.15526,25955022.0
2025-11-18 05:30:00+00:00,0.15526,0.1554,0.15449,0.1547,6535546.0
2025-11-18 05:45:00+00:00,0.15471,0.15536,0.15446,0.15467,8327427.0
2025-11-18 06:00:00+00:00,0.15467,0.15509,0.15413,0.15504,12209734.0
2025-11-18 06:15:00+00:00,0.15504,0.15512,0.15442,0.15465,6817495.0
2025-11-18 06:30:00+00:00,0.15465,0.15468,0.15367,0.15376,17289745.0
2025-11-18 06:45:00+00:00,0.15376,0.1544,0.15342,0.1536,17286285.0
2025-11-18 07:00:00+00:00,0.1536,0.15447,0.15295,0.15424,13789145.0
2025-11-18 07:15:00+00:00,0.15424,0.15494,0.15354,0.15454,11482624.0
2025-11-18 07:30:00+00:00,0.15454,0.15567,0.15442,0.15533,20170386.0
2025-11-18 07:45:00+00:00,0.15534,0.15558,0.15498,0.15508,7685639.0
2025-11-18 08:00:00+00:00,0.15508,0.15619,0.15503,0.15557,16749899.0
2025-11-18 08:15:00+00:00,0.15558,0.15636,0.1553,0.15551,13128789.0
2025-11-18 08:30:00+00:00,0.15551,0.15743,0.15545,0.15721,19645330.0
2025-11-18 08:45:00+00:00,0.15721,0.15744,0.15696,0.15731,15383838.0
2025-11-18 09:00:00+00:00,0.1573,0.15754,0.1567,0.15694,19887853.0
2025-11-18 09:15:00+00:00,0.15695,0.15741,0.15629,0.15645,9742688.0
2025-11-18 09:30:00+00:00,0.15645,0.15715,0.1564,0.15715,8276152.0
2025-11-18 09:45:00+00:00,0.15715,0.15756,0.15709,0.15741,13645116.0
2025-11-18 10:00:00+00:00,0.15741,0.15758,0.15694,0.15705,7016078.0
2025-11-18 10:15:00+00:00,0.15705,0.15737,0.15661,0.15734,11138899.0
2025-11-18 10:30:00+00:00,0.15733,0.15786,0.15729,0.15747,5267643.0
2025-11-18 10:45:00+00:00,0.15747,0.15753,0.15696,0.15724,4029225.0
2025-11-18 11:00:00+00:00,0.15723,0.15734,0.15676,0.1569,5596985.0
2025-11-18 11:15:00+00:00,0.1569,0.15751,0.15652,0.15726,8740688.0
2025-11-18 11:30:00+00:00,0.15725,0.15745,0.15673,0.15739,9470190.0
2025-11-18 11:45:00+00:00,0.15739,0.15754,0.15683,0.15698,5011936.0
2025-11-18 12:00:00+00:00,0.15698,0.15699,0.15629,0.15637,10995350.0
2025-11-18 12:15:00+00:00,0.15637,0.15719,0.15634,0.15672,9598108.0
2025-11-18 12:30:00+00:00,0.15673,0.15787,0.15672,0.1578,10476669.0
2025-11-18 12:45:00+00:00,0.15781,0.15787,0.15696,0.15745,7259411.0
2025-11-18 13:00:00+00:00,0.15745,0.15753,0.1569,0.15704,6425271.0
2025-11-18 13:15:00+00:00,0.15704,0.1572,0.15653,0.15673,6868176.0
2025-11-18 13:30:00+00:00,0.15673,0.15716,0.15584,0.15636,19007822.0
2025-11-18 13:45:00+00:00,0.15637,0.1567,0.15609,0.15646,11049162.0
2025-11-18 14:00:00+00:00,0.15645,0.15723,0.15616,0.15697,12369217.0
2025-11-18 14:15:00+00:00,0.15697,0.15812,0.15673,0.15743,26157951.0
2025-11-18 14:30:00+00:00,0.15743,0.15876,0.15673,0.15732,41417334.0
2025-11-18 14:45:00+00:00,0.15733,0.1581,0.15662,0.15663,16595570.0
2025-11-18 15:00:00+00:00,0.15662,0.15874,0.15608,0.15832,34416028.0
2025-11-18 15:15:00+00:00,0.15832,0.16041,0.1582,0.15996,37502937.0
2025-11-18 15:30:00+00:00,0.15997,0.16055,0.15925,0.15964,29120771.0
2025-11-18 15:45:00+00:00,0.15963,0.16,0.15893,0.15921,13611279.0
2025-11-18 16:00:00+00:00,0.15922,0.1599,0.1587,0.15953,18580035.0
2025-11-18 16:15:00+00:00,0.15954,0.161,0.15932,0.16074,20938420.0
2025-11-18 16:30:00+00:00,0.16075,0.16142,0.16039,0.16065,23608825.0
2025-11-18 16:45:00+00:00,0.16064,0.16122,0.16052,0.16096,8951483.0
2025-11-18 17:00:00+00:00,0.16095,0.16099,0.1605,0.16052,9010892.0
2025-11-18 17:15:00+00:00,0.16052,0.16102,0.15971,0.15983,14560700.0
2025-11-18 17:30:00+00:00,0.15983,0.16066,0.15971,0.16057,11886098.0
2025-11-18 17:45:00+00:00,0.16057,0.16081,0.16035,0.16049,8424986.0
2025-11-18 18:00:00+00:00,0.16049,0.16171,0.16049,0.16152,15221489.0
2025-11-18 18:15:00+00:00,0.16153,0.16156,0.16091,0.16113,6769767.0
2025-11-18 18:30:00+00:00,0.16112,0.16134,0.16082,0.16112,8844317.0
2025-11-18 18:45:00+00:00,0.16111,0.1617,0.16111,0.16122,11573011.0
2025-11-18 19:00:00+00:00,0.16123,0.16153,0.16094,0.1614,3529744.0
2025-11-18 19:15:00+00:00,0.16141,0.16242,0.16126,0.16213,12110019.0
2025-11-18 19:30:00+00:00,0.16213,0.16294,0.16183,0.16183,10200785.0
2025-11-18 19:45:00+00:00,0.16182,0.1623,0.16167,0.16223,8525488.0
2025-11-18 20:00:00+00:00,0.16224,0.16261,0.16162,0.16183,10695740.0
2025-11-18 20:15:00+00:00,0.16183,0.16225,0.16166,0.16221,6859225.0
2025-11-18 20:30:00+00:00,0.16221,0.16226,0.16158,0.16168,6758045.0
2025-11-18 20:45:00+00:00,0.16169,0.16185,0.16134,0.16138,4829359.0
2025-11-18 21:00:00+00:00,0.16138,0.16181,0.16087,0.1618,5548216.0
2025-11-18 21:15:00+00:00,0.16179,0.16186,0.16128,0.16158,5607911.0
2025-11-18 21:30:00+00:00,0.16158,0.16158,0.1608,0.16081,8902042.0
2025-11-18 21:45:00+00:00,0.1608,0.16108,0.16052,0.16085,7340893.0
2025-11-18 22:00:00+00:00,0.16085,0.16223,0.16084,0.16222,10085533.0
2025-11-18 22:15:00+00:00,0.16223,0.16265,0.16198,0.16258,7241867.0
2025-11-18 22:30:00+00:00,0.16259,0.16269,0.16231,0.1624,7150210.0
2025-11-18 22:45:00+00:00,0.16241,0.16245,0.16214,0.16221,3398345.0
2025-11-18 23:00:00+00:00,0.16221,0.16232,0.16154,0.16166,9082128.0
2025-11-18 23:15:00+00:00,0.16167,0.16172,0.16137,0.16157,8550682.0
2025-11-18 23:30:00+00:00,0.16156,0.16182,0.16134,0.16182,4371117.0
2025-11-18 23:45:00+00:00,0.16182,0.16192,0.16146,0.16173,3098292.0
2025-11-19 00:00:00+00:00,0.16172,0.16173,0.1607,0.16109,6675604.0
2025-11-19 00:15:00+00:00,0.16109,0.16118,0.15985,0.16054,13188126.0
2025-11-19 00:30:00+00:00,0.16054,0.1613,0.16007,0.16111,6212650.0
2025-11-19 00:45:00+00:00,0.1611,0.16131,0.16074,0.1609,6523779.0
2025-11-19 01:00:00+00:00,0.16091,0.161,0.16004,0.16027,8888318.0
2025-11-19 01:15:00+00:00,0.16028,0.16183,0.16013,0.16144,8402369.0
2025-11-19 01:30:00+00:00,0.16144,0.16149,0.16086,0.16136,5495026.0
2025-11-19 01:45:00+00:00,0.16137,0.16141,0.16066,0.16126,3833942.0
2025-11-19 02:00:00+00:00,0.16126,0.1622,0.16085,0.16211,7599397.0
2025-11-19 02:15:00+00:00,0.16212,0.1625,0.1611,0.16146,8351928.0
2025-11-19 02:30:00+00:00,0.16145,0.16196,0.16125,0.16131,3811466.0
2025-11-19 02:45:00+00:00,0.16131,0.16183,0.16117,0.16122,3132355.0
2025-11-19 03:00:00+00:00,0.16122,0.16138,0.16084,0.16099,6614450.0
2025-11-19 03:15:00+00:00,0.16098,0.16098,0.16049,0.16071,4741638.0
2025-11-19 03:30:00+00:00,0.1607,0.16071,0.15956,0.15977,12586675.0
2025-11-19 03:45:00+00:00,0.15977,0.1599,0.15924,0.15955,8712134.0
2025-11-19 04:00:00+00:00,0.15954,0.15994,0.15939,0.15973,9398062.0
2025-11-19 04:15:00+00:00,0.15973,0.16015,0.15937,0.15948,7152518.0
2025-11-19 04:30:00+00:00,0.15949,0.15951,0.15882,0.15904,9125790.0
2025-11-19 04:45:00+00:00,0.15904,0.15932,0.15841,0.1587,47372389.0
2025-11-19 05:00:00+00:00,0.1587,0.15899,0.15811,0.15816,14238930.0
2025-11-19 05:15:00+00:00,0.15815,0.15847,0.15739,0.15745,15822274.0
2025-11-19 05:30:00+00:00,0.15745,0.15748,0.15565,0.15569,22771428.0
2025-11-19 05:45:00+00:00,0.15569,0.15654,0.15536,0.1565,27285663.0
2025-11-19 06:00:00+00:00,0.1565,0.15691,0.15593,0.15662,8753855.0
2025-11-19 06:15:00+00:00,0.15663,0.15691,0.15583,0.15636,7192818.0
2025-11-19 06:30:00+00:00,0.15636,0.1573,0.15629,0.15695,25924994.0
2025-11-19 06:45:00+00:00,0.15694,0.1575,0.1566,0.15705,16311935.0
2025-11-19 07:00:00+00:00,0.15705,0.15788,0.15691,0.15773,12760027.0
2025-11-19 07:15:00+00:00,0.15773,0.15791,0.15724,0.15758,6461000.0
2025-11-19 07:30:00+00:00,0.15757,0.15849,0.15728,0.15847,11180732.0
2025-11-19 07:45:00+00:00,0.15846,0.15911,0.15836,0.15894,12653348.0
2025-11-19 08:00:00+00:00,0.15894,0.15897,0.15858,0.15882,4782123.0
2025-11-19 08:15:00+00:00,0.15882,0.15943,0.15825,0.15938,14762370.0
2025-11-19 08:30:00+00:00,0.15937,0.15946,0.15835,0.15852,6621923.0
2025-11-19 08:45:00+00:00,0.15851,0.15858,0.15787,0.15808,8945031.0
2025-11-19 09:00:00+00:00,0.15807,0.15807,0.15726,0.15796,10690103.0
2025-11-19 09:15:00+00:00,0.15796,0.15801,0.15735,0.15775,7508805.0
2025-11-19 09:30:00+00:00,0.15775,0.1583,0.15775,0.15805,4558329.0
2025-11-19 09:45:00+00:00,0.15805,0.15838,0.15762,0.1582,3880572.0
2025-11-19 10:00:00+00:00,0.1582,0.15892,0.15795,0.1585,10236335.0
2025-11-19 10:15:00+00:00,0.1585,0.15865,0.158,0.15843,3424951.0
2025-11-19 10:30:00+00:00,0.15843,0.15865,0.15802,0.15865,3551502.0
2025-11-19 10:45:00+00:00,0.15864,0.1587,0.15828,0.15851,3756204.0
2025-11-19 11:00:00+00:00,0.1585,0.15879,0.15829,0.15879,2000735.0
2025-11-19 11:15:00+00:00,0.15879,0.15896,0.15844,0.15849,4272562.0
2025-11-19 11:30:00+00:00,0.15848,0.15904,0.15833,0.15897,11222367.0
2025-11-19 11:45:00+00:00,0.15898,0.15904,0.15813,0.15816,24054271.0
2025-11-19 12:00:00+00:00,0.15817,0.1589,0.15777,0.15852,19777280.0
2025-11-19 12:15:00+00:00,0.15851,0.15873,0.15801,0.15858,3218337.0
2025-11-19 12:30:00+00:00,0.15858,0.15886,0.15827,0.15865,2807736.0
2025-11-19 12:45:00+00:00,0.15864,0.15924,0.15862,0.15901,6947920.0
2025-11-19 13:00:00+00:00,0.15902,0.15905,0.15825,0.15838,4741297.0
2025-11-19 13:15:00+00:00,0.15837,0.15863,0.15788,0.15839,3364564.0
2025-11-19 13:30:00+00:00,0.1584,0.15876,0.15773,0.15789,6379738.0
2025-11-19 13:45:00+00:00,0.15789,0.15805,0.15716,0.15735,8172652.0
2025-11-19 14:00:00+00:00,0.15736,0.15744,0.15631,0.15735,11464294.0
2025-11-19 14:15:00+00:00,0.15736,0.15749,0.1559,0.15611,14120895.0
2025-11-19 14:30:00+00:00,0.15612,0.15765,0.15611,0.15749,23063369.0
2025-11-19 14:45:00+00:00,0.15749,0.1578,0.15683,0.15755,9416177.0
2025-11-19 15:00:00+00:00,0.15756,0.15973,0.15746,0.1587,33005308.0
2025-11-19 15:15:00+00:00,0.1587,0.1595,0.15648,0.15697,28355750.0
2025-11-19 15:30:00+00:00,0.15697,0.15703,0.15577,0.15605,29017333.0
2025-11-19 15:45:00+00:00,0.15605,0.15606,0.1542,0.15451,32672293.0
2025-11-19 16:00:00+00:00,0.1545,0.15536,0.15412,0.15479,23298064.0
2025-11-19 16:15:00+00:00,0.15479,0.15505,0.15307,0.1534,23090054.0
2025-11-19 16:30:00+00:00,0.15341,0.15375,0.15246,0.15278,15727797.0
2025-11-19 16:45:00+00:00,0.15277,0.15305,0.15176,0.15226,18788954.0
2025-11-19 17:00:00+00:00,0.15226,0.1529,0.1506,0.15103,33889465.0
2025-11-19 17:15:00+00:00,0.15103,0.15154,0.15055,0.15138,15377666.0
2025-11-19 17:30:00+00:00,0.15138,0.15138,0.14853,0.15002,75592568.0
2025-11-19 17:45:00+00:00,0.15002,0.1501,0.14861,0.14939,30614300.0
2025-11-19 18:00:00+00:00,0.14939,0.14999,0.1486,0.14975,25601609.0
2025-11-19 18:15:00+00:00,0.14975,0.14985,0.14735,0.14762,49344634.0
2025-11-19 18:30:00+00:00,0.14763,0.14858,0.14722,0.1476,29672683.0
2025-11-19 18:45:00+00:00,0.14761,0.14803,0.14712,0.14799,26384271.0
2025-11-19 19:00:00+00:00,0.148,0.14882,0.14744,0.14787,21590139.0
2025-11-19 19:15:00+00:00,0.14787,0.14815,0.14726,0.14754,18503339.0
2025-11-19 19:30:00+00:00,0.14753,0.14824,0.14747,0.14818,12525041.0
2025-11-19 19:45:00+00:00,0.14818,0.14927,0.14802,0.14881,10711446.0
2025-11-19 20:00:00+00:00,0.14881,0.14898,0.148,0.14889,15137555.0
2025-11-19 20:15:00+00:00,0.14889,0.14947,0.14847,0.14927,13112209.0
2025-11-19 20:30:00+00:00,0.14926,0.15023,0.14873,0.14944,13200808.0
2025-11-19 20:45:00+00:00,0.14944,0.15089,0.14911,0.1504,23997323.0
2025-11-19 21:00:00+00:00,0.1504,0.15145,0.15007,0.1506,15834670.0
2025-11-19 21:15:00+00:00,0.15061,0.1538,0.15061,0.15254,55332367.0
2025-11-19 21:30:00+00:00,0.15254,0.15372,0.15239,0.15369,24885729.0
2025-11-19 21:45:00+00:00,0.1537,0.15449,0.1537,0.15416,11600535.0
2025-11-19 22:00:00+00:00,0.15416,0.1542,0.15311,0.15315,12475543.0
2025-11-19 22:15:00+00:00,0.15314,0.15365,0.15263,0.15361,9297068.0
2025-11-19 22:30:00+00:00,0.1536,0.15363,0.1529,0.15321,5038439.0
2025-11-19 22:45:00+00:00,0.1532,0.15325,0.1527,0.15316,4128428.0
2025-11-19 23:00:00+00:00,0.15315,0.15506,0.15309,0.15504,19076823.0
2025-11-19 23:15:00+00:00,0.15504,0.15515,0.15451,0.15454,14248438.0
2025-11-19 23:30:00+00:00,0.15454,0.15484,0.15403,0.1541,7507187.0
2025-11-19 23:45:00+00:00,0.1541,0.15461,0.15405,0.1546,5741805.0
2025-11-20 00:00:00+00:00,0.15459,0.15461,0.15375,0.15409,9166460.0
2025-11-20 00:15:00+00:00,0.15409,0.15481,0.15402,0.15464,7818060.0
2025-11-20 00:30:00+00:00,0.15464,0.15538,0.15451,0.15475,8593015.0
2025-11-20 00:45:00+00:00,0.15474,0.1549,0.1541,0.15445,7440691.0
2025-11-20 01:00:00+00:00,0.15446,0.15552,0.15409,0.15529,13415810.0
2025-11-20 01:15:00+00:00,0.15529,0.15579,0.15501,0.15536,6640455.0
2025-11-20 01:30:00+00:00,0.15536,0.15627,0.15536,0.15625,6146608.0
2025-11-20 01:45:00+00:00,0.15625,0.15639,0.15591,0.1563,4698554.0
2025-11-20 02:00:00+00:00,0.15629,0.15795,0.15612,0.15766,24197892.0
2025-11-20 02:15:00+00:00,0.15766,0.15776,0.15711,0.15722,7404698.0
2025-11-20 02:30:00+00:00,0.15722,0.15792,0.1571,0.15753,9347764.0
2025-11-20 02:45:00+00:00,0.15754,0.15833,0.15737,0.15817,10256132.0
2025-11-20 03:00:00+00:00,0.15818,0.15829,0.1577,0.15778,8513554.0
2025-11-20 03:15:00+00:00,0.15777,0.15821,0.15736,0.15749,7562051.0
2025-11-20 03:30:00+00:00,0.15749,0.15795,0.15732,0.1575,10454303.0
2025-11-20 03:45:00+00:00,0.1575,0.1578,0.1573,0.15767,5722043.0
2025-11-20 04:00:00+00:00,0.15767,0.15798,0.15723,0.15759,9053934.0
2025-11-20 04:15:00+00:00,0.15758,0.15758,0.15682,0.15702,16095946.0
2025-11-20 04:30:00+00:00,0.15703,0.15725,0.15685,0.15705,6323077.0
2025-11-20 04:45:00+00:00,0.15705,0.15858,0.15705,0.15843,21289608.0
2025-11-20 05:00:00+00:00,0.15844,0.15882,0.15808,0.15826,10252961.0
2025-11-20 05:15:00+00:00,0.15827,0.15831,0.15769,0.15772,6165209.0
2025-11-20 05:30:00+00:00,0.15773,0.15788,0.15751,0.15774,6318897.0
2025-11-20 05:45:00+00:00,0.15774,0.15806,0.15766,0.15781,5098608.0
2025-11-20 06:00:00+00:00,0.15781,0.15807,0.15764,0.15776,4947601.0
2025-11-20 06:15:00+00:00,0.15776,0.15784,0.15741,0.15744,9155466.0
2025-11-20 06:30:00+00:00,0.15745,0.15755,0.15667,0.15676,13422487.0
2025-11-20 06:45:00+00:00,0.15676,0.15705,0.15638,0.15705,15666411.0
2025-11-20 07:00:00+00:00,0.15705,0.1575,0.15686,0.15742,7320431.0
2025-11-20 07:15:00+00:00,0.15742,0.1577,0.15715,0.15763,9830464.0
2025-11-20 07:30:00+00:00,0.15764,0.15812,0.1576,0.15794,7744608.0
2025-11-20 07:45:00+00:00,0.15795,0.1583,0.15795,0.15822,5742671.0
2025-11-20 08:00:00+00:00,0.15822,0.15842,0.15756,0.15763,8844946.0
2025-11-20 08:15:00+00:00,0.15763,0.15819,0.15745,0.15801,8955963.0
2025-11-20 08:30:00+00:00,0.15802,0.15806,0.15763,0.15781,4659631.0
2025-11-20 08:45:00+00:00,0.15781,0.15798,0.1576,0.15776,4004543.0
2025-11-20 09:00:00+00:00,0.15777,0.15783,0.15739,0.15764,7750791.0
2025-11-20 09:15:00+00:00,0.15763,0.15777,0.15697,0.15711,12905931.0
2025-11-20 09:30:00+00:00,0.15711,0.15754,0.15706,0.1573,7139258.0
2025-11-20 09:45:00+00:00,0.15731,0.15738,0.1567,0.15732,12116043.0
2025-11-20 10:00:00+00:00,0.15732,0.15741,0.15644,0.15658,10019765.0
2025-11-20 10:15:00+00:00,0.15659,0.1575,0.15651,0.15746,6647575.0
2025-11-20 10:30:00+00:00,0.15746,0.15755,0.15712,0.15734,5885786.0
2025-11-20 10:45:00+00:00,0.15733,0.15788,0.15722,0.1578,5537300.0
2025-11-20 11:00:00+00:00,0.15779,0.15798,0.15759,0.15773,6986250.0
2025-11-20 11:15:00+00:00,0.15773,0.15794,0.15724,0.15734,5218764.0
2025-11-20 11:30:00+00:00,0.15733,0.15797,0.15731,0.15793,9951550.0
2025-11-20 11:45:00+00:00,0.15794,0.15829,0.15787,0.158,7773491.0
2025-11-20 12:00:00+00:00,0.158,0.15835,0.15749,0.15752,5431406.0
2025-11-20 12:15:00+00:00,0.15752,0.15837,0.15749,0.15826,7865957.0
2025-11-20 12:30:00+00:00,0.15825,0.15862,0.15809,0.15818,6914243.0
2025-11-20 12:45:00+00:00,0.15819,0.15925,0.1581,0.15877,10923219.0
2025-11-20 13:00:00+00:00,0.15878,0.15889,0.15834,0.15865,6357960.0
2025-11-20 13:15:00+00:00,0.15866,0.15869,0.15758,0.15846,10169704.0
2025-11-20 13:30:00+00:00,0.15845,0.15972,0.15765,0.1578,45727237.0
2025-11-20 13:45:00+00:00,0.15781,0.15888,0.15745,0.15781,16695118.0
2025-11-20 14:00:00+00:00,0.15782,0.15788,0.15625,0.15669,31192697.0
2025-11-20 14:15:00+00:00,0.15669,0.15898,0.1565,0.15883,25554171.0
2025-11-20 14:30:00+00:00,0.15884,0.15957,0.15818,0.15865,29074732.0
2025-11-20 14:45:00+00:00,0.15864,0.15949,0.15824,0.15908,17051808.0
2025-11-20 15:00:00+00:00,0.15908,0.15913,0.15719,0.15751,32089545.0
2025-11-20 15:15:00+00:00,0.1575,0.15905,0.15713,0.1586,20038049.0
2025-11-20 15:30:00+00:00,0.1586,0.1587,0.15771,0.15843,14485845.0
2025-11-20 15:45:00+00:00,0.15843,0.15853,0.15718,0.15739,22705617.0
2025-11-20 16:00:00+00:00,0.15739,0.15761,0.15275,0.15322,102880905.0
2025-11-20 16:15:00+00:00,0.15323,0.154,0.15089,0.15258,94679381.0
2025-11-20 16:30:00+00:00,0.15257,0.1532,0.151,0.15102,31001205.0
2025-11-20 16:45:00+00:00,0.15102,0.15159,0.15,0.15069,48188934.0
2025-11-20 17:00:00+00:00,0.15068,0.15137,0.14824,0.14888,65392933.0
2025-11-20 17:15:00+00:00,0.14887,0.14954,0.14801,0.14855,39363677.0
2025-11-20 17:30:00+00:00,0.14855,0.14959,0.148,0.14816,42930779.0
2025-11-20 17:45:00+00:00,0.14815,0.14863,0.1475,0.14843,36579407.0
2025-11-20 18:00:00+00:00,0.14842,0.14967,0.14758,0.14964,30588449.0
2025-11-20 18:15:00+00:00,0.14963,0.14972,0.1478,0.148,30960341.0
2025-11-20 18:30:00+00:00,0.148,0.14857,0.1473,0.14764,14715321.0
2025-11-20 18:45:00+00:00,0.14763,0.14764,0.14671,0.14734,32901798.0
2025-11-20 19:00:00+00:00,0.14733,0.14743,0.14623,0.14692,33813602.0
2025-11-20 19:15:00+00:00,0.14692,0.14901,0.14659,0.14875,19731284.0
2025-11-20 19:30:00+00:00,0.14874,0.14874,0.1478,0.14836,12191837.0
2025-11-20 19:45:00+00:00,0.14836,0.14988,0.14813,0.14965,20296619.0
2025-11-20 20:00:00+00:00,0.14965,0.14965,0.14822,0.14831,12267417.0
2025-11-20 20:15:00+00:00,0.14831,0.14996,0.14823,0.14993,10982490.0
2025-11-20 20:30:00+00:00,0.14993,0.15017,0.14903,0.14942,15296194.0
2025-11-20 20:45:00+00:00,0.14943,0.14996,0.14914,0.1493,8120483.0
2025-11-20 21:00:00+00:00,0.14931,0.15026,0.14923,0.15017,14856850.0
2025-11-20 21:15:00+00:00,0.15017,0.15205,0.15002,0.15112,16941797.0
2025-11-20 21:30:00+00:00,0.15112,0.15199,0.15084,0.15198,9591971.0
2025-11-20 21:45:00+00:00,0.15198,0.1523,0.15088,0.15102,10964837.0
2025-11-20 22:00:00+00:00,0.15101,0.15246,0.15084,0.1523,6277952.0
2025-11-20 22:15:00+00:00,0.15229,0.15297,0.15212,0.15289,14368917.0
2025-11-20 22:30:00+00:00,0.15289,0.15317,0.152,0.15245,12885356.0
2025-11-20 22:45:00+00:00,0.15244,0.15289,0.15225,0.15272,4230127.0
2025-11-20 23:00:00+00:00,0.15272,0.15286,0.15096,0.15137,27337938.0
2025-11-20 23:15:00+00:00,0.15138,0.15144,0.15066,0.1509,11184545.0
2025-11-20 23:30:00+00:00,0.1509,0.1509,0.14955,0.15017,26311805.0
2025-11-20 23:45:00+00:00,0.15016,0.15036,0.14873,0.14892,14058167.0
2025-11-21 00:00:00+00:00,0.14892,0.15031,0.14874,0.15019,19623892.0
2025-11-21 00:15:00+00:00,0.15019,0.15062,0.1496,0.14977,8391533.0
2025-11-21 00:30:00+00:00,0.14976,0.15033,0.14914,0.1497,8424558.0
2025-11-21 00:45:00+00:00,0.1497,0.15027,0.14963,0.15012,5085426.0
2025-11-21 01:00:00+00:00,0.15012,0.15063,0.14978,0.15026,7449862.0
2025-11-21 01:15:00+00:00,0.15025,0.15109,0.14923,0.15081,9402029.0
2025-11-21 01:30:00+00:00,0.1508,0.15086,0.14967,0.15016,7530580.0
2025-11-21 01:45:00+00:00,0.15017,0.15041,0.14967,0.14978,3812970.0
2025-11-21 02:00:00+00:00,0.14977,0.14991,0.14855,0.14874,12138814.0
2025-11-21 02:15:00+00:00,0.14875,0.14964,0.14793,0.14886,18078468.0
2025-11-21 02:30:00+00:00,0.14886,0.14906,0.14746,0.1475,34038711.0
2025-11-21 02:45:00+00:00,0.14749,0.14817,0.14504,0.14542,53226543.0
2025-11-21 03:00:00+00:00,0.14541,0.14825,0.14534,0.14725,32681997.0
2025-11-21 03:15:00+00:00,0.14726,0.14757,0.14624,0.14719,12459197.0
2025-11-21 03:30:00+00:00,0.14718,0.14806,0.14651,0.1479,8674828.0
2025-11-21 03:45:00+00:00,0.1479,0.14802,0.14691,0.14691,5751196.0
2025-11-21 04:00:00+00:00,0.14691,0.1474,0.1464,0.14691,14090118.0
2025-11-21 04:15:00+00:00,0.14691,0.14708,0.14598,0.14652,7426245.0
2025-11-21 04:30:00+00:00,0.14652,0.14723,0.145,0.14692,25522811.0
2025-11-21 04:45:00+00:00,0.14692,0.14776,0.14621,0.14763,23462988.0
2025-11-21 05:00:00+00:00,0.14764,0.14824,0.14721,0.1476,10211455.0
2025-11-21 05:15:00+00:00,0.14759,0.1479,0.14726,0.14733,6446662.0
2025-11-21 05:30:00+00:00,0.14733,0.1477,0.14616,0.14645,12017364.0
2025-11-21 05:45:00+00:00,0.14646,0.14675,0.14614,0.14658,4094076.0
2025-11-21 06:00:00+00:00,0.14658,0.14689,0.14559,0.14667,10973373.0
2025-11-21 06:15:00+00:00,0.14666,0.14679,0.14538,0.14546,10291481.0
2025-11-21 06:30:00+00:00,0.14546,0.14626,0.14522,0.14608,11364580.0
2025-11-21 06:45:00+00:00,0.14607,0.14654,0.14584,0.1461,7302471.0
2025-11-21 07:00:00+00:00,0.1461,0.14666,0.14551,0.14582,10037252.0
2025-11-21 07:15:00+00:00,0.14581,0.14587,0.14473,0.145,24655819.0
2025-11-21 07:30:00+00:00,0.145,0.14512,0.13441,0.14048,421980241.0
2025-11-21 07:45:00+00:00,0.14049,0.14085,0.13957,0.14035,106923743.0
2025-11-21 08:00:00+00:00,0.14035,0.14228,0.13969,0.14168,44104032.0
2025-11-21 08:15:00+00:00,0.14168,0.14234,0.14114,0.14122,31899882.0
2025-11-21 08:30:00+00:00,0.14121,0.1419,0.1406,0.1408,20353353.0
2025-11-21 08:45:00+00:00,0.14079,0.14163,0.14055,0.14108,12727785.0
2025-11-21 09:00:00+00:00,0.14108,0.14195,0.14107,0.14135,12226555.0
2025-11-21 09:15:00+00:00,0.14134,0.14144,0.13986,0.14003,26325661.0
2025-11-21 09:30:00+00:00,0.14003,0.1402,0.13879,0.13915,47749673.0
2025-11-21 09:45:00+00:00,0.13914,0.13926,0.13796,0.13804,53539772.0
2025-11-21 10:00:00+00:00,0.13803,0.13914,0.13697,0.13831,57472687.0
2025-11-21 10:15:00+00:00,0.13831,0.13904,0.13767,0.13786,27277704.0
2025-11-21 10:30:00+00:00,0.13786,0.13911,0.1378,0.13854,39972233.0
2025-11-21 10:45:00+00:00,0.13853,0.13858,0.1377,0.13779,19312985.0
2025-11-21 11:00:00+00:00,0.1378,0.13916,0.13755,0.13894,36554679.0
2025-11-21 11:15:00+00:00,0.13895,0.13916,0.13822,0.13826,17315690.0
2025-11-21 11:30:00+00:00,0.13826,0.13867,0.137,0.13737,42015364.0
2025-11-21 11:45:00+00:00,0.13736,0.13742,0.13638,0.13677,53167839.0
2025-11-21 12:00:00+00:00,0.13677,0.13701,0.1361,0.13674,59103463.0
2025-11-21 12:15:00+00:00,0.13674,0.13674,0.13321,0.1338,111274283.0
2025-11-21 12:30:00+00:00,0.1338,0.13935,0.1338,0.13906,146886941.0
2025-11-21 12:45:00+00:00,0.13907,0.13982,0.13853,0.13892,55317748.0
2025-11-21 13:00:00+00:00,0.13891,0.13976,0.13831,0.13915,39553598.0
2025-11-21 13:15:00+00:00,0.13916,0.14037,0.13883,0.13913,45243191.0
2025-11-21 13:30:00+00:00,0.13914,0.14043,0.13889,0.14032,18680013.0
2025-11-21 13:45:00+00:00,0.14033,0.14094,0.14008,0.14011,28474414.0
2025-11-21 14:00:00+00:00,0.14011,0.14043,0.13944,0.13946,13561183.0
2025-11-21 14:15:00+00:00,0.13946,0.13946,0.13883,0.13895,8987263.0
2025-11-21 14:30:00+00:00,0.13895,0.14185,0.1388,0.1409,71149058.0
2025-11-21 14:45:00+00:00,0.14091,0.14209,0.14024,0.14133,28823801.0
2025-11-21 15:00:00+00:00,0.14133,0.14169,0.13995,0.14016,24229812.0
2025-11-21 15:15:00+00:00,0.14017,0.14051,0.13921,0.13951,20215097.0
2025-11-21 15:30:00+00:00,0.13951,0.13975,0.13804,0.13873,32969626.0
2025-11-21 15:45:00+00:00,0.13874,0.13907,0.13746,0.13799,23982158.0
2025-11-21 16:00:00+00:00,0.13798,0.13828,0.13618,0.13728,51237684.0
2025-11-21 16:15:00+00:00,0.13728,0.13788,0.13575,0.13741,33323253.0
2025-11-21 16:30:00+00:00,0.13741,0.13891,0.13682,0.1377,43134190.0
2025-11-21 16:45:00+00:00,0.13769,0.14148,0.13709,0.14145,30798743.0
2025-11-21 17:00:00+00:00,0.14145,0.14327,0.14119,0.14251,42127137.0
2025-11-21 17:15:00+00:00,0.14251,0.1435,0.14225,0.1429,23403050.0
2025-11-21 17:30:00+00:00,0.1429,0.14342,0.14245,0.14279,11881989.0
2025-11-21 17:45:00+00:00,0.14279,0.14313,0.14148,0.14163,12719816.0
2025-11-21 18:00:00+00:00,0.14163,0.14177,0.13884,0.13916,32514621.0
2025-11-21 18:15:00+00:00,0.13915,0.13951,0.1384,0.13946,20567393.0
2025-11-21 18:30:00+00:00,0.13946,0.14098,0.13927,0.14092,17730096.0
2025-11-21 18:45:00+00:00,0.14093,0.14239,0.14062,0.14108,29219308.0
2025-11-21 19:00:00+00:00,0.14108,0.14154,0.14036,0.14051,9832714.0
2025-11-21 19:15:00+00:00,0.14052,0.14171,0.14032,0.14138,8607161.0
2025-11-21 19:30:00+00:00,0.14139,0.1415,0.14001,0.1401,7989754.0
2025-11-21 19:45:00+00:00,0.14011,0.14019,0.1394,0.13995,6816172.0
2025-11-21 20:00:00+00:00,0.13995,0.14013,0.13871,0.13954,8395395.0
2025-11-21 20:15:00+00:00,0.13954,0.13958,0.13761,0.13775,17865448.0
2025-11-21 20:30:00+00:00,0.13775,0.13879,0.13756,0.13863,14086903.0
2025-11-21 20:45:00+00:00,0.13864,0.13952,0.13844,0.13896,23139399.0
2025-11-21 21:00:00+00:00,0.13896,0.13933,0.13806,0.13897,9402955.0
2025-11-21 21:15:00+00:00,0.13896,0.14107,0.1384,0.14086,32647613.0
2025-11-21 21:30:00+00:00,0.14086,0.14157,0.14033,0.14124,10677937.0
2025-11-21 21:45:00+00:00,0.14124,0.14167,0.1408,0.14097,8550190.0
2025-11-21 22:00:00+00:00,0.14097,0.14156,0.14091,0.14122,8128991.0
2025-11-21 22:15:00+00:00,0.14122,0.1414,0.13962,0.13962,16198656.0
2025-11-21 22:30:00+00:00,0.13961,0.13962,0.13834,0.13899,11324731.0
2025-11-21 22:45:00+00:00,0.13899,0.1394,0.13654,0.13657,23599716.0
2025-11-21 23:00:00+00:00,0.13657,0.1371,0.13574,0.13709,15873258.0
2025-11-21 23:15:00+00:00,0.13709,0.14,0.13709,0.14,14084931.0
2025-11-21 23:30:00+00:00,0.13999,0.14058,0.13976,0.14048,8153445.0
2025-11-21 23:45:00+00:00,0.14049,0.14087,0.14004,0.14029,7370790.0
2025-11-22 00:00:00+00:00,0.14029,0.1412,0.14007,0.14102,13309872.0
2025-11-22 00:15:00+00:00,0.14101,0.14101,0.13952,0.13969,7474133.0
2025-11-22 00:30:00+00:00,0.13969,0.14065,0.13969,0.14048,8025172.0
2025-11-22 00:45:00+00:00,0.14048,0.14062,0.13993,0.14012,6610723.0
2025-11-22 01:00:00+00:00,0.14012,0.14086,0.13992,0.14047,5073361.0
2025-11-22 01:15:00+00:00,0.14048,0.14084,0.1401,0.14068,6547578.0
2025-11-22 01:30:00+00:00,0.14067,0.14148,0.14056,0.14058,8204911.0
2025-11-22 01:45:00+00:00,0.14058,0.14136,0.14058,0.14135,5495518.0
2025-11-22 02:00:00+00:00,0.14136,0.14141,0.14015,0.1402,9619626.0
2025-11-22 02:15:00+00:00,0.14021,0.14049,0.13976,0.14016,7024630.0
2025-11-22 02:30:00+00:00,0.14015,0.14015,0.13889,0.13903,8248052.0
2025-11-22 02:45:00+00:00,0.13902,0.13945,0.13852,0.13936,5549295.0
2025-11-22 03:00:00+00:00,0.13935,0.14011,0.139,0.13999,31606229.0
2025-11-22 03:15:00+00:00,0.13999,0.14005,0.13907,0.13936,6224831.0
2025-11-22 03:30:00+00:00,0.13936,0.13962,0.1388,0.13941,12089977.0
2025-11-22 03:45:00+00:00,0.13941,0.13957,0.13901,0.1393,5245385.0
2025-11-22 04:00:00+00:00,0.13929,0.13939,0.13684,0.13711,23915739.0
2025-11-22 04:15:00+00:00,0.13712,0.13751,0.13652,0.13702,16818891.0
2025-11-22 04:30:00+00:00,0.13701,0.13725,0.13565,0.13602,25185681.0
2025-11-22 04:45:00+00:00,0.13601,0.1378,0.13595,0.13762,16300841.0
2025-11-22 05:00:00+00:00,0.13763,0.13814,0.13717,0.13731,22809323.0
2025-11-22 05:15:00+00:00,0.1373,0.1373,0.13606,0.13682,10843402.0
2025-11-22 05:30:00+00:00,0.13682,0.13694,0.13579,0.13608,14205387.0
2025-11-22 05:45:00+00:00,0.13608,0.13731,0.13601,0.13704,12188179.0
2025-11-22 06:00:00+00:00,0.13704,0.13738,0.13606,0.13702,10299500.0
2025-11-22 06:15:00+00:00,0.13703,0.13842,0.13676,0.13803,12745831.0
2025-11-22 06:30:00+00:00,0.13803,0.13947,0.13798,0.139,18050479.0
2025-11-22 06:45:00+00:00,0.139,0.13934,0.1387,0.13906,6008594.0
2025-11-22 07:00:00+00:00,0.13906,0.13929,0.1387,0.139,7848047.0
2025-11-22 07:15:00+00:00,0.13901,0.14016,0.13869,0.13943,12021967.0
2025-11-22 07:30:00+00:00,0.13942,0.13965,0.13889,0.13948,5592535.0
2025-11-22 07:45:00+00:00,0.13947,0.13989,0.13939,0.13969,4110787.0
2025-11-22 08:00:00+00:00,0.13969,0.13973,0.13905,0.13942,4574647.0
2025-11-22 08:15:00+00:00,0.13941,0.13942,0.13746,0.13758,8405688.0
2025-11-22 08:30:00+00:00,0.13758,0.13763,0.13549,0.13644,38766871.0
2025-11-22 08:45:00+00:00,0.13644,0.13693,0.13615,0.13643,9389731.0
2025-11-22 09:00:00+00:00,0.13643,0.13745,0.13636,0.13721,12516995.0
2025-11-22 09:15:00+00:00,0.1372,0.13725,0.13582,0.13663,9106631.0
2025-11-22 09:30:00+00:00,0.13662,0.14011,0.1364,0.13851,49847291.0
2025-11-22 09:45:00+00:00,0.1385,0.13875,0.13781,0.13806,10645356.0
2025-11-22 10:00:00+00:00,0.13806,0.13872,0.13801,0.13827,7870171.0
2025-11-22 10:15:00+00:00,0.13826,0.13827,0.13601,0.13666,25355704.0
2025-11-22 10:30:00+00:00,0.13665,0.13699,0.13653,0.13673,8927184.0
2025-11-22 10:45:00+00:00,0.13674,0.13713,0.13609,0.13677,14366344.0
2025-11-22 11:00:00+00:00,0.13677,0.13785,0.13633,0.13782,9953297.0
2025-11-22 11:15:00+00:00,0.13781,0.13908,0.13729,0.13862,17755330.0
2025-11-22 11:30:00+00:00,0.13861,0.13886,0.1382,0.13847,10944275.0
2025-11-22 11:45:00+00:00,0.13847,0.13865,0.13819,0.13819,4756686.0
2025-11-22 12:00:00+00:00,0.13818,0.13829,0.13669,0.13701,8947638.0
2025-11-22 12:15:00+00:00,0.13702,0.13733,0.13675,0.13695,5374787.0
2025-11-22 12:30:00+00:00,0.13695,0.13743,0.13671,0.13681,5099663.0
2025-11-22 12:45:00+00:00,0.13681,0.13725,0.1364,0.13703,8664708.0
2025-11-22 13:00:00+00:00,0.13703,0.13751,0.1361,0.13698,17582868.0
2025-11-22 13:15:00+00:00,0.13698,0.13703,0.13614,0.13643,9572282.0
2025-11-22 13:30:00+00:00,0.13642,0.13662,0.13563,0.13622,15849179.0
2025-11-22 13:45:00+00:00,0.13622,0.13662,0.13608,0.13641,7775749.0
2025-11-22 14:00:00+00:00,0.1364,0.1377,0.13632,0.13761,10341828.0
2025-11-22 14:15:00+00:00,0.13761,0.13943,0.1376,0.13844,38293244.0
2025-11-22 14:30:00+00:00,0.13843,0.13896,0.13816,0.13828,11414170.0
2025-11-22 14:45:00+00:00,0.13827,0.1394,0.13781,0.1391,17387824.0
2025-11-22 15:00:00+00:00,0.13909,0.1393,0.13839,0.13864,10074375.0
2025-11-22 15:15:00+00:00,0.13863,0.13952,0.13859,0.13903,8181371.0
2025-11-22 15:30:00+00:00,0.13903,0.1391,0.13787,0.13794,9248174.0
2025-11-22 15:45:00+00:00,0.13793,0.1384,0.13729,0.13816,12061348.0
2025-11-22 16:00:00+00:00,0.13816,0.13964,0.13811,0.13925,12189589.0
2025-11-22 16:15:00+00:00,0.13925,0.13929,0.13871,0.13895,10446791.0
2025-11-22 16:30:00+00:00,0.13896,0.13956,0.13882,0.13951,9610608.0
2025-11-22 16:45:00+00:00,0.13952,0.13977,0.13917,0.13952,8696082.0
2025-11-22 17:00:00+00:00,0.13953,0.13958,0.13888,0.13915,8318995.0
2025-11-22 17:15:00+00:00,0.13916,0.13956,0.13892,0.13951,4042196.0
2025-11-22 17:30:00+00:00,0.13951,0.13953,0.13895,0.13908,3195363.0
2025-11-22 17:45:00+00:00,0.13907,0.1392,0.13868,0.13902,5332363.0
2025-11-22 18:00:00+00:00,0.13903,0.13935,0.13874,0.13914,3727454.0
2025-11-22 18:15:00+00:00,0.13913,0.13934,0.13899,0.13927,2752607.0
2025-11-22 18:30:00+00:00,0.13926,0.13934,0.13865,0.13911,3159237.0
2025-11-22 18:45:00+00:00,0.13912,0.13995,0.13904,0.13966,7170146.0
2025-11-22 19:00:00+00:00,0.13967,0.14018,0.13943,0.13987,3226237.0
2025-11-22 19:15:00+00:00,0.13987,0.14003,0.13927,0.13933,2283168.0
2025-11-22 19:30:00+00:00,0.13933,0.13955,0.13912,0.13927,3832341.0
2025-11-22 19:45:00+00:00,0.13927,0.13985,0.13921,0.13947,2297534.0
2025-11-22 20:00:00+00:00,0.13947,0.14,0.13944,0.13998,2986725.0
2025-11-22 20:15:00+00:00,0.13998,0.14015,0.13965,0.13985,5913266.0
2025-11-22 20:30:00+00:00,0.13984,0.13984,0.13885,0.13887,5312279.0
2025-11-22 20:45:00+00:00,0.13887,0.13927,0.13874,0.13916,4681255.0
2025-11-22 21:00:00+00:00,0.13915,0.13972,0.13901,0.13935,4964883.0
2025-11-22 21:15:00+00:00,0.13936,0.13997,0.13934,0.13989,3040164.0
2025-11-22 21:30:00+00:00,0.13988,0.13999,0.13948,0.13994,2643663.0
2025-11-22 21:45:00+00:00,0.13994,0.14014,0.13968,0.14008,6107687.0
2025-11-22 22:00:00+00:00,0.14009,0.1403,0.13939,0.14027,4168732.0
2025-11-22 22:15:00+00:00,0.14028,0.14073,0.13986,0.13995,5540675.0
2025-11-22 22:30:00+00:00,0.13995,0.1406,0.13987,0.14052,3558413.0
2025-11-22 22:45:00+00:00,0.14052,0.1424,0.14038,0.14145,13575405.0
2025-11-22 23:00:00+00:00,0.14145,0.14162,0.1404,0.14069,8419842.0
2025-11-22 23:15:00+00:00,0.1407,0.14083,0.13992,0.1404,5218166.0
2025-11-22 23:30:00+00:00,0.14039,0.14094,0.14014,0.14054,4523440.0
2025-11-22 23:45:00+00:00,0.14054,0.1406,0.14026,0.14027,2862845.0
2025-11-23 00:00:00+00:00,0.14027,0.14069,0.14023,0.14056,3803768.0
2025-11-23 00:15:00+00:00,0.14055,0.14102,0.14032,0.14053,5505990.0
2025-11-23 00:30:00+00:00,0.14052,0.14054,0.1398,0.13994,5051180.0
2025-11-23 00:45:00+00:00,0.13995,0.14033,0.13966,0.14022,3150021.0
2025-11-23 01:00:00+00:00,0.14023,0.14101,0.1402,0.14097,5039794.0
2025-11-23 01:15:00+00:00,0.14097,0.14137,0.14058,0.14097,6657537.0
2025-11-23 01:30:00+00:00,0.14098,0.14208,0.14085,0.14177,14576596.0
2025-11-23 01:45:00+00:00,0.14177,0.14227,0.14142,0.14171,10486935.0
2025-11-23 02:00:00+00:00,0.14171,0.14218,0.14124,0.14161,15026094.0
2025-11-23 02:15:00+00:00,0.1416,0.1424,0.14143,0.14223,10745957.0
2025-11-23 02:30:00+00:00,0.14222,0.14345,0.14215,0.14303,53897210.0
2025-11-23 02:45:00+00:00,0.14303,0.14331,0.1425,0.14265,12251312.0
2025-11-23 03:00:00+00:00,0.14265,0.14293,0.14211,0.14238,12079790.0
2025-11-23 03:15:00+00:00,0.14237,0.14263,0.14192,0.1422,8596377.0
2025-11-23 03:30:00+00:00,0.14221,0.14259,0.14205,0.14248,3693606.0
2025-11-23 03:45:00+00:00,0.14247,0.14294,0.14237,0.14289,9129266.0
2025-11-23 04:00:00+00:00,0.14289,0.14348,0.14279,0.14347,15887809.0
2025-11-23 04:15:00+00:00,0.14346,0.1447,0.14332,0.14371,31241891.0
2025-11-23 04:30:00+00:00,0.14371,0.14428,0.14363,0.14385,12566158.0
2025-11-23 04:45:00+00:00,0.14386,0.1442,0.14364,0.14375,11384002.0
2025-11-23 05:00:00+00:00,0.14375,0.1438,0.14333,0.14357,7577779.0
2025-11-23 05:15:00+00:00,0.14356,0.14371,0.14321,0.14328,9556920.0
2025-11-23 05:30:00+00:00,0.14327,0.14332,0.14297,0.14318,6365820.0
2025-11-23 05:45:00+00:00,0.14319,0.14385,0.14319,0.14367,7546103.0
2025-11-23 06:00:00+00:00,0.14367,0.14405,0.14356,0.14362,6801984.0
2025-11-23 06:15:00+00:00,0.14361,0.1437,0.14298,0.14331,15011200.0
2025-11-23 06:30:00+00:00,0.14332,0.14362,0.14303,0.14306,5889651.0
2025-11-23 06:45:00+00:00,0.14307,0.14318,0.1427,0.14285,4209921.0
2025-11-23 07:00:00+00:00,0.14284,0.14326,0.14227,0.14307,16591033.0
2025-11-23 07:15:00+00:00,0.14308,0.14314,0.14196,0.14215,17873767.0
2025-11-23 07:30:00+00:00,0.14214,0.1428,0.14203,0.14272,6813894.0
2025-11-23 07:45:00+00:00,0.14273,0.14293,0.14258,0.1429,4108966.0
2025-11-23 08:00:00+00:00,0.1429,0.1434,0.1429,0.14319,5490494.0
2025-11-23 08:15:00+00:00,0.14318,0.14326,0.1429,0.143,4647880.0
2025-11-23 08:30:00+00:00,0.14299,0.1433,0.14284,0.14286,1998447.0
2025-11-23 08:45:00+00:00,0.14287,0.14357,0.14287,0.14339,5407078.0
2025-11-23 09:00:00+00:00,0.14339,0.14372,0.14327,0.14366,3101015.0
2025-11-23 09:15:00+00:00,0.14365,0.14386,0.14337,0.14343,4062001.0
2025-11-23 09:30:00+00:00,0.14343,0.1441,0.14337,0.14399,7177154.0
2025-11-23 09:45:00+00:00,0.14398,0.14402,0.14332,0.14349,2225764.0
2025-11-23 10:00:00+00:00,0.14349,0.1436,0.14311,0.14316,2579090.0
2025-11-23 10:15:00+00:00,0.14317,0.14345,0.14291,0.14319,4284387.0
2025-11-23 10:30:00+00:00,0.14318,0.14355,0.14304,0.14349,2266661.0
2025-11-23 10:45:00+00:00,0.1435,0.14395,0.14338,0.14384,4802294.0
2025-11-23 11:00:00+00:00,0.14384,0.14415,0.14352,0.14368,7954137.0
2025-11-23 11:15:00+00:00,0.14369,0.14402,0.14327,0.14368,4203384.0
2025-11-23 11:30:00+00:00,0.14368,0.14396,0.14362,0.14389,2968128.0
2025-11-23 11:45:00+00:00,0.14389,0.14432,0.14362,0.14382,4762713.0
2025-11-23 12:00:00+00:00,0.14382,0.14443,0.14367,0.14434,8146018.0
2025-11-23 12:15:00+00:00,0.14433,0.14476,0.14425,0.14451,13756924.0
2025-11-23 12:30:00+00:00,0.14452,0.14519,0.14442,0.14465,13037882.0
2025-11-23 12:45:00+00:00,0.14466,0.14533,0.14455,0.14518,11285074.0
2025-11-23 13:00:00+00:00,0.14519,0.14543,0.1444,0.14451,9958869.0
2025-11-23 13:15:00+00:00,0.14451,0.14474,0.14438,0.14469,4987089.0
2025-11-23 13:30:00+00:00,0.14469,0.14515,0.14443,0.14504,6442564.0
2025-11-23 13:45:00+00:00,0.14503,0.14559,0.14486,0.14548,15321599.0
2025-11-23 14:00:00+00:00,0.14548,0.14644,0.14491,0.14508,31781505.0
2025-11-23 14:15:00+00:00,0.14507,0.14528,0.14462,0.14494,11616005.0
2025-11-23 14:30:00+00:00,0.14493,0.14526,0.14457,0.14463,6607874.0
2025-11-23 14:45:00+00:00,0.14463,0.14515,0.14454,0.14491,8774426.0
2025-11-23 15:00:00+00:00,0.14492,0.14564,0.14467,0.14543,7845384.0
2025-11-23 15:15:00+00:00,0.14543,0.14594,0.14527,0.14574,7816984.0
2025-11-23 15:30:00+00:00,0.14575,0.14725,0.14555,0.14711,17353479.0
2025-11-23 15:45:00+00:00,0.14711,0.14775,0.14673,0.14724,12869413.0
2025-11-23 16:00:00+00:00,0.14724,0.14767,0.14657,0.14672,13568578.0
2025-11-23 16:15:00+00:00,0.14673,0.14687,0.14611,0.14641,7173866.0
2025-11-23 16:30:00+00:00,0.1464,0.14742,0.14626,0.14716,9034981.0
2025-11-23 16:45:00+00:00,0.14717,0.14717,0.1454,0.14551,6560050.0
2025-11-23 17:00:00+00:00,0.14552,0.14571,0.145,0.14546,12802830.0
2025-11-23 17:15:00+00:00,0.14547,0.14556,0.14469,0.14549,10107845.0
2025-11-23 17:30:00+00:00,0.14548,0.14568,0.14507,0.14559,4410780.0
2025-11-23 17:45:00+00:00,0.14559,0.1456,0.14463,0.14493,5970094.0
2025-11-23 18:00:00+00:00,0.14493,0.14558,0.14493,0.14543,4337851.0
2025-11-23 18:15:00+00:00,0.14544,0.14617,0.14544,0.14556,5734581.0
2025-11-23 18:30:00+00:00,0.14557,0.14655,0.14557,0.14636,4712512.0
2025-11-23 18:45:00+00:00,0.14635,0.14636,0.14594,0.14612,4662615.0
2025-11-23 19:00:00+00:00,0.14612,0.14646,0.1459,0.14641,2386125.0
2025-11-23 19:15:00+00:00,0.14641,0.147,0.14641,0.14671,5390205.0
2025-11-23 19:30:00+00:00,0.14671,0.1474,0.14668,0.14695,5380580.0
2025-11-23 19:45:00+00:00,0.14695,0.147,0.14646,0.14658,3843880.0
2025-11-23 20:00:00+00:00,0.14659,0.14708,0.14643,0.14707,4754287.0
2025-11-23 20:15:00+00:00,0.14707,0.14716,0.14666,0.14684,3527898.0
2025-11-23 20:30:00+00:00,0.14684,0.14684,0.14621,0.14639,5348853.0
2025-11-23 20:45:00+00:00,0.14639,0.14668,0.14635,0.1465,3891391.0
2025-11-23 21:00:00+00:00,0.14651,0.14651,0.14579,0.14607,3899392.0
2025-11-23 21:15:00+00:00,0.14606,0.14713,0.14603,0.147,5869660.0
2025-11-23 21:30:00+00:00,0.14699,0.1471,0.1466,0.14681,3382878.0
2025-11-23 21:45:00+00:00,0.14682,0.14736,0.14672,0.14704,3886336.0
2025-11-23 22:00:00+00:00,0.14705,0.14728,0.14639,0.14661,6301237.0
2025-11-23 22:15:00+00:00,0.14662,0.1472,0.14636,0.14715,5288911.0
2025-11-23 22:30:00+00:00,0.14715,0.14715,0.14677,0.1469,4379108.0
2025-11-23 22:45:00+00:00,0.1469,0.14754,0.14687,0.14744,3441027.0
2025-11-23 23:00:00+00:00,0.14744,0.14757,0.14605,0.14612,8171145.0
2025-11-23 23:15:00+00:00,0.14611,0.14628,0.14521,0.14559,11328602.0
2025-11-23 23:30:00+00:00,0.14559,0.14565,0.14497,0.14546,7285641.0
2025-11-23 23:45:00+00:00,0.14547,0.14559,0.1443,0.145,45039119.0
2025-11-24 00:00:00+00:00,0.145,0.14502,0.14388,0.1442,20158299.0
2025-11-24 00:15:00+00:00,0.14419,0.1451,0.14355,0.14491,18185224.0
2025-11-24 00:30:00+00:00,0.1449,0.14584,0.14453,0.14547,11074436.0
2025-11-24 00:45:00+00:00,0.14547,0.14589,0.14484,0.14501,11010276.0
2025-11-24 01:00:00+00:00,0.14502,0.14538,0.14467,0.145,8220654.0
2025-11-24 01:15:00+00:00,0.14499,0.14528,0.1446,0.1449,7008613.0
2025-11-24 01:30:00+00:00,0.1449,0.14493,0.14399,0.14433,10903424.0
2025-11-24 01:45:00+00:00,0.14433,0.14593,0.14409,0.14593,12318202.0
2025-11-24 02:00:00+00:00,0.14593,0.14851,0.14583,0.14824,41924760.0
2025-11-24 02:15:00+00:00,0.14824,0.1493,0.14814,0.14819,56433986.0
2025-11-24 02:30:00+00:00,0.1482,0.1485,0.14679,0.14689,44640804.0
2025-11-24 02:45:00+00:00,0.1469,0.14729,0.14659,0.14718,6776123.0
2025-11-24 03:00:00+00:00,0.14718,0.14738,0.1466,0.14689,10224375.0
2025-11-24 03:15:00+00:00,0.14689,0.14848,0.14673,0.14785,10436955.0
2025-11-24 03:30:00+00:00,0.14786,0.14812,0.14737,0.14761,4612392.0
2025-11-24 03:45:00+00:00,0.14762,0.14781,0.14716,0.14732,5999727.0
2025-11-24 04:00:00+00:00,0.14732,0.14776,0.14699,0.14699,10521550.0
2025-11-24 04:15:00+00:00,0.14699,0.14699,0.14453,0.14492,24950163.0
2025-11-24 04:30:00+00:00,0.14492,0.14568,0.14485,0.14558,6444725.0
2025-11-24 04:45:00+00:00,0.14558,0.14569,0.14511,0.14535,3959631.0
2025-11-24 05:00:00+00:00,0.14534,0.14811,0.14511,0.14795,17806034.0
2025-11-24 05:15:00+00:00,0.14796,0.1489,0.14759,0.14843,14470253.0
2025-11-24 05:30:00+00:00,0.14842,0.14843,0.14759,0.14772,7621196.0
2025-11-24 05:45:00+00:00,0.14773,0.14814,0.14742,0.14794,6590669.0
2025-11-24 06:00:00+00:00,0.14793,0.14805,0.14625,0.14639,11173540.0
2025-11-24 06:15:00+00:00,0.1464,0.14701,0.14625,0.14654,8626992.0
2025-11-24 06:30:00+00:00,0.14654,0.14676,0.14611,0.1463,7493270.0
2025-11-24 06:45:00+00:00,0.14629,0.14692,0.146,0.1469,8730989.0
2025-11-24 07:00:00+00:00,0.14689,0.14689,0.14617,0.14636,3262573.0
2025-11-24 07:15:00+00:00,0.14637,0.14668,0.146,0.14606,4579287.0
2025-11-24 07:30:00+00:00,0.14605,0.14711,0.14593,0.14689,4549293.0
2025-11-24 07:45:00+00:00,0.14688,0.14694,0.14611,0.14623,5724663.0
2025-11-24 08:00:00+00:00,0.14623,0.14648,0.14575,0.14643,9224154.0
2025-11-24 08:15:00+00:00,0.14643,0.14672,0.14603,0.14621,4438780.0
2025-11-24 08:30:00+00:00,0.14621,0.14638,0.14604,0.14627,4307139.0
2025-11-24 08:45:00+00:00,0.14626,0.147,0.146,0.14674,4361611.0
2025-11-24 09:00:00+00:00,0.14673,0.14684,0.14566,0.14594,8656933.0
2025-11-24 09:15:00+00:00,0.14593,0.14593,0.14395,0.14427,21868796.0
2025-11-24 09:30:00+00:00,0.14427,0.14533,0.14418,0.14458,8954241.0
2025-11-24 09:45:00+00:00,0.14457,0.14481,0.14437,0.14464,6929880.0
2025-11-24 10:00:00+00:00,0.14464,0.14538,0.14453,0.14482,4387136.0
2025-11-24 10:15:00+00:00,0.14482,0.1453,0.1448,0.14527,5142013.0
2025-11-24 10:30:00+00:00,0.14528,0.14591,0.1448,0.14555,7226476.0
2025-11-24 10:45:00+00:00,0.14555,0.14578,0.1453,0.14562,2397186.0
2025-11-24 11:00:00+00:00,0.14562,0.14566,0.1448,0.14547,3086700.0
2025-11-24 11:15:00+00:00,0.14546,0.14547,0.14494,0.14516,3832759.0
2025-11-24 11:30:00+00:00,0.14517,0.14573,0.14508,0.14567,3600537.0
2025-11-24 11:45:00+00:00,0.14568,0.14585,0.14535,0.14551,2402840.0
2025-11-24 12:00:00+00:00,0.1455,0.1455,0.14471,0.14486,10851224.0
2025-11-24 12:15:00+00:00,0.14485,0.14529,0.14481,0.14527,2704129.0
2025-11-24 12:30:00+00:00,0.14527,0.1455,0.14475,0.14486,5406230.0
2025-11-24 12:45:00+00:00,0.14487,0.14523,0.14448,0.14497,4420576.0
2025-11-24 13:00:00+00:00,0.14497,0.14653,0.14478,0.14619,11819543.0
2025-11-24 13:15:00+00:00,0.14619,0.14664,0.14587,0.14643,11144105.0
2025-11-24 13:30:00+00:00,0.14642,0.14699,0.14621,0.14676,15484838.0
2025-11-24 13:45:00+00:00,0.14677,0.14678,0.14571,0.14578,6613897.0
2025-11-24 14:00:00+00:00,0.14577,0.14577,0.1451,0.14516,7677348.0
2025-11-24 14:15:00+00:00,0.14515,0.14528,0.14463,0.14466,8749066.0
2025-11-24 14:30:00+00:00,0.14465,0.1471,0.14413,0.14435,37039519.0
2025-11-24 14:45:00+00:00,0.14434,0.14536,0.14279,0.14536,42174261.0
2025-11-24 15:00:00+00:00,0.14537,0.14611,0.14494,0.14574,18583479.0
2025-11-24 15:15:00+00:00,0.14573,0.14598,0.14468,0.14536,9937131.0
2025-11-24 15:30:00+00:00,0.14536,0.14711,0.145,0.14698,18375023.0
2025-11-24 15:45:00+00:00,0.14699,0.14763,0.14655,0.14681,13700197.0
2025-11-24 16:00:00+00:00,0.14682,0.14794,0.14673,0.14688,20605047.0
2025-11-24 16:15:00+00:00,0.14689,0.1479,0.14689,0.14739,11918234.0
2025-11-24 16:30:00+00:00,0.14738,0.14815,0.14709,0.14805,11170360.0
2025-11-24 16:45:00+00:00,0.14805,0.14854,0.1474,0.14755,13322896.0
2025-11-24 17:00:00+00:00,0.14756,0.14812,0.14755,0.14776,7758703.0
2025-11-24 17:15:00+00:00,0.14776,0.1505,0.14767,0.15029,34903012.0
2025-11-24 17:30:00+00:00,0.1503,0.15138,0.15013,0.15091,31253760.0
2025-11-24 17:45:00+00:00,0.15091,0.15237,0.15076,0.1521,19093133.0
2025-11-24 18:00:00+00:00,0.15211,0.15288,0.15189,0.15217,33045594.0
2025-11-24 18:15:00+00:00,0.15218,0.1527,0.15178,0.15206,11133441.0
2025-11-24 18:30:00+00:00,0.15207,0.15294,0.15174,0.15261,14557207.0
2025-11-24 18:45:00+00:00,0.15262,0.153,0.15223,0.15254,7899746.0
2025-11-24 19:00:00+00:00,0.15254,0.15331,0.15232,0.15293,15232376.0
2025-11-24 19:15:00+00:00,0.15293,0.15324,0.15259,0.15301,7824753.0
2025-11-24 19:30:00+00:00,0.15302,0.15316,0.15224,0.15237,7108828.0
2025-11-24 19:45:00+00:00,0.15237,0.15275,0.15211,0.15248,6807502.0
2025-11-24 20:00:00+00:00,0.15249,0.15397,0.15224,0.15343,20236562.0
2025-11-24 20:15:00+00:00,0.15343,0.15367,0.15311,0.15364,8154470.0
2025-11-24 20:30:00+00:00,0.15364,0.15377,0.15324,0.15342,7099771.0
2025-11-24 20:45:00+00:00,0.15343,0.1537,0.15321,0.15321,10354102.0
2025-11-24 21:00:00+00:00,0.1532,0.15322,0.15279,0.15299,7169869.0
2025-11-24 21:15:00+00:00,0.153,0.15307,0.15262,0.15273,5064045.0
2025-11-24 21:30:00+00:00,0.15273,0.153,0.15196,0.15197,8103319.0
2025-11-24 21:45:00+00:00,0.15196,0.15229,0.15175,0.1522,10995236.0
2025-11-24 22:00:00+00:00,0.15219,0.15315,0.15217,0.15265,13297406.0
2025-11-24 22:15:00+00:00,0.15264,0.15264,0.15214,0.15248,4593493.0
2025-11-24 22:30:00+00:00,0.15248,0.15284,0.15233,0.15244,4006852.0
2025-11-24 22:45:00+00:00,0.15243,0.15286,0.15204,0.15278,3773923.0
2025-11-24 23:00:00+00:00,0.15277,0.1529,0.15231,0.15264,9383138.0
2025-11-24 23:15:00+00:00,0.15265,0.15273,0.15242,0.15263,2128947.0
2025-11-24 23:30:00+00:00,0.15262,0.15262,0.15209,0.15223,3980336.0
2025-11-24 23:45:00+00:00,0.15223,0.15223,0.15172,0.15181,9745488.0
2025-11-25 00:00:00+00:00,0.1518,0.15216,0.15127,0.15166,8654287.0
2025-11-25 00:15:00+00:00,0.15166,0.15183,0.15095,0.15106,10836294.0
2025-11-25 00:30:00+00:00,0.15107,0.15203,0.15076,0.15169,11126914.0
2025-11-25 00:45:00+00:00,0.15168,0.15217,0.15143,0.15184,6676154.0
2025-11-25 01:00:00+00:00,0.15183,0.1523,0.15143,0.15215,9315059.0
2025-11-25 01:15:00+00:00,0.15215,0.1522,0.15157,0.15175,7825193.0
2025-11-25 01:30:00+00:00,0.15175,0.15216,0.15154,0.15188,3577031.0
2025-11-25 01:45:00+00:00,0.15188,0.15195,0.15119,0.15122,6765698.0
2025-11-25 02:00:00+00:00,0.15122,0.1516,0.15081,0.15111,8818635.0
2025-11-25 02:15:00+00:00,0.15111,0.15134,0.15036,0.15052,8293644.0
2025-11-25 02:30:00+00:00,0.15051,0.15105,0.15023,0.15089,7788375.0
2025-11-25 02:45:00+00:00,0.15089,0.15174,0.15088,0.15163,3477637.0
2025-11-25 03:00:00+00:00,0.15164,0.15194,0.15121,0.15134,7451800.0
2025-11-25 03:15:00+00:00,0.15133,0.15172,0.15111,0.15167,4127080.0
2025-11-25 03:30:00+00:00,0.15166,0.15167,0.15082,0.15094,3519261.0
2025-11-25 03:45:00+00:00,0.15093,0.15124,0.15072,0.15119,4805773.0
2025-11-25 04:00:00+00:00,0.15118,0.15169,0.15108,0.15167,2976490.0
2025-11-25 04:15:00+00:00,0.15166,0.15175,0.15092,0.15128,4371793.0
2025-11-25 04:30:00+00:00,0.15127,0.1518,0.15122,0.15142,3587543.0
2025-11-25 04:45:00+00:00,0.15141,0.15201,0.15137,0.15184,4290431.0
2025-11-25 05:00:00+00:00,0.15185,0.15185,0.15136,0.15161,4657913.0
2025-11-25 05:15:00+00:00,0.15161,0.15164,0.15087,0.15097,5098006.0
2025-11-25 05:30:00+00:00,0.15096,0.15168,0.15094,0.15168,3264421.0
2025-11-25 05:45:00+00:00,0.15168,0.15184,0.15142,0.15142,3462758.0
2025-11-25 06:00:00+00:00,0.15142,0.15146,0.15112,0.15118,2844769.0
2025-11-25 06:15:00+00:00,0.15118,0.15132,0.15083,0.15086,1783416.0
2025-11-25 06:30:00+00:00,0.15085,0.15105,0.1506,0.15078,3809192.0
2025-11-25 06:45:00+00:00,0.15077,0.15109,0.15061,0.1509,3905716.0
2025-11-25 07:00:00+00:00,0.1509,0.15099,0.15029,0.1508,4962157.0
2025-11-25 07:15:00+00:00,0.1508,0.15083,0.14991,0.15007,8283529.0
2025-11-25 07:30:00+00:00,0.15008,0.15041,0.14995,0.15016,5574685.0
2025-11-25 07:45:00+00:00,0.15016,0.15023,0.14915,0.14927,15867216.0
2025-11-25 08:00:00+00:00,0.14927,0.14959,0.14917,0.1492,5894890.0
2025-11-25 08:15:00+00:00,0.1492,0.14974,0.1492,0.14954,4783175.0
2025-11-25 08:30:00+00:00,0.14953,0.14954,0.14889,0.14922,3880422.0
2025-11-25 08:45:00+00:00,0.14923,0.14931,0.14823,0.14833,13338570.0
2025-11-25 09:00:00+00:00,0.14834,0.14859,0.1481,0.14813,7915726.0
2025-11-25 09:15:00+00:00,0.14813,0.14821,0.14752,0.14753,6637252.0
2025-11-25 09:30:00+00:00,0.14753,0.14858,0.14752,0.14851,6682776.0
2025-11-25 09:45:00+00:00,0.14851,0.14867,0.14811,0.14862,6140679.0
2025-11-25 10:00:00+00:00,0.14862,0.14862,0.1481,0.14818,3751436.0
2025-11-25 10:15:00+00:00,0.14818,0.14869,0.14792,0.14855,3480329.0
2025-11-25 10:30:00+00:00,0.14854,0.14885,0.14836,0.14859,3958722.0
2025-11-25 10:45:00+00:00,0.14858,0.1491,0.14848,0.14899,7000625.0
2025-11-25 11:00:00+00:00,0.149,0.14901,0.14864,0.1487,4104008.0
2025-11-25 11:15:00+00:00,0.1487,0.14898,0.14837,0.14866,3763345.0
2025-11-25 11:30:00+00:00,0.14866,0.14906,0.14844,0.14895,6211451.0
2025-11-25 11:45:00+00:00,0.14895,0.14909,0.14856,0.14863,3539590.0
2025-11-25 12:00:00+00:00,0.14864,0.1496,0.14829,0.14954,9214648.0
2025-11-25 12:15:00+00:00,0.14953,0.15,0.14887,0.14972,47015850.0
2025-11-25 12:30:00+00:00,0.14971,0.15013,0.14909,0.14976,10855405.0
2025-11-25 12:45:00+00:00,0.14976,0.14978,0.14937,0.14947,5181458.0
2025-11-25 13:00:00+00:00,0.14946,0.14957,0.14896,0.14936,9356029.0
2025-11-25 13:15:00+00:00,0.14936,0.14976,0.14931,0.14946,9953017.0
2025-11-25 13:30:00+00:00,0.14946,0.14977,0.14793,0.1481,27999315.0
2025-11-25 13:45:00+00:00,0.1481,0.14839,0.14767,0.14806,10882603.0
2025-11-25 14:00:00+00:00,0.14807,0.14872,0.14797,0.14841,7635595.0
2025-11-25 14:15:00+00:00,0.14841,0.14898,0.14827,0.14884,10697401.0
2025-11-25 14:30:00+00:00,0.14883,0.14895,0.14698,0.14734,22355094.0
2025-11-25 14:45:00+00:00,0.14733,0.14754,0.14585,0.14743,44286406.0
2025-11-25 15:00:00+00:00,0.14744,0.14771,0.14608,0.14695,18055033.0
2025-11-25 15:15:00+00:00,0.14695,0.14726,0.14623,0.14714,14053810.0
2025-11-25 15:30:00+00:00,0.14714,0.14838,0.14714,0.14835,16119500.0
2025-11-25 15:45:00+00:00,0.14835,0.1487,0.14761,0.14798,8239882.0
2025-11-25 16:00:00+00:00,0.14798,0.14856,0.14793,0.14823,8394616.0
2025-11-25 16:15:00+00:00,0.14823,0.15014,0.14813,0.15011,11079692.0
2025-11-25 16:30:00+00:00,0.15012,0.15052,0.14935,0.14993,14393358.0
2025-11-25 16:45:00+00:00,0.14992,0.15005,0.14945,0.14975,8990013.0
2025-11-25 17:00:00+00:00,0.14974,0.15065,0.14915,0.15058,11497208.0
2025-11-25 17:15:00+00:00,0.15058,0.15081,0.1499,0.15052,12731255.0
2025-11-25 17:30:00+00:00,0.15051,0.15172,0.15033,0.15143,13907028.0
2025-11-25 17:45:00+00:00,0.15144,0.15197,0.15102,0.15106,9067353.0
2025-11-25 18:00:00+00:00,0.15106,0.15137,0.15079,0.15122,7600753.0
2025-11-25 18:15:00+00:00,0.15121,0.15202,0.15121,0.15166,10968836.0
2025-11-25 18:30:00+00:00,0.15167,0.15222,0.15155,0.15162,6030423.0
2025-11-25 18:45:00+00:00,0.15163,0.15195,0.15095,0.15106,4469467.0
2025-11-25 19:00:00+00:00,0.15106,0.15135,0.14934,0.14978,17070924.0
2025-11-25 19:15:00+00:00,0.14978,0.14982,0.14842,0.14863,15474377.0
2025-11-25 19:30:00+00:00,0.14862,0.14991,0.14856,0.14987,8393415.0
2025-11-25 19:45:00+00:00,0.14987,0.15119,0.14967,0.15107,18518118.0
2025-11-25 20:00:00+00:00,0.15108,0.15159,0.15083,0.15121,16544199.0
2025-11-25 20:15:00+00:00,0.15121,0.15256,0.15108,0.15236,6429469.0
2025-11-25 20:30:00+00:00,0.15236,0.15362,0.15223,0.15303,13393191.0
2025-11-25 20:45:00+00:00,0.15303,0.15351,0.15289,0.15291,6997427.0
2025-11-25 21:00:00+00:00,0.1529,0.15296,0.15246,0.15275,8111489.0
2025-11-25 21:15:00+00:00,0.15276,0.15341,0.15274,0.15292,3675451.0
2025-11-25 21:30:00+00:00,0.15291,0.15302,0.15235,0.15268,2791596.0
2025-11-25 21:45:00+00:00,0.15268,0.15319,0.15258,0.15269,3891741.0
2025-11-25 22:00:00+00:00,0.15269,0.15269,0.15117,0.15137,11588734.0
2025-11-25 22:15:00+00:00,0.15137,0.15264,0.15127,0.1523,9854932.0
2025-11-25 22:30:00+00:00,0.1523,0.1535,0.15217,0.15281,14652899.0
2025-11-25 22:45:00+00:00,0.15281,0.15377,0.15237,0.15339,22397565.0
2025-11-25 23:00:00+00:00,0.15338,0.15489,0.15292,0.15478,44514581.0
2025-11-25 23:15:00+00:00,0.15479,0.15504,0.15395,0.154,23210170.0
2025-11-25 23:30:00+00:00,0.154,0.15432,0.15371,0.15372,6767985.0
2025-11-25 23:45:00+00:00,0.15373,0.15384,0.15289,0.15301,7950524.0
2025-11-26 00:00:00+00:00,0.15301,0.15342,0.15292,0.15342,11544824.0
2025-11-26 00:15:00+00:00,0.15342,0.15359,0.15268,0.15293,9248775.0
2025-11-26 00:30:00+00:00,0.15293,0.15328,0.1526,0.15298,7315478.0
2025-11-26 00:45:00+00:00,0.15298,0.15336,0.15257,0.15274,4305139.0
2025-11-26 01:00:00+00:00,0.15275,0.15278,0.15222,0.15245,6983527.0
2025-11-26 01:15:00+00:00,0.15244,0.15293,0.15197,0.1528,4558010.0
2025-11-26 01:30:00+00:00,0.1528,0.15404,0.15258,0.15358,14716031.0
2025-11-26 01:45:00+00:00,0.15358,0.15364,0.1527,0.15302,9627900.0
2025-11-26 02:00:00+00:00,0.15303,0.15319,0.15261,0.15286,3366464.0
2025-11-26 02:15:00+00:00,0.15285,0.15306,0.15237,0.15252,4522819.0
2025-11-26 02:30:00+00:00,0.15251,0.15266,0.15219,0.15246,3560049.0
2025-11-26 02:45:00+00:00,0.15246,0.1525,0.15173,0.15177,6819469.0
2025-11-26 03:00:00+00:00,0.15176,0.15193,0.15159,0.15183,6714078.0
2025-11-26 03:15:00+00:00,0.15184,0.15214,0.15166,0.15174,5681532.0
2025-11-26 03:30:00+00:00,0.15174,0.15175,0.15085,0.15091,10242120.0
2025-11-26 03:45:00+00:00,0.15092,0.15095,0.15033,0.15057,8269420.0
2025-11-26 04:00:00+00:00,0.15058,0.15084,0.15001,0.15008,13428419.0
2025-11-26 04:15:00+00:00,0.15008,0.15073,0.15008,0.15055,4367038.0
2025-11-26 04:30:00+00:00,0.15054,0.15073,0.15044,0.15055,6413995.0
2025-11-26 04:45:00+00:00,0.15054,0.15058,0.15032,0.15037,2294402.0
2025-11-26 05:00:00+00:00,0.15037,0.15089,0.15031,0.15077,2355895.0
2025-11-26 05:15:00+00:00,0.15076,0.15148,0.1507,0.15079,9202921.0
2025-11-26 05:30:00+00:00,0.1508,0.15148,0.1508,0.1513,3805039.0
2025-11-26 05:45:00+00:00,0.1513,0.15173,0.15117,0.15166,4699221.0
2025-11-26 06:00:00+00:00,0.15166,0.15184,0.15136,0.15156,3346097.0
2025-11-26 06:15:00+00:00,0.15156,0.15159,0.151,0.15129,3459755.0
2025-11-26 06:30:00+00:00,0.15129,0.15175,0.15111,0.15175,2675417.0
2025-11-26 06:45:00+00:00,0.15176,0.1523,0.15151,0.1521,8360609.0
2025-11-26 07:00:00+00:00,0.1521,0.15229,0.15186,0.15204,2765251.0
2025-11-26 07:15:00+00:00,0.15204,0.15228,0.15182,0.15219,2882019.0
2025-11-26 07:30:00+00:00,0.15218,0.15234,0.15192,0.15194,3790796.0
2025-11-26 07:45:00+00:00,0.15195,0.15246,0.15184,0.1524,3350478.0
2025-11-26 08:00:00+00:00,0.1524,0.15241,0.15188,0.15195,3700983.0
2025-11-26 08:15:00+00:00,0.15196,0.15204,0.15127,0.15135,4982510.0
2025-11-26 08:30:00+00:00,0.15135,0.15148,0.15116,0.15142,5161653.0
2025-11-26 08:45:00+00:00,0.15142,0.15163,0.15108,0.1511,7512609.0
2025-11-26 09:00:00+00:00,0.15111,0.15143,0.1509,0.1509,5579157.0
2025-11-26 09:15:00+00:00,0.15089,0.15089,0.15039,0.15041,6012102.0
2025-11-26 09:30:00+00:00,0.15041,0.15059,0.15017,0.15039,4660211.0
2025-11-26 09:45:00+00:00,0.1504,0.15041,0.14995,0.15011,7189321.0
2025-11-26 10:00:00+00:00,0.15011,0.15066,0.1501,0.15042,4730956.0
2025-11-26 10:15:00+00:00,0.15042,0.15042,0.14985,0.15016,5683618.0
2025-11-26 10:30:00+00:00,0.15016,0.15031,0.14965,0.15022,6734653.0
2025-11-26 10:45:00+00:00,0.15021,0.15055,0.15001,0.15046,5084836.0
2025-11-26 11:00:00+00:00,0.15046,0.15048,0.15013,0.15027,2865414.0
2025-11-26 11:15:00+00:00,0.15027,0.15041,0.14996,0.15001,5295979.0
2025-11-26 11:30:00+00:00,0.15001,0.15034,0.14985,0.15024,4122215.0
2025-11-26 11:45:00+00:00,0.15023,0.15026,0.14967,0.14989,6011052.0
2025-11-26 12:00:00+00:00,0.14988,0.15019,0.14895,0.14903,19446243.0
2025-11-26 12:15:00+00:00,0.14903,0.14931,0.14862,0.14922,10301255.0
2025-11-26 12:30:00+00:00,0.14923,0.14954,0.14898,0.14937,7989251.0
2025-11-26 12:45:00+00:00,0.14937,0.14967,0.14937,0.14945,3433409.0
2025-11-26 13:00:00+00:00,0.14944,0.14969,0.14921,0.14952,3986443.0
2025-11-26 13:15:00+00:00,0.14952,0.15037,0.1495,0.1503,7445178.0
2025-11-26 13:30:00+00:00,0.15029,0.15104,0.14969,0.15074,14128604.0
2025-11-26 13:45:00+00:00,0.15074,0.15094,0.15049,0.15076,8735513.0
2025-11-26 14:00:00+00:00,0.15075,0.15075,0.15,0.15055,7306022.0
2025-11-26 14:15:00+00:00,0.15055,0.15063,0.15021,0.15047,3476506.0
2025-11-26 14:30:00+00:00,0.15047,0.15106,0.14971,0.15078,15930155.0
2025-11-26 14:45:00+00:00,0.15078,0.152,0.14978,0.15017,56239965.0
2025-11-26 15:00:00+00:00,0.15017,0.15103,0.15006,0.15046,13111602.0
2025-11-26 15:15:00+00:00,0.15045,0.15149,0.14979,0.15131,27214723.0
2025-11-26 15:30:00+00:00,0.15132,0.1514,0.15034,0.15034,7935901.0
2025-11-26 15:45:00+00:00,0.15034,0.1507,0.14994,0.1507,11325639.0
2025-11-26 16:00:00+00:00,0.1507,0.15219,0.15069,0.15211,14057782.0
2025-11-26 16:15:00+00:00,0.15212,0.15277,0.15185,0.15186,13725444.0
2025-11-26 16:30:00+00:00,0.15186,0.15255,0.15173,0.15204,9661647.0
2025-11-26 16:45:00+00:00,0.15205,0.15218,0.15157,0.1521,8846976.0
2025-11-26 17:00:00+00:00,0.1521,0.1529,0.152,0.15221,21213866.0
2025-11-26 17:15:00+00:00,0.15221,0.15475,0.15204,0.15454,16934352.0
2025-11-26 17:30:00+00:00,0.15453,0.15567,0.15402,0.15562,28844356.0
2025-11-26 17:45:00+00:00,0.15563,0.15606,0.15534,0.15573,22735447.0
2025-11-26 18:00:00+00:00,0.15573,0.15648,0.15539,0.15636,28501015.0
2025-11-26 18:15:00+00:00,0.15637,0.15681,0.15611,0.15651,15513941.0
2025-11-26 18:30:00+00:00,0.1565,0.15654,0.1554,0.15553,16019932.0
2025-11-26 18:45:00+00:00,0.15553,0.15671,0.15542,0.15666,8693011.0
2025-11-26 19:00:00+00:00,0.15666,0.15676,0.15561,0.15574,12975023.0
2025-11-26 19:15:00+00:00,0.15575,0.15605,0.1556,0.15574,5006701.0
2025-11-26 19:30:00+00:00,0.15574,0.15632,0.15574,0.15586,7319581.0
2025-11-26 19:45:00+00:00,0.15585,0.15618,0.15565,0.15589,7030544.0
2025-11-26 20:00:00+00:00,0.15588,0.15618,0.1552,0.15611,8797535.0
2025-11-26 20:15:00+00:00,0.1561,0.15633,0.15573,0.15583,6912282.0
2025-11-26 20:30:00+00:00,0.15582,0.15598,0.15516,0.15518,8636435.0
2025-11-26 20:45:00+00:00,0.15518,0.15554,0.15507,0.15538,3450294.0
2025-11-26 21:00:00+00:00,0.15537,0.15547,0.15497,0.15498,2491174.0
2025-11-26 21:15:00+00:00,0.15497,0.15587,0.15471,0.15575,7506129.0
2025-11-26 21:30:00+00:00,0.15575,0.15603,0.15543,0.15564,5064895.0
2025-11-26 21:45:00+00:00,0.15564,0.15615,0.15562,0.15568,4143159.0
2025-11-26 22:00:00+00:00,0.15569,0.15623,0.15538,0.15572,4438934.0
2025-11-26 22:15:00+00:00,0.15571,0.15621,0.15543,0.15566,3635901.0
2025-11-26 22:30:00+00:00,0.15567,0.15583,0.15516,0.15516,3376647.0
2025-11-26 22:45:00+00:00,0.15516,0.15557,0.15506,0.15527,10629597.0
2025-11-26 23:00:00+00:00,0.15526,0.15575,0.15511,0.15548,5370249.0
2025-11-26 23:15:00+00:00,0.15547,0.15547,0.15437,0.1545,36136713.0
2025-11-26 23:30:00+00:00,0.1545,0.15467,0.15428,0.1546,8071409.0
2025-11-26 23:45:00+00:00,0.15459,0.15493,0.15455,0.15474,5038350.0
2025-11-27 00:00:00+00:00,0.15473,0.15485,0.15391,0.15418,12756854.0
2025-11-27 00:15:00+00:00,0.15417,0.15434,0.15402,0.15424,7939838.0
2025-11-27 00:30:00+00:00,0.15424,0.1546,0.1542,0.15443,4571200.0
2025-11-27 00:45:00+00:00,0.15442,0.15501,0.15435,0.15446,7273123.0
2025-11-27 01:00:00+00:00,0.15446,0.1554,0.15432,0.15464,10859087.0
2025-11-27 01:15:00+00:00,0.15464,0.15491,0.15422,0.15435,2704102.0
2025-11-27 01:30:00+00:00,0.15434,0.15483,0.1541,0.15474,2491428.0
2025-11-27 01:45:00+00:00,0.15473,0.15532,0.15467,0.15513,8360124.0
2025-11-27 02:00:00+00:00,0.15512,0.1552,0.15464,0.15492,5954449.0
2025-11-27 02:15:00+00:00,0.15492,0.15556,0.15488,0.15554,8134461.0
2025-11-27 02:30:00+00:00,0.15554,0.15559,0.15486,0.15553,5429700.0
2025-11-27 02:45:00+00:00,0.15554,0.15559,0.15451,0.15467,7037579.0
2025-11-27 03:00:00+00:00,0.15467,0.15494,0.15441,0.15477,3916510.0
2025-11-27 03:15:00+00:00,0.15476,0.15511,0.15457,0.15458,2649638.0
2025-11-27 03:30:00+00:00,0.15458,0.1546,0.15379,0.15397,7918304.0
2025-11-27 03:45:00+00:00,0.15398,0.1541,0.15375,0.15392,3675739.0
2025-11-27 04:00:00+00:00,0.15391,0.15467,0.1539,0.15455,2916658.0
2025-11-27 04:15:00+00:00,0.15456,0.15486,0.15447,0.15451,5635562.0
2025-11-27 04:30:00+00:00,0.15451,0.15473,0.15433,0.15451,2882029.0
2025-11-27 04:45:00+00:00,0.15451,0.15473,0.15439,0.1547,1398971.0
2025-11-27 05:00:00+00:00,0.1547,0.15471,0.15437,0.15463,3767261.0
2025-11-27 05:15:00+00:00,0.15462,0.15481,0.15426,0.1547,4699789.0
2025-11-27 05:30:00+00:00,0.15469,0.15469,0.15373,0.15405,9881360.0
2025-11-27 05:45:00+00:00,0.15405,0.1541,0.15373,0.15395,9048579.0
2025-11-27 06:00:00+00:00,0.15395,0.15422,0.15381,0.15415,6835465.0
2025-11-27 06:15:00+00:00,0.15415,0.15453,0.15393,0.15449,4543283.0
2025-11-27 06:30:00+00:00,0.15449,0.15463,0.15425,0.15427,2312854.0
2025-11-27 06:45:00+00:00,0.15428,0.15435,0.15404,0.15424,3357682.0
2025-11-27 07:00:00+00:00,0.15424,0.15425,0.15396,0.15413,1224561.0
2025-11-27 07:15:00+00:00,0.15414,0.1546,0.15406,0.15437,2101738.0
2025-11-27 07:30:00+00:00,0.15436,0.15436,0.154,0.15404,2892279.0
2025-11-27 07:45:00+00:00,0.15404,0.15437,0.15388,0.15425,4638719.0
2025-11-27 08:00:00+00:00,0.15425,0.15426,0.15342,0.15348,5058531.0
2025-11-27 08:15:00+00:00,0.15348,0.1536,0.15301,0.15338,7074908.0
2025-11-27 08:30:00+00:00,0.15338,0.15374,0.1532,0.15349,3219170.0
2025-11-27 08:45:00+00:00,0.15349,0.15376,0.15342,0.15372,1715434.0
2025-11-27 09:00:00+00:00,0.15373,0.15373,0.15347,0.1535,3237904.0
2025-11-27 09:15:00+00:00,0.1535,0.15424,0.1535,0.15387,7379100.0
2025-11-27 09:30:00+00:00,0.15387,0.15457,0.15387,0.15421,4722457.0
2025-11-27 09:45:00+00:00,0.15421,0.15422,0.15381,0.15384,4446039.0
2025-11-27 10:00:00+00:00,0.15383,0.15383,0.15334,0.15345,4873461.0
2025-11-27 10:15:00+00:00,0.15346,0.1537,0.15334,0.15337,2651536.0
2025-11-27 10:30:00+00:00,0.15336,0.15344,0.15267,0.15317,10501618.0
2025-11-27 10:45:00+00:00,0.15316,0.1533,0.15291,0.15322,2010439.0
2025-11-27 11:00:00+00:00,0.15322,0.15333,0.15276,0.1528,2811163.0
2025-11-27 11:15:00+00:00,0.15279,0.15287,0.15238,0.15256,4151982.0
2025-11-27 11:30:00+00:00,0.15257,0.15289,0.15241,0.15283,2382908.0
2025-11-27 11:45:00+00:00,0.15283,0.15299,0.15273,0.15286,2177365.0
2025-11-27 12:00:00+00:00,0.15286,0.15301,0.15261,0.15269,3651691.0
2025-11-27 12:15:00+00:00,0.15269,0.15273,0.15225,0.15272,4211484.0
2025-11-27 12:30:00+00:00,0.15271,0.153,0.15264,0.15276,4725164.0
2025-11-27 12:45:00+00:00,0.15277,0.15291,0.1521,0.15234,11348710.0
2025-11-27 13:00:00+00:00,0.15234,0.15276,0.15231,0.15268,12265180.0
2025-11-27 13:15:00+00:00,0.15268,0.15304,0.15229,0.153,7689777.0
2025-11-27 13:30:00+00:00,0.15299,0.15314,0.15256,0.15284,5041676.0
2025-11-27 13:45:00+00:00,0.15285,0.15302,0.1526,0.15264,4105175.0
2025-11-27 14:00:00+00:00,0.15264,0.15274,0.15239,0.15251,2561718.0
2025-11-27 14:15:00+00:00,0.15251,0.15292,0.15226,0.15287,3458739.0
2025-11-27 14:30:00+00:00,0.15287,0.15307,0.15251,0.15267,5494311.0
2025-11-27 14:45:00+00:00,0.15266,0.15293,0.1525,0.15289,2721522.0
2025-11-27 15:00:00+00:00,0.15288,0.15328,0.15252,0.15259,6912713.0
2025-11-27 15:15:00+00:00,0.15259,0.15323,0.15259,0.15313,4654729.0
2025-11-27 15:30:00+00:00,0.15313,0.15344,0.15296,0.15335,4143358.0
2025-11-27 15:45:00+00:00,0.15335,0.15406,0.15334,0.15399,9239498.0
2025-11-27 16:00:00+00:00,0.15399,0.15403,0.1531,0.15386,7490144.0
2025-11-27 16:15:00+00:00,0.15385,0.15406,0.15309,0.1532,5962341.0
2025-11-27 16:30:00+00:00,0.15321,0.15366,0.15301,0.15331,4739417.0
2025-11-27 16:45:00+00:00,0.1533,0.15347,0.15293,0.15328,4275302.0
2025-11-27 17:00:00+00:00,0.15328,0.15334,0.15298,0.15313,4406366.0
2025-11-27 17:15:00+00:00,0.15312,0.15331,0.15284,0.15287,4153424.0
2025-11-27 17:30:00+00:00,0.15288,0.15309,0.15265,0.15284,5675994.0
2025-11-27 17:45:00+00:00,0.15284,0.1534,0.15283,0.15319,3036379.0
2025-11-27 18:00:00+00:00,0.1532,0.15325,0.15296,0.15309,3854215.0
2025-11-27 18:15:00+00:00,0.15308,0.15353,0.15307,0.15342,3100034.0
2025-11-27 18:30:00+00:00,0.15341,0.15431,0.15335,0.15417,5254336.0
2025-11-27 18:45:00+00:00,0.15416,0.15442,0.15402,0.15413,3095984.0
2025-11-27 19:00:00+00:00,0.15412,0.15412,0.15376,0.15393,4437325.0
2025-11-27 19:15:00+00:00,0.15393,0.15417,0.15375,0.15386,2074185.0
2025-11-27 19:30:00+00:00,0.15387,0.1541,0.1537,0.15408,1454005.0
2025-11-27 19:45:00+00:00,0.15408,0.15409,0.15381,0.15396,1596080.0
2025-11-27 20:00:00+00:00,0.15396,0.15434,0.15392,0.15426,2862805.0
2025-11-27 20:15:00+00:00,0.15427,0.15442,0.15409,0.1542,2098410.0
2025-11-27 20:30:00+00:00,0.15421,0.15449,0.15409,0.15449,2983705.0
2025-11-27 20:45:00+00:00,0.15448,0.1546,0.15423,0.15431,2106505.0
2025-11-27 21:00:00+00:00,0.1543,0.15438,0.15395,0.15434,2853409.0
2025-11-27 21:15:00+00:00,0.15433,0.1548,0.15427,0.15443,4154201.0
2025-11-27 21:30:00+00:00,0.15444,0.15457,0.15415,0.15432,3361605.0
2025-11-27 21:45:00+00:00,0.15433,0.15449,0.15372,0.15373,3504869.0
2025-11-27 22:00:00+00:00,0.15372,0.15385,0.15353,0.15373,1982546.0
2025-11-27 22:15:00+00:00,0.15373,0.15386,0.15359,0.15384,1297382.0
2025-11-27 22:30:00+00:00,0.15385,0.15395,0.1526,0.15278,5896741.0
2025-11-27 22:45:00+00:00,0.15277,0.15296,0.15225,0.15249,5638206.0
2025-11-27 23:00:00+00:00,0.15249,0.1529,0.15241,0.15287,3075999.0
2025-11-27 23:15:00+00:00,0.15286,0.15317,0.15262,0.1528,1352359.0
2025-11-27 23:30:00+00:00,0.15279,0.15287,0.15225,0.15284,2145406.0
2025-11-27 23:45:00+00:00,0.15284,0.15294,0.15261,0.15264,2223975.0
2025-11-28 00:00:00+00:00,0.15264,0.15292,0.15251,0.15254,3038376.0
2025-11-28 00:15:00+00:00,0.15254,0.15272,0.15216,0.15255,2193733.0
2025-11-28 00:30:00+00:00,0.15254,0.15288,0.15222,0.1523,3727548.0
2025-11-28 00:45:00+00:00,0.15229,0.15241,0.15183,0.15204,6219141.0
2025-11-28 01:00:00+00:00,0.15203,0.15204,0.15115,0.15129,11590925.0
2025-11-28 01:15:00+00:00,0.15129,0.15145,0.151,0.15124,4048245.0
2025-11-28 01:30:00+00:00,0.15124,0.15145,0.15077,0.15102,5266474.0
2025-11-28 01:45:00+00:00,0.15103,0.15111,0.15005,0.15025,7355421.0
2025-11-28 02:00:00+00:00,0.15026,0.1504,0.14977,0.15031,11041965.0
2025-11-28 02:15:00+00:00,0.15032,0.15051,0.14966,0.14982,8720219.0
2025-11-28 02:30:00+00:00,0.14981,0.15031,0.1497,0.15028,4818649.0
2025-11-28 02:45:00+00:00,0.15029,0.15108,0.15026,0.15103,15382030.0
2025-11-28 03:00:00+00:00,0.15103,0.15117,0.15069,0.15069,8694904.0
2025-11-28 03:15:00+00:00,0.1507,0.15082,0.15048,0.15075,4616615.0
2025-11-28 03:30:00+00:00,0.15075,0.15083,0.15051,0.15069,2788774.0
2025-11-28 03:45:00+00:00,0.1507,0.15105,0.15069,0.15098,7384713.0
2025-11-28 04:00:00+00:00,0.15098,0.15111,0.15068,0.15104,4720429.0
2025-11-28 04:15:00+00:00,0.15105,0.15115,0.1509,0.15094,2151749.0
2025-11-28 04:30:00+00:00,0.15095,0.15112,0.15055,0.15059,14372886.0
2025-11-28 04:45:00+00:00,0.15059,0.15063,0.15031,0.15046,7834017.0
2025-11-28 05:00:00+00:00,0.15046,0.15095,0.15022,0.15094,5218327.0
2025-11-28 05:15:00+00:00,0.15093,0.15093,0.15063,0.15076,3400243.0
2025-11-28 05:30:00+00:00,0.15076,0.15092,0.15053,0.15089,3646658.0
2025-11-28 05:45:00+00:00,0.1509,0.15122,0.15088,0.15102,3859071.0
2025-11-28 06:00:00+00:00,0.15102,0.15102,0.15038,0.15047,3407897.0
2025-11-28 06:15:00+00:00,0.15047,0.15048,0.14991,0.14998,5767393.0
2025-11-28 06:30:00+00:00,0.14998,0.15016,0.14961,0.15011,14208693.0
2025-11-28 06:45:00+00:00,0.15011,0.15036,0.14994,0.14995,2818054.0
2025-11-28 07:00:00+00:00,0.14996,0.15027,0.14982,0.15018,3840809.0
2025-11-28 07:15:00+00:00,0.15018,0.15058,0.15003,0.15047,3305620.0
2025-11-28 07:30:00+00:00,0.15048,0.15049,0.14998,0.15006,4373110.0
2025-11-28 07:45:00+00:00,0.15006,0.15012,0.14975,0.14984,4247578.0
2025-11-28 08:00:00+00:00,0.14984,0.15085,0.14983,0.15077,5013786.0
2025-11-28 08:15:00+00:00,0.15076,0.15117,0.15061,0.15092,4652386.0
2025-11-28 08:30:00+00:00,0.15093,0.15128,0.15058,0.15092,5368585.0
2025-11-28 08:45:00+00:00,0.15092,0.1532,0.15087,0.15319,20641988.0
2025-11-28 09:00:00+00:00,0.15319,0.15354,0.15257,0.15285,16469627.0
2025-11-28 09:15:00+00:00,0.15284,0.15284,0.15232,0.15258,6517216.0
2025-11-28 09:30:00+00:00,0.15258,0.15258,0.15198,0.15214,4656007.0
2025-11-28 09:45:00+00:00,0.15215,0.15243,0.15211,0.15225,2536615.0
2025-11-28 10:00:00+00:00,0.15225,0.15233,0.15202,0.15207,2956876.0
2025-11-28 10:15:00+00:00,0.15207,0.15228,0.15189,0.15223,3184848.0
2025-11-28 10:30:00+00:00,0.15223,0.15244,0.1521,0.15238,2966284.0
2025-11-28 10:45:00+00:00,0.15237,0.1525,0.15213,0.15227,2021460.0
2025-11-28 11:00:00+00:00,0.15226,0.15226,0.15085,0.15086,5106326.0
2025-11-28 11:15:00+00:00,0.15085,0.15086,0.14975,0.15041,15858855.0
2025-11-28 11:30:00+00:00,0.1504,0.15055,0.15006,0.15015,6419666.0
2025-11-28 11:45:00+00:00,0.15015,0.15056,0.14998,0.15043,6447528.0
2025-11-28 12:00:00+00:00,0.15043,0.15089,0.15038,0.15056,7480435.0
2025-11-28 12:15:00+00:00,0.15055,0.15077,0.15019,0.15063,6418791.0
2025-11-28 12:30:00+00:00,0.15062,0.15098,0.15048,0.15077,2862378.0
2025-11-28 12:45:00+00:00,0.15077,0.15106,0.15067,0.15099,2447305.0
2025-11-28 13:00:00+00:00,0.151,0.15104,0.15025,0.15055,37790434.0
2025-11-28 13:15:00+00:00,0.15056,0.15074,0.15042,0.15073,2777414.0
2025-11-28 13:30:00+00:00,0.15074,0.15174,0.15061,0.15144,9960907.0
2025-11-28 13:45:00+00:00,0.15143,0.15304,0.15142,0.15253,18312180.0
2025-11-28 14:00:00+00:00,0.15253,0.15285,0.15216,0.15256,10436332.0
2025-11-28 14:15:00+00:00,0.15256,0.1539,0.15245,0.15367,15060511.0
2025-11-28 14:30:00+00:00,0.15368,0.15395,0.15207,0.15215,19077380.0
2025-11-28 14:45:00+00:00,0.15214,0.15274,0.1518,0.15257,8246148.0
2025-11-28 15:00:00+00:00,0.15257,0.1532,0.15242,0.15315,7906671.0
2025-11-28 15:15:00+00:00,0.15316,0.15554,0.15303,0.15502,27734410.0
2025-11-28 15:30:00+00:00,0.15503,0.15543,0.15386,0.15393,14018479.0
2025-11-28 15:45:00+00:00,0.15393,0.154,0.15324,0.15375,10213712.0
2025-11-28 16:00:00+00:00,0.15376,0.15379,0.15274,0.15303,8366083.0
2025-11-28 16:15:00+00:00,0.15302,0.15324,0.1511,0.15122,16366105.0
2025-11-28 16:30:00+00:00,0.15122,0.15174,0.15068,0.15148,7406634.0
2025-11-28 16:45:00+00:00,0.15148,0.15177,0.15034,0.15049,9592791.0
2025-11-28 17:00:00+00:00,0.1505,0.15099,0.14991,0.14994,12856675.0
2025-11-28 17:15:00+00:00,0.14995,0.15014,0.14921,0.14949,15099129.0
2025-11-28 17:30:00+00:00,0.14949,0.14969,0.14867,0.14898,20227447.0
2025-11-28 17:45:00+00:00,0.14897,0.15007,0.14896,0.14948,9093058.0
2025-11-28 18:00:00+00:00,0.14947,0.14986,0.14825,0.14977,12519232.0
2025-11-28 18:15:00+00:00,0.14976,0.14987,0.14897,0.14934,7905785.0
2025-11-28 18:30:00+00:00,0.14934,0.14969,0.14899,0.14957,3338241.0
2025-11-28 18:45:00+00:00,0.14956,0.14996,0.14935,0.14976,3886304.0
2025-11-28 19:00:00+00:00,0.14977,0.15003,0.14964,0.14989,2439866.0
2025-11-28 19:15:00+00:00,0.1499,0.15053,0.14964,0.15047,5338672.0
2025-11-28 19:30:00+00:00,0.15047,0.15095,0.15035,0.15088,3843069.0
2025-11-28 19:45:00+00:00,0.15088,0.1512,0.15052,0.151,4149174.0
2025-11-28 20:00:00+00:00,0.151,0.151,0.15008,0.15024,4558853.0
2025-11-28 20:15:00+00:00,0.15025,0.15122,0.15008,0.15114,5033052.0
2025-11-28 20:30:00+00:00,0.15114,0.15134,0.15095,0.15095,3434575.0
2025-11-28 20:45:00+00:00,0.15095,0.15125,0.15076,0.15093,3486251.0
2025-11-28 21:00:00+00:00,0.15093,0.15111,0.15048,0.15069,3149498.0
2025-11-28 21:15:00+00:00,0.15068,0.1507,0.15019,0.15041,10572269.0
2025-11-28 21:30:00+00:00,0.15042,0.15065,0.15026,0.15053,1433883.0
2025-11-28 21:45:00+00:00,0.15053,0.15053,0.14978,0.1498,2344425.0
2025-11-28 22:00:00+00:00,0.14981,0.15052,0.14952,0.15025,5506517.0
2025-11-28 22:15:00+00:00,0.15025,0.15037,0.14981,0.15012,6635614.0
2025-11-28 22:30:00+00:00,0.15013,0.15071,0.15003,0.15067,2846159.0
2025-11-28 22:45:00+00:00,0.15066,0.1512,0.1506,0.15095,4812230.0
2025-11-28 23:00:00+00:00,0.15095,0.15124,0.15059,0.15073,2370844.0
2025-11-28 23:15:00+00:00,0.15072,0.15078,0.15044,0.15045,1267183.0
2025-11-28 23:30:00+00:00,0.15044,0.15049,0.15023,0.15036,1864777.0
2025-11-28 23:45:00+00:00,0.15035,0.1504,0.15015,0.15017,780100.0
2025-11-29 00:00:00+00:00,0.15016,0.15032,0.15005,0.15025,2606216.0
2025-11-29 00:15:00+00:00,0.15026,0.1504,0.15003,0.15034,2750831.0
2025-11-29 00:30:00+00:00,0.15034,0.15054,0.14999,0.1504,3528236.0
2025-11-29 00:45:00+00:00,0.15041,0.15046,0.15016,0.15028,2155339.0
2025-11-29 01:00:00+00:00,0.15027,0.1507,0.15022,0.15062,4050224.0
2025-11-29 01:15:00+00:00,0.15062,0.15095,0.15038,0.15042,1434886.0
2025-11-29 01:30:00+00:00,0.15041,0.15047,0.15008,0.15018,1348071.0
2025-11-29 01:45:00+00:00,0.15018,0.15031,0.15008,0.15018,729953.0
2025-11-29 02:00:00+00:00,0.15018,0.15025,0.14994,0.15012,6620784.0
2025-11-29 02:15:00+00:00,0.15012,0.15024,0.14997,0.14997,2810129.0
2025-11-29 02:30:00+00:00,0.14997,0.15002,0.14958,0.14965,5577491.0
2025-11-29 02:45:00+00:00,0.14964,0.15009,0.14948,0.15004,2731171.0
2025-11-29 03:00:00+00:00,0.15004,0.1503,0.14996,0.15009,1706349.0
2025-11-29 03:15:00+00:00,0.1501,0.15037,0.14991,0.14993,4157314.0
2025-11-29 03:30:00+00:00,0.14993,0.14997,0.14963,0.14981,2875459.0
2025-11-29 03:45:00+00:00,0.14981,0.15007,0.14979,0.14989,3174565.0
2025-11-29 04:00:00+00:00,0.14989,0.14998,0.14962,0.14971,2169120.0
2025-11-29 04:15:00+00:00,0.14971,0.15006,0.14955,0.14999,1879902.0
2025-11-29 04:30:00+00:00,0.15,0.15031,0.14996,0.15015,1713260.0
2025-11-29 04:45:00+00:00,0.15015,0.15072,0.15015,0.15059,2765006.0
2025-11-29 05:00:00+00:00,0.1506,0.15062,0.15002,0.15002,3125014.0
2025-11-29 05:15:00+00:00,0.15002,0.15024,0.14996,0.15004,3416203.0
2025-11-29 05:30:00+00:00,0.15004,0.15015,0.14986,0.1499,3780662.0
2025-11-29 05:45:00+00:00,0.1499,0.1499,0.14958,0.14961,1794494.0
2025-11-29 06:00:00+00:00,0.14961,0.1501,0.14961,0.15,1927005.0
2025-11-29 06:15:00+00:00,0.14999,0.15002,0.14913,0.14925,9198907.0
2025-11-29 06:30:00+00:00,0.14925,0.14938,0.14853,0.14925,14528978.0
2025-11-29 06:45:00+00:00,0.14926,0.14949,0.14916,0.14929,2703807.0
2025-11-29 07:00:00+00:00,0.14928,0.14938,0.149,0.14921,4805217.0
2025-11-29 07:15:00+00:00,0.14921,0.14939,0.14906,0.14914,2615456.0
2025-11-29 07:30:00+00:00,0.14914,0.1492,0.14868,0.14889,2516364.0
2025-11-29 07:45:00+00:00,0.14889,0.14911,0.14879,0.14904,3026856.0
2025-11-29 08:00:00+00:00,0.14904,0.14935,0.14892,0.14933,1780331.0
2025-11-29 08:15:00+00:00,0.14932,0.14954,0.14919,0.1492,1566961.0
2025-11-29 08:30:00+00:00,0.1492,0.14949,0.14905,0.14935,1844512.0
2025-11-29 08:45:00+00:00,0.14934,0.14945,0.14924,0.1493,937262.0
2025-11-29 09:00:00+00:00,0.1493,0.14954,0.14917,0.14934,2944058.0
2025-11-29 09:15:00+00:00,0.14933,0.14941,0.14913,0.14921,2448962.0
2025-11-29 09:30:00+00:00,0.14921,0.14936,0.14896,0.14934,2215266.0
2025-11-29 09:45:00+00:00,0.14934,0.14944,0.14931,0.14939,1098764.0
2025-11-29 10:00:00+00:00,0.14939,0.14939,0.14903,0.14913,1884972.0
2025-11-29 10:15:00+00:00,0.14912,0.1493,0.14843,0.14917,4168565.0
2025-11-29 10:30:00+00:00,0.14917,0.1493,0.14906,0.14908,1210936.0
2025-11-29 10:45:00+00:00,0.14908,0.1492,0.14898,0.14905,891245.0
2025-11-29 11:00:00+00:00,0.14905,0.14928,0.14885,0.14926,2287933.0
2025-11-29 11:15:00+00:00,0.14925,0.14933,0.14903,0.14913,1321523.0
2025-11-29 11:30:00+00:00,0.14913,0.14959,0.14903,0.1495,2312541.0
2025-11-29 11:45:00+00:00,0.14951,0.14958,0.14938,0.1495,1209759.0
2025-11-29 12:00:00+00:00,0.1495,0.15005,0.14946,0.1496,5373805.0
2025-11-29 12:15:00+00:00,0.1496,0.14966,0.14914,0.14919,1807097.0
2025-11-29 12:30:00+00:00,0.14918,0.14946,0.14912,0.14943,2264831.0
2025-11-29 12:45:00+00:00,0.14942,0.14959,0.14926,0.14926,813781.0
2025-11-29 13:00:00+00:00,0.14926,0.14936,0.14907,0.14907,1812313.0
2025-11-29 13:15:00+00:00,0.14907,0.14935,0.14895,0.14931,3022835.0
2025-11-29 13:30:00+00:00,0.1493,0.14937,0.14883,0.14897,1847196.0
2025-11-29 13:45:00+00:00,0.14898,0.14921,0.14888,0.14894,2557369.0
2025-11-29 14:00:00+00:00,0.14893,0.14894,0.14852,0.14871,2132410.0
2025-11-29 14:15:00+00:00,0.14871,0.14881,0.14849,0.14867,3696198.0
2025-11-29 14:30:00+00:00,0.14867,0.14881,0.14833,0.14856,3579909.0
2025-11-29 14:45:00+00:00,0.14856,0.14875,0.14834,0.1484,1703684.0
2025-11-29 15:00:00+00:00,0.14839,0.14883,0.14839,0.14872,2521449.0
2025-11-29 15:15:00+00:00,0.14872,0.14974,0.14872,0.14929,6018490.0
2025-11-29 15:30:00+00:00,0.14928,0.1495,0.14918,0.14927,1784660.0
2025-11-29 15:45:00+00:00,0.14927,0.14969,0.14927,0.14948,2948752.0
2025-11-29 16:00:00+00:00,0.14948,0.14952,0.1491,0.14913,2050694.0
2025-11-29 16:15:00+00:00,0.14913,0.14939,0.14863,0.14873,3576920.0
2025-11-29 16:30:00+00:00,0.14874,0.14901,0.14872,0.14893,1926506.0
2025-11-29 16:45:00+00:00,0.14894,0.14914,0.14871,0.14894,3876801.0
2025-11-29 17:00:00+00:00,0.14894,0.14909,0.1485,0.14858,2803586.0
2025-11-29 17:15:00+00:00,0.14858,0.14873,0.14837,0.14839,6441988.0
2025-11-29 17:30:00+00:00,0.1484,0.14843,0.14744,0.14809,10158763.0
2025-11-29 17:45:00+00:00,0.14808,0.14822,0.14763,0.14777,3554155.0
2025-11-29 18:00:00+00:00,0.14776,0.14798,0.14725,0.14789,6877609.0
2025-11-29 18:15:00+00:00,0.14789,0.14812,0.14749,0.14768,6067444.0
2025-11-29 18:30:00+00:00,0.14768,0.14817,0.14736,0.14813,6151808.0
2025-11-29 18:45:00+00:00,0.14813,0.14828,0.14792,0.14818,4076367.0
2025-11-29 19:00:00+00:00,0.14818,0.14854,0.1481,0.1483,5721021.0
2025-11-29 19:15:00+00:00,0.14829,0.14839,0.14818,0.14833,848504.0
2025-11-29 19:30:00+00:00,0.14832,0.1484,0.14803,0.14803,3861805.0
2025-11-29 19:45:00+00:00,0.14802,0.14825,0.148,0.14822,1418821.0
2025-11-29 20:00:00+00:00,0.14822,0.14839,0.14802,0.14812,3872496.0
2025-11-29 20:15:00+00:00,0.14813,0.14825,0.14802,0.14809,1072635.0
2025-11-29 20:30:00+00:00,0.1481,0.14829,0.14804,0.14826,788979.0
2025-11-29 20:45:00+00:00,0.14826,0.14892,0.14818,0.14885,3772021.0
2025-11-29 21:00:00+00:00,0.14886,0.14891,0.14824,0.14827,3972229.0
2025-11-29 21:15:00+00:00,0.14827,0.14885,0.14824,0.14884,2242798.0
2025-11-29 21:30:00+00:00,0.14884,0.14897,0.14874,0.14886,1066753.0
2025-11-29 21:45:00+00:00,0.14885,0.149,0.14877,0.1489,664453.0
2025-11-29 22:00:00+00:00,0.14889,0.14889,0.14782,0.14799,3538051.0
2025-11-29 22:15:00+00:00,0.14798,0.14833,0.14797,0.14808,3848576.0
2025-11-29 22:30:00+00:00,0.14808,0.14837,0.14782,0.14837,13914002.0
2025-11-29 22:45:00+00:00,0.14837,0.14841,0.14793,0.14806,902970.0
2025-11-29 23:00:00+00:00,0.14807,0.14818,0.14784,0.14806,1712133.0
2025-11-29 23:15:00+00:00,0.14807,0.14888,0.14797,0.1486,3655353.0
2025-11-29 23:30:00+00:00,0.1486,0.14866,0.14838,0.14849,1101184.0
2025-11-29 23:45:00+00:00,0.14849,0.14885,0.14833,0.14837,1737043.0
2025-11-30 00:00:00+00:00,0.14837,0.14878,0.14836,0.14872,1093223.0
2025-11-30 00:15:00+00:00,0.14871,0.1489,0.14862,0.14872,2841768.0
2025-11-30 00:30:00+00:00,0.14871,0.14874,0.14839,0.1486,679116.0
2025-11-30 00:45:00+00:00,0.14859,0.1487,0.14852,0.14867,1275063.0
2025-11-30 01:00:00+00:00,0.14867,0.1492,0.14856,0.14904,3227406.0
2025-11-30 01:15:00+00:00,0.14905,0.14921,0.14862,0.14873,2482593.0
2025-11-30 01:30:00+00:00,0.14872,0.14898,0.14872,0.14891,1095434.0
2025-11-30 01:45:00+00:00,0.14891,0.14897,0.14885,0.14896,834913.0
2025-11-30 02:00:00+00:00,0.14896,0.14941,0.14895,0.14935,1898597.0
2025-11-30 02:15:00+00:00,0.14934,0.14939,0.14904,0.14911,1499777.0
2025-11-30 02:30:00+00:00,0.14912,0.14912,0.14862,0.14869,1475693.0
2025-11-30 02:45:00+00:00,0.14869,0.14875,0.14855,0.14859,795182.0
2025-11-30 03:00:00+00:00,0.1486,0.1488,0.14854,0.1486,1776771.0
2025-11-30 03:15:00+00:00,0.14859,0.14873,0.14796,0.14845,8006514.0
2025-11-30 03:30:00+00:00,0.14844,0.1495,0.14841,0.14946,4873681.0
2025-11-30 03:45:00+00:00,0.14947,0.14955,0.14901,0.14936,4000072.0
2025-11-30 04:00:00+00:00,0.14937,0.14949,0.1492,0.14936,3219661.0
2025-11-30 04:15:00+00:00,0.14937,0.14939,0.14905,0.14913,1054730.0
2025-11-30 04:30:00+00:00,0.14912,0.14928,0.14897,0.14904,825160.0
2025-11-30 04:45:00+00:00,0.14904,0.14931,0.1489,0.14921,1216358.0
2025-11-30 05:00:00+00:00,0.14921,0.14921,0.14882,0.1489,902501.0
2025-11-30 05:15:00+00:00,0.14889,0.14902,0.14843,0.14846,2365241.0
2025-11-30 05:30:00+00:00,0.14846,0.14879,0.14839,0.14868,2351418.0
2025-11-30 05:45:00+00:00,0.14869,0.14897,0.1486,0.14877,2487797.0
2025-11-30 06:00:00+00:00,0.14876,0.14901,0.14857,0.14867,873188.0
2025-11-30 06:15:00+00:00,0.14867,0.14928,0.14861,0.14927,3419092.0
2025-11-30 06:30:00+00:00,0.14928,0.14946,0.14918,0.14919,3125338.0
2025-11-30 06:45:00+00:00,0.1492,0.14925,0.14876,0.1489,12286506.0
2025-11-30 07:00:00+00:00,0.1489,0.14915,0.14883,0.14904,1519101.0
2025-11-30 07:15:00+00:00,0.14903,0.14906,0.14886,0.14902,1856037.0
2025-11-30 07:30:00+00:00,0.14902,0.14921,0.14897,0.14906,1789143.0
2025-11-30 07:45:00+00:00,0.14907,0.14938,0.14902,0.14925,1518709.0
2025-11-30 08:00:00+00:00,0.14924,0.14926,0.149,0.14915,1497560.0
2025-11-30 08:15:00+00:00,0.14915,0.14988,0.14902,0.14922,4329587.0
2025-11-30 08:30:00+00:00,0.14922,0.14935,0.14872,0.14919,3359018.0
2025-11-30 08:45:00+00:00,0.14918,0.14939,0.14897,0.14923,1439549.0
2025-11-30 09:00:00+00:00,0.14923,0.1497,0.1491,0.14953,2952280.0
2025-11-30 09:15:00+00:00,0.14954,0.14974,0.14931,0.14961,4022524.0
2025-11-30 09:30:00+00:00,0.1496,0.14967,0.14924,0.14966,2311500.0
2025-11-30 09:45:00+00:00,0.14966,0.14969,0.14924,0.14961,3350910.0
2025-11-30 10:00:00+00:00,0.14961,0.1497,0.14922,0.14935,1962666.0
2025-11-30 10:15:00+00:00,0.14934,0.14947,0.14923,0.14947,2474147.0
2025-11-30 10:30:00+00:00,0.14948,0.14948,0.14906,0.14907,2550198.0
2025-11-30 10:45:00+00:00,0.14908,0.14914,0.1489,0.14899,4186684.0
2025-11-30 11:00:00+00:00,0.149,0.14929,0.14889,0.14896,2732116.0
2025-11-30 11:15:00+00:00,0.14895,0.14909,0.14872,0.14892,2893722.0
2025-11-30 11:30:00+00:00,0.14893,0.14898,0.14874,0.14888,1223842.0
2025-11-30 11:45:00+00:00,0.14889,0.14906,0.14862,0.14882,2311598.0
2025-11-30 12:00:00+00:00,0.14882,0.1493,0.14854,0.14929,11305489.0
2025-11-30 12:15:00+00:00,0.14929,0.14948,0.14925,0.14938,1541337.0
2025-11-30 12:30:00+00:00,0.14938,0.14975,0.14923,0.14972,3752037.0
2025-11-30 12:45:00+00:00,0.14972,0.15015,0.1494,0.14953,7235639.0
2025-11-30 13:00:00+00:00,0.14954,0.1497,0.14948,0.14953,4272440.0
2025-11-30 13:15:00+00:00,0.14954,0.15052,0.14954,0.15034,15484249.0
2025-11-30 13:30:00+00:00,0.15035,0.15059,0.15016,0.15033,5480410.0
2025-11-30 13:45:00+00:00,0.15033,0.15051,0.15022,0.1505,8689140.0
2025-11-30 14:00:00+00:00,0.15051,0.15057,0.14991,0.15,4704652.0
2025-11-30 14:15:00+00:00,0.14999,0.15003,0.14969,0.14991,4884807.0
2025-11-30 14:30:00+00:00,0.14992,0.15,0.14937,0.14942,6717212.0
2025-11-30 14:45:00+00:00,0.14943,0.1496,0.14928,0.14958,2650776.0
2025-11-30 15:00:00+00:00,0.14958,0.14959,0.14894,0.14915,3658441.0
2025-11-30 15:15:00+00:00,0.14915,0.14977,0.14906,0.14969,2649216.0
2025-11-30 15:30:00+00:00,0.14969,0.14969,0.1491,0.14925,3303583.0
2025-11-30 15:45:00+00:00,0.14925,0.14945,0.14915,0.14937,7165349.0
2025-11-30 16:00:00+00:00,0.14937,0.14976,0.14928,0.14973,3230579.0
2025-11-30 16:15:00+00:00,0.14973,0.1505,0.14952,0.15041,9255845.0
2025-11-30 16:30:00+00:00,0.15042,0.15044,0.15002,0.15028,2334658.0
2025-11-30 16:45:00+00:00,0.15027,0.15055,0.15025,0.15032,1741111.0
2025-11-30 17:00:00+00:00,0.15032,0.15032,0.14968,0.14981,3032920.0
2025-11-30 17:15:00+00:00,0.14982,0.15001,0.1495,0.14972,9222176.0
2025-11-30 17:30:00+00:00,0.14973,0.15027,0.14954,0.15022,2539839.0
2025-11-30 17:45:00+00:00,0.15023,0.1503,0.15002,0.15004,1175170.0
2025-11-30 18:00:00+00:00,0.15004,0.15008,0.14972,0.14978,1243429.0
2025-11-30 18:15:00+00:00,0.14979,0.15004,0.1496,0.14966,4221242.0
2025-11-30 18:30:00+00:00,0.14966,0.14967,0.14928,0.14933,2561727.0
2025-11-30 18:45:00+00:00,0.14933,0.15008,0.14926,0.15,2422877.0
2025-11-30 19:00:00+00:00,0.14999,0.15023,0.14993,0.15002,6501286.0
2025-11-30 19:15:00+00:00,0.15002,0.15005,0.14974,0.14978,1849728.0
2025-11-30 19:30:00+00:00,0.14978,0.14997,0.14965,0.14979,1612220.0
2025-11-30 19:45:00+00:00,0.14978,0.14991,0.1496,0.14976,1314471.0
2025-11-30 20:00:00+00:00,0.14975,0.15034,0.14975,0.15034,2220128.0
2025-11-30 20:15:00+00:00,0.15034,0.15043,0.14963,0.14971,1839275.0
2025-11-30 20:30:00+00:00,0.1497,0.1497,0.14925,0.14936,2249273.0
2025-11-30 20:45:00+00:00,0.14936,0.1497,0.14934,0.14966,2005362.0
2025-11-30 21:00:00+00:00,0.14965,0.14967,0.14905,0.14928,3231475.0
2025-11-30 21:15:00+00:00,0.14929,0.14936,0.1484,0.14873,4515264.0
2025-11-30 21:30:00+00:00,0.14873,0.14882,0.14847,0.14865,2490210.0
2025-11-30 21:45:00+00:00,0.14865,0.14905,0.1486,0.14885,2535240.0
2025-11-30 22:00:00+00:00,0.14885,0.14984,0.14885,0.14984,3574101.0
2025-11-30 22:15:00+00:00,0.14983,0.14989,0.14937,0.14937,2823445.0
2025-11-30 22:30:00+00:00,0.14937,0.14937,0.14882,0.14915,5215650.0
2025-11-30 22:45:00+00:00,0.14914,0.14957,0.14877,0.14944,3966259.0
2025-11-30 23:00:00+00:00,0.14944,0.14949,0.14817,0.14829,7029219.0
2025-11-30 23:15:00+00:00,0.1483,0.14833,0.14681,0.14707,18716937.0
2025-11-30 23:30:00+00:00,0.14707,0.14712,0.14644,0.14691,13306818.0
2025-11-30 23:45:00+00:00,0.14691,0.14714,0.14588,0.14599,13441950.0
2025-12-01 00:00:00+00:00,0.14599,0.14637,0.14167,0.14284,143731124.0
2025-12-01 00:15:00+00:00,0.14283,0.1433,0.14112,0.14127,37936509.0
2025-12-01 00:30:00+00:00,0.14126,0.14162,0.13989,0.14031,46557609.0
2025-12-01 00:45:00+00:00,0.14031,0.14047,0.13876,0.13892,27395159.0
2025-12-01 01:00:00+00:00,0.13891,0.14064,0.1387,0.13963,27191931.0
2025-12-01 01:15:00+00:00,0.13962,0.14052,0.13925,0.1393,17930045.0
2025-12-01 01:30:00+00:00,0.1393,0.14013,0.13917,0.13976,13219019.0
2025-12-01 01:45:00+00:00,0.13976,0.13988,0.13917,0.1392,9634867.0
2025-12-01 02:00:00+00:00,0.1392,0.1398,0.13875,0.13919,22151176.0
2025-12-01 02:15:00+00:00,0.13919,0.13931,0.13881,0.13881,9068391.0
2025-12-01 02:30:00+00:00,0.1388,0.13913,0.13821,0.13901,21574288.0
2025-12-01 02:45:00+00:00,0.139,0.13904,0.13837,0.13852,8335285.0
2025-12-01 03:00:00+00:00,0.13851,0.13869,0.13767,0.13803,22896240.0
2025-12-01 03:15:00+00:00,0.13804,0.13817,0.13752,0.13765,9837228.0
2025-12-01 03:30:00+00:00,0.13764,0.1378,0.13694,0.13779,19499606.0
2025-12-01 03:45:00+00:00,0.1378,0.13788,0.13707,0.13717,6592936.0
2025-12-01 04:00:00+00:00,0.13717,0.13768,0.137,0.13721,10126895.0
2025-12-01 04:15:00+00:00,0.13721,0.13762,0.13691,0.137,10651847.0
2025-12-01 04:30:00+00:00,0.13701,0.13775,0.13686,0.13733,20192577.0
2025-12-01 04:45:00+00:00,0.13733,0.13737,0.13667,0.13683,7884668.0
2025-12-01 05:00:00+00:00,0.13683,0.13737,0.13671,0.13707,6644906.0
2025-12-01 05:15:00+00:00,0.13706,0.13733,0.13668,0.13727,5441150.0
2025-12-01 05:30:00+00:00,0.13728,0.13728,0.13671,0.13693,10241771.0
2025-12-01 05:45:00+00:00,0.13694,0.13731,0.13693,0.13711,5289321.0
2025-12-01 06:00:00+00:00,0.13712,0.13749,0.13695,0.13719,4736999.0
2025-12-01 06:15:00+00:00,0.13718,0.13723,0.13674,0.13683,8214930.0
2025-12-01 06:30:00+00:00,0.13682,0.13724,0.13667,0.13716,3181897.0
2025-12-01 06:45:00+00:00,0.13716,0.13733,0.13682,0.13701,5625869.0
2025-12-01 07:00:00+00:00,0.13701,0.1371,0.13678,0.13685,5234424.0
2025-12-01 07:15:00+00:00,0.13684,0.13716,0.13655,0.13709,4713641.0
2025-12-01 07:30:00+00:00,0.1371,0.13774,0.13694,0.13762,12730077.0
2025-12-01 07:45:00+00:00,0.13762,0.13778,0.13735,0.13774,8013475.0
2025-12-01 08:00:00+00:00,0.13774,0.13806,0.13747,0.13762,4996591.0
2025-12-01 08:15:00+00:00,0.13763,0.13786,0.13756,0.13786,2960458.0
2025-12-01 08:30:00+00:00,0.13786,0.13807,0.1375,0.138,4174801.0
2025-12-01 08:45:00+00:00,0.13801,0.13824,0.13798,0.13813,5242866.0
2025-12-01 09:00:00+00:00,0.13813,0.13848,0.13731,0.13745,11938516.0
2025-12-01 09:15:00+00:00,0.13745,0.13748,0.13702,0.1372,7495845.0
2025-12-01 09:30:00+00:00,0.1372,0.13747,0.13712,0.13741,2760950.0
2025-12-01 09:45:00+00:00,0.13741,0.13746,0.13703,0.13711,5186208.0
2025-12-01 10:00:00+00:00,0.13711,0.13761,0.13711,0.13737,3001272.0
2025-12-01 10:15:00+00:00,0.13737,0.1375,0.13722,0.13725,2444740.0
2025-12-01 10:30:00+00:00,0.13724,0.13733,0.13713,0.13718,4024543.0
2025-12-01 10:45:00+00:00,0.13718,0.1373,0.1371,0.13728,3460170.0
2025-12-01 11:00:00+00:00,0.13728,0.13733,0.13667,0.13675,10297498.0
2025-12-01 11:15:00+00:00,0.13675,0.13713,0.13674,0.13693,5013951.0
2025-12-01 11:30:00+00:00,0.13694,0.13697,0.13662,0.13685,3872206.0
2025-12-01 11:45:00+00:00,0.13686,0.13707,0.1368,0.13706,2409028.0
2025-12-01 12:00:00+00:00,0.13705,0.13712,0.13642,0.1366,9653744.0
2025-12-01 12:15:00+00:00,0.13661,0.13681,0.1364,0.13649,11537729.0
2025-12-01 12:30:00+00:00,0.13649,0.13652,0.13552,0.13577,14387856.0
2025-12-01 12:45:00+00:00,0.13578,0.13639,0.13429,0.13612,40878471.0
2025-12-01 13:00:00+00:00,0.13611,0.13682,0.13582,0.13605,11738604.0
2025-12-01 13:15:00+00:00,0.13606,0.13613,0.13564,0.1357,5757960.0
2025-12-01 13:30:00+00:00,0.13571,0.13573,0.13502,0.13511,11797095.0
2025-12-01 13:45:00+00:00,0.13512,0.13544,0.13477,0.13524,11479161.0
2025-12-01 14:00:00+00:00,0.13524,0.1357,0.13499,0.13532,18122800.0
2025-12-01 14:15:00+00:00,0.13532,0.13542,0.13492,0.1354,6564507.0
2025-12-01 14:30:00+00:00,0.1354,0.13632,0.13482,0.13519,25511928.0
2025-12-01 14:45:00+00:00,0.13519,0.13557,0.13472,0.13504,18881413.0
2025-12-01 15:00:00+00:00,0.13504,0.13521,0.1343,0.13435,13531791.0
2025-12-01 15:15:00+00:00,0.13435,0.13476,0.13365,0.13372,24926915.0
2025-12-01 15:30:00+00:00,0.13371,0.13382,0.13177,0.13244,49385724.0
2025-12-01 15:45:00+00:00,0.13245,0.13446,0.13194,0.13385,26747299.0
2025-12-01 16:00:00+00:00,0.13385,0.13393,0.13307,0.13324,9970906.0
2025-12-01 16:15:00+00:00,0.13324,0.13333,0.13259,0.13288,13245168.0
2025-12-01 16:30:00+00:00,0.13288,0.13384,0.13243,0.13328,8496172.0
2025-12-01 16:45:00+00:00,0.13328,0.13347,0.13217,0.13232,19265305.0
2025-12-01 17:00:00+00:00,0.13233,0.13338,0.13227,0.13276,7954165.0
2025-12-01 17:15:00+00:00,0.13275,0.133,0.13238,0.13285,6082155.0
2025-12-01 17:30:00+00:00,0.13284,0.13322,0.13211,0.13321,17522930.0
2025-12-01 17:45:00+00:00,0.13321,0.13345,0.13289,0.13292,6616959.0
2025-12-01 18:00:00+00:00,0.13293,0.13383,0.1327,0.1337,9589864.0
2025-12-01 18:15:00+00:00,0.13369,0.13391,0.13328,0.13346,7325314.0
2025-12-01 18:30:00+00:00,0.13346,0.1335,0.13275,0.13283,5604222.0
2025-12-01 18:45:00+00:00,0.13284,0.13373,0.13268,0.13347,5797511.0
2025-12-01 19:00:00+00:00,0.13347,0.13359,0.13272,0.13319,3864381.0
2025-12-01 19:15:00+00:00,0.1332,0.13337,0.13265,0.13273,4413424.0
2025-12-01 19:30:00+00:00,0.13273,0.13333,0.13262,0.1329,4119428.0
2025-12-01 19:45:00+00:00,0.1329,0.13341,0.13285,0.13328,3544952.0
2025-12-01 20:00:00+00:00,0.13327,0.13493,0.13324,0.13431,17370275.0
2025-12-01 20:15:00+00:00,0.13431,0.13431,0.13347,0.13365,12021691.0
2025-12-01 20:30:00+00:00,0.13366,0.13398,0.13348,0.13398,8249943.0
2025-12-01 20:45:00+00:00,0.13399,0.13405,0.13362,0.1338,5339779.0
2025-12-01 21:00:00+00:00,0.1338,0.13471,0.13376,0.1341,7814667.0
2025-12-01 21:15:00+00:00,0.13409,0.13529,0.13401,0.13489,9406979.0
2025-12-01 21:30:00+00:00,0.13488,0.13548,0.13486,0.13529,10438197.0
2025-12-01 21:45:00+00:00,0.1353,0.13535,0.1348,0.13505,6422534.0
2025-12-01 22:00:00+00:00,0.13506,0.13587,0.13506,0.13547,6700562.0
2025-12-01 22:15:00+00:00,0.13547,0.13575,0.13542,0.13565,3702867.0
2025-12-01 22:30:00+00:00,0.13564,0.13593,0.1353,0.13588,4279302.0
2025-12-01 22:45:00+00:00,0.13587,0.13647,0.1358,0.13584,3831028.0
2025-12-01 23:00:00+00:00,0.13584,0.13639,0.13563,0.13573,4086438.0
2025-12-01 23:15:00+00:00,0.13573,0.13634,0.13573,0.13633,2082750.0
2025-12-01 23:30:00+00:00,0.13634,0.13663,0.13599,0.13605,4681800.0
2025-12-01 23:45:00+00:00,0.13604,0.13607,0.13545,0.13547,2151783.0
2025-12-02 00:00:00+00:00,0.13546,0.13592,0.13543,0.1355,3971901.0
2025-12-02 00:15:00+00:00,0.1355,0.1356,0.13493,0.13519,3548011.0
2025-12-02 00:30:00+00:00,0.1352,0.1358,0.1352,0.13533,2197402.0
2025-12-02 00:45:00+00:00,0.13534,0.1359,0.13527,0.13564,3012105.0
2025-12-02 01:00:00+00:00,0.13563,0.13732,0.13546,0.13613,14508076.0
2025-12-02 01:15:00+00:00,0.13614,0.13627,0.13567,0.13593,3620353.0
2025-12-02 01:30:00+00:00,0.13592,0.13616,0.13557,0.13585,2238858.0
2025-12-02 01:45:00+00:00,0.13586,0.13598,0.13567,0.13578,1717771.0
2025-12-02 02:00:00+00:00,0.13578,0.13609,0.13542,0.13605,3523144.0
2025-12-02 02:15:00+00:00,0.13606,0.1365,0.13606,0.13635,3278758.0
2025-12-02 02:30:00+00:00,0.13634,0.13638,0.13586,0.13615,2438427.0
2025-12-02 02:45:00+00:00,0.13615,0.13625,0.13568,0.13574,3126525.0
2025-12-02 03:00:00+00:00,0.13573,0.13596,0.13558,0.13596,1761374.0
2025-12-02 03:15:00+00:00,0.13595,0.13595,0.13522,0.13535,2331156.0
2025-12-02 03:30:00+00:00,0.13535,0.13645,0.13504,0.13644,4405295.0
2025-12-02 03:45:00+00:00,0.13645,0.13665,0.13613,0.13635,3139133.0
2025-12-02 04:00:00+00:00,0.13634,0.13676,0.13629,0.13631,2063166.0
2025-12-02 04:15:00+00:00,0.13631,0.1364,0.13604,0.13621,1787836.0
2025-12-02 04:30:00+00:00,0.13621,0.13639,0.1361,0.13627,1520954.0
2025-12-02 04:45:00+00:00,0.13628,0.1363,0.13594,0.13599,1222128.0
2025-12-02 05:00:00+00:00,0.13598,0.13628,0.1357,0.136,2203542.0
2025-12-02 05:15:00+00:00,0.13599,0.1362,0.13582,0.13588,5769252.0
2025-12-02 05:30:00+00:00,0.13589,0.13591,0.13566,0.13583,3739160.0
2025-12-02 05:45:00+00:00,0.13582,0.13605,0.13577,0.13589,3496542.0
2025-12-02 06:00:00+00:00,0.13588,0.13589,0.13558,0.13577,2868250.0
2025-12-02 06:15:00+00:00,0.13577,0.13595,0.13554,0.13579,3512388.0
2025-12-02 06:30:00+00:00,0.13579,0.13625,0.13577,0.13614,3298073.0
2025-12-02 06:45:00+00:00,0.13614,0.13627,0.13608,0.13618,1488119.0
2025-12-02 07:00:00+00:00,0.13617,0.13619,0.13577,0.13581,1619273.0
2025-12-02 07:15:00+00:00,0.13581,0.13583,0.13548,0.13552,1880104.0
2025-12-02 07:30:00+00:00,0.13552,0.1357,0.13542,0.13567,1944331.0
2025-12-02 07:45:00+00:00,0.13567,0.13572,0.13552,0.13562,1527775.0
2025-12-02 08:00:00+00:00,0.13561,0.13566,0.13501,0.13515,5822898.0
2025-12-02 08:15:00+00:00,0.13515,0.13525,0.13468,0.13472,7028841.0
2025-12-02 08:30:00+00:00,0.13472,0.13502,0.13443,0.13486,14983557.0
2025-12-02 08:45:00+00:00,0.13487,0.13528,0.13459,0.13472,4182611.0
2025-12-02 09:00:00+00:00,0.13471,0.13568,0.13466,0.13537,3590533.0
2025-12-02 09:15:00+00:00,0.13536,0.136,0.13525,0.13591,2785631.0
2025-12-02 09:30:00+00:00,0.1359,0.1359,0.13562,0.13564,2006244.0
2025-12-02 09:45:00+00:00,0.13564,0.13586,0.13558,0.1356,1923341.0
2025-12-02 10:00:00+00:00,0.1356,0.13621,0.1355,0.136,3786148.0
2025-12-02 10:15:00+00:00,0.13599,0.13604,0.1358,0.13581,2148729.0
2025-12-02 10:30:00+00:00,0.13582,0.13635,0.13582,0.13634,1858162.0
2025-12-02 10:45:00+00:00,0.13635,0.13727,0.1363,0.1367,6757166.0
2025-12-02 11:00:00+00:00,0.1367,0.13682,0.13621,0.13638,3104866.0
2025-12-02 11:15:00+00:00,0.13638,0.13697,0.1362,0.13695,3079517.0
2025-12-02 11:30:00+00:00,0.13696,0.13717,0.1368,0.13699,7418385.0
2025-12-02 11:45:00+00:00,0.13699,0.1373,0.13693,0.13699,4445584.0
2025-12-02 12:00:00+00:00,0.137,0.13734,0.13687,0.13719,13483198.0
2025-12-02 12:15:00+00:00,0.1372,0.13758,0.13714,0.13729,5601505.0
2025-12-02 12:30:00+00:00,0.13728,0.13754,0.13704,0.1372,8273528.0
2025-12-02 12:45:00+00:00,0.13719,0.13723,0.1368,0.13723,5514903.0
2025-12-02 13:00:00+00:00,0.13723,0.1375,0.13681,0.13727,5266695.0
2025-12-02 13:15:00+00:00,0.13728,0.13799,0.13728,0.13771,10241106.0
2025-12-02 13:30:00+00:00,0.1377,0.13793,0.13767,0.13783,3481512.0
2025-12-02 13:45:00+00:00,0.13782,0.13833,0.13777,0.1381,8332631.0
2025-12-02 14:00:00+00:00,0.13809,0.13881,0.13789,0.13846,16446294.0
2025-12-02 14:15:00+00:00,0.13847,0.13935,0.13839,0.13897,15737972.0
2025-12-02 14:30:00+00:00,0.13898,0.14024,0.13873,0.14024,18484472.0
2025-12-02 14:45:00+00:00,0.14025,0.14178,0.14016,0.14177,41715990.0
2025-12-02 15:00:00+00:00,0.14178,0.14509,0.14173,0.14443,73580389.0
2025-12-02 15:15:00+00:00,0.14443,0.14508,0.1432,0.14329,61387405.0
2025-12-02 15:30:00+00:00,0.14329,0.14722,0.14329,0.14678,41660853.0
2025-12-02 15:45:00+00:00,0.14678,0.14783,0.14596,0.14632,26866652.0
2025-12-02 16:00:00+00:00,0.14632,0.14694,0.14582,0.14616,24983195.0
2025-12-02 16:15:00+00:00,0.14615,0.14615,0.14489,0.1451,21223071.0
2025-12-02 16:30:00+00:00,0.1451,0.1459,0.14501,0.14527,15587328.0
2025-12-02 16:45:00+00:00,0.14527,0.14623,0.14517,0.14576,13899459.0
2025-12-02 17:00:00+00:00,0.14575,0.14626,0.14535,0.14554,15429378.0
2025-12-02 17:15:00+00:00,0.14553,0.14732,0.14546,0.14686,16050097.0
2025-12-02 17:30:00+00:00,0.14686,0.14715,0.14637,0.14649,12108195.0
2025-12-02 17:45:00+00:00,0.14649,0.14673,0.14621,0.14625,5365535.0
2025-12-02 18:00:00+00:00,0.14625,0.14658,0.14606,0.14643,15637720.0
2025-12-02 18:15:00+00:00,0.14643,0.14709,0.14625,0.14639,7062356.0
2025-12-02 18:30:00+00:00,0.14638,0.14666,0.14602,0.1461,7010989.0
2025-12-02 18:45:00+00:00,0.14609,0.14632,0.14593,0.14624,5672342.0
2025-12-02 19:00:00+00:00,0.14624,0.14656,0.14619,0.14635,4663712.0
2025-12-02 19:15:00+00:00,0.14635,0.14646,0.14574,0.14578,3671947.0
2025-12-02 19:30:00+00:00,0.14577,0.1466,0.14574,0.14629,3438589.0
2025-12-02 19:45:00+00:00,0.14629,0.1464,0.14588,0.14603,5056128.0
2025-12-02 20:00:00+00:00,0.14603,0.14616,0.14563,0.14605,7447306.0
2025-12-02 20:15:00+00:00,0.14605,0.14606,0.14535,0.14542,12333257.0
2025-12-02 20:30:00+00:00,0.14542,0.14587,0.14473,0.1452,15148835.0
2025-12-02 20:45:00+00:00,0.1452,0.14562,0.14475,0.14546,8071919.0
2025-12-02 21:00:00+00:00,0.14545,0.14596,0.14531,0.14589,5403340.0
2025-12-02 21:15:00+00:00,0.14589,0.14594,0.14537,0.14554,3114764.0
2025-12-02 21:30:00+00:00,0.14553,0.14574,0.1454,0.14559,3204503.0
2025-12-02 21:45:00+00:00,0.14559,0.14613,0.14548,0.14599,2655863.0
2025-12-02 22:00:00+00:00,0.14599,0.14671,0.14597,0.14644,5129551.0
2025-12-02 22:15:00+00:00,0.14643,0.14658,0.14615,0.14627,4095178.0
2025-12-02 22:30:00+00:00,0.14626,0.14685,0.14623,0.14647,6396724.0
2025-12-02 22:45:00+00:00,0.14647,0.14685,0.14634,0.14679,4291206.0
2025-12-02 23:00:00+00:00,0.14679,0.14733,0.14671,0.14691,9377767.0
2025-12-02 23:15:00+00:00,0.14691,0.147,0.14636,0.14646,2206369.0
2025-12-02 23:30:00+00:00,0.14647,0.14666,0.1461,0.1462,5004697.0
2025-12-02 23:45:00+00:00,0.1462,0.14631,0.14572,0.14577,5238547.0
2025-12-03 00:00:00+00:00,0.14578,0.14606,0.1454,0.14578,8146836.0
2025-12-03 00:15:00+00:00,0.14579,0.14607,0.14537,0.1455,2141918.0
2025-12-03 00:30:00+00:00,0.14549,0.1461,0.1452,0.14607,5116974.0
2025-12-03 00:45:00+00:00,0.14608,0.14642,0.1459,0.14624,3730422.0
2025-12-03 01:00:00+00:00,0.14624,0.14648,0.14595,0.14624,2498390.0
2025-12-03 01:15:00+00:00,0.14624,0.14638,0.1458,0.14603,6655134.0
2025-12-03 01:30:00+00:00,0.14603,0.1461,0.1458,0.14593,3563261.0
2025-12-03 01:45:00+00:00,0.14594,0.14675,0.14592,0.14625,3743529.0
2025-12-03 02:00:00+00:00,0.14625,0.14729,0.14618,0.14725,12972945.0
2025-12-03 02:15:00+00:00,0.14726,0.14777,0.1469,0.14745,9106529.0
2025-12-03 02:30:00+00:00,0.14745,0.14746,0.14701,0.14722,4953480.0
2025-12-03 02:45:00+00:00,0.14722,0.14744,0.14679,0.14727,9691896.0
2025-12-03 03:00:00+00:00,0.14728,0.1477,0.14705,0.14721,7194174.0
2025-12-03 03:15:00+00:00,0.14722,0.14793,0.14721,0.14788,20421888.0
2025-12-03 03:30:00+00:00,0.14788,0.14795,0.14755,0.14766,3993706.0
2025-12-03 03:45:00+00:00,0.14766,0.14773,0.14737,0.14737,5384064.0
2025-12-03 04:00:00+00:00,0.14737,0.14781,0.14721,0.14772,2416517.0
2025-12-03 04:15:00+00:00,0.14772,0.14892,0.14762,0.14795,26112197.0
2025-12-03 04:30:00+00:00,0.14795,0.14844,0.14791,0.14844,5312307.0
2025-12-03 04:45:00+00:00,0.14843,0.14946,0.14832,0.1493,19043541.0
2025-12-03 05:00:00+00:00,0.1493,0.15047,0.1493,0.14981,26736529.0
2025-12-03 05:15:00+00:00,0.14981,0.15001,0.14934,0.14995,9479621.0
2025-12-03 05:30:00+00:00,0.14994,0.15068,0.14965,0.15039,8461547.0
2025-12-03 05:45:00+00:00,0.15039,0.1509,0.15037,0.15043,8573504.0
2025-12-03 06:00:00+00:00,0.15043,0.15145,0.15041,0.15084,12906334.0
2025-12-03 06:15:00+00:00,0.15085,0.15168,0.15084,0.15135,14496550.0
2025-12-03 06:30:00+00:00,0.15135,0.15206,0.15024,0.15036,21310959.0
2025-12-03 06:45:00+00:00,0.15035,0.15056,0.14979,0.15053,8809166.0
2025-12-03 07:00:00+00:00,0.15053,0.15082,0.15023,0.15072,12713534.0
2025-12-03 07:15:00+00:00,0.15073,0.15089,0.15025,0.15055,7411191.0
2025-12-03 07:30:00+00:00,0.15055,0.15064,0.15036,0.15056,3393675.0
2025-12-03 07:45:00+00:00,0.15056,0.1506,0.15029,0.1505,4065228.0
2025-12-03 08:00:00+00:00,0.1505,0.15093,0.15028,0.15053,4080926.0
2025-12-03 08:15:00+00:00,0.15053,0.15054,0.1498,0.15009,39624698.0
2025-12-03 08:30:00+00:00,0.1501,0.15045,0.14986,0.15044,13747085.0
2025-12-03 08:45:00+00:00,0.15044,0.15087,0.15033,0.15067,12315155.0
2025-12-03 09:00:00+00:00,0.15066,0.15077,0.15024,0.15059,4520327.0
2025-12-03 09:15:00+00:00,0.15059,0.15059,0.15002,0.15011,3650339.0
2025-12-03 09:30:00+00:00,0.15011,0.1503,0.14968,0.15011,6970947.0
2025-12-03 09:45:00+00:00,0.1501,0.15031,0.14995,0.1501,4106443.0
2025-12-03 10:00:00+00:00,0.1501,0.15014,0.14968,0.15001,14007443.0
2025-12-03 10:15:00+00:00,0.15002,0.15063,0.15001,0.15039,5830591.0
2025-12-03 10:30:00+00:00,0.15038,0.15038,0.14954,0.14977,11189143.0
2025-12-03 10:45:00+00:00,0.14976,0.14994,0.14941,0.14947,4921355.0
2025-12-03 11:00:00+00:00,0.14947,0.14966,0.14914,0.14935,6538953.0
2025-12-03 11:15:00+00:00,0.14935,0.15024,0.1492,0.15021,17307940.0
2025-12-03 11:30:00+00:00,0.1502,0.15025,0.1499,0.14996,6474250.0
2025-12-03 11:45:00+00:00,0.14995,0.1502,0.14992,0.15004,4692808.0
2025-12-03 12:00:00+00:00,0.15003,0.15017,0.14969,0.14995,14870715.0
2025-12-03 12:15:00+00:00,0.14995,0.1501,0.14977,0.14981,3676453.0
2025-12-03 12:30:00+00:00,0.14982,0.15003,0.14946,0.14956,3061552.0
2025-12-03 12:45:00+00:00,0.14956,0.15,0.14949,0.14981,3732331.0
2025-12-03 13:00:00+00:00,0.14982,0.15007,0.14967,0.14992,3435121.0
2025-12-03 13:15:00+00:00,0.14992,0.15029,0.14966,0.14976,6397042.0
2025-12-03 13:30:00+00:00,0.14976,0.14986,0.14939,0.1496,3203693.0
2025-12-03 13:45:00+00:00,0.1496,0.14979,0.14917,0.14935,4123868.0
2025-12-03 14:00:00+00:00,0.14936,0.14943,0.14651,0.14794,61343463.0
2025-12-03 14:15:00+00:00,0.14794,0.14844,0.14764,0.1483,15527781.0
2025-12-03 14:30:00+00:00,0.1483,0.15093,0.14729,0.15024,35533925.0
2025-12-03 14:45:00+00:00,0.15025,0.15036,0.1484,0.14841,16343711.0
2025-12-03 15:00:00+00:00,0.14842,0.14969,0.14792,0.14824,10016523.0
2025-12-03 15:15:00+00:00,0.14825,0.14923,0.14792,0.14886,8910574.0
2025-12-03 15:30:00+00:00,0.14886,0.14953,0.14873,0.14928,6570415.0
2025-12-03 15:45:00+00:00,0.14928,0.14952,0.14883,0.14918,4299446.0
2025-12-03 16:00:00+00:00,0.14918,0.1495,0.1484,0.14861,6480271.0
2025-12-03 16:15:00+00:00,0.14862,0.14934,0.14857,0.14906,3569569.0
2025-12-03 16:30:00+00:00,0.14907,0.15055,0.14899,0.15049,6613570.0
2025-12-03 16:45:00+00:00,0.15049,0.15054,0.14976,0.14989,6967863.0
2025-12-03 17:00:00+00:00,0.14989,0.1506,0.14988,0.15055,13192001.0
2025-12-03 17:15:00+00:00,0.15056,0.15086,0.14993,0.15039,7291230.0
2025-12-03 17:30:00+00:00,0.15039,0.1514,0.15038,0.15111,8090336.0
2025-12-03 17:45:00+00:00,0.1511,0.15168,0.151,0.15137,5761287.0
2025-12-03 18:00:00+00:00,0.15136,0.15195,0.15127,0.15165,6335843.0
2025-12-03 18:15:00+00:00,0.15165,0.1517,0.15085,0.15117,5774057.0
2025-12-03 18:30:00+00:00,0.15118,0.15166,0.151,0.15151,4032869.0
2025-12-03 18:45:00+00:00,0.1515,0.15151,0.1502,0.15055,6341387.0
2025-12-03 19:00:00+00:00,0.15054,0.15098,0.15035,0.15066,2968896.0
2025-12-03 19:15:00+00:00,0.15065,0.15108,0.15057,0.1507,1958885.0
2025-12-03 19:30:00+00:00,0.1507,0.15075,0.15033,0.15046,2491405.0
2025-12-03 19:45:00+00:00,0.15045,0.1508,0.15041,0.15065,7997966.0
2025-12-03 20:00:00+00:00,0.15065,0.15086,0.15033,0.15058,3000400.0
2025-12-03 20:15:00+00:00,0.15058,0.15076,0.15025,0.15049,1970736.0
2025-12-03 20:30:00+00:00,0.15048,0.15057,0.15014,0.15034,3748370.0
2025-12-03 20:45:00+00:00,0.15034,0.1515,0.1503,0.15073,9715433.0
2025-12-03 21:00:00+00:00,0.15073,0.15138,0.15062,0.15118,8581426.0
2025-12-03 21:15:00+00:00,0.15117,0.15154,0.15109,0.15144,5074372.0
2025-12-03 21:30:00+00:00,0.15143,0.15153,0.15113,0.15148,6700245.0
2025-12-03 21:45:00+00:00,0.15147,0.15242,0.15116,0.15223,14483066.0
2025-12-03 22:00:00+00:00,0.15222,0.15269,0.15145,0.15216,18267683.0
2025-12-03 22:15:00+00:00,0.15217,0.15223,0.15166,0.15182,5684276.0
2025-12-03 22:30:00+00:00,0.15182,0.15239,0.15159,0.15185,16410205.0
2025-12-03 22:45:00+00:00,0.15186,0.15294,0.15186,0.15238,10248138.0
2025-12-03 23:00:00+00:00,0.15239,0.1534,0.15234,0.15269,18034715.0
2025-12-03 23:15:00+00:00,0.1527,0.15275,0.15198,0.15206,6744073.0
2025-12-03 23:30:00+00:00,0.15206,0.15209,0.15178,0.15196,5214726.0
2025-12-03 23:45:00+00:00,0.15195,0.15204,0.15146,0.15166,9323415.0
2025-12-04 00:00:00+00:00,0.15167,0.15191,0.15108,0.15108,6272076.0
2025-12-04 00:15:00+00:00,0.15108,0.15165,0.15104,0.15119,7579171.0
2025-12-04 00:30:00+00:00,0.15118,0.15155,0.15068,0.15151,5126184.0
2025-12-04 00:45:00+00:00,0.1515,0.15191,0.1513,0.15153,6811458.0
2025-12-04 01:00:00+00:00,0.15152,0.15309,0.15127,0.15305,7096024.0
2025-12-04 01:15:00+00:00,0.15305,0.1532,0.15171,0.15186,10149616.0
2025-12-04 01:30:00+00:00,0.15186,0.15234,0.15168,0.1522,4658701.0
2025-12-04 01:45:00+00:00,0.15219,0.15219,0.15111,0.15117,5577761.0
2025-12-04 02:00:00+00:00,0.15117,0.15202,0.151,0.15198,5183130.0
2025-12-04 02:15:00+00:00,0.15198,0.15251,0.15183,0.15236,5667635.0
2025-12-04 02:30:00+00:00,0.15236,0.15269,0.15204,0.15243,2959601.0
2025-12-04 02:45:00+00:00,0.15242,0.1525,0.15199,0.15206,4381145.0
2025-12-04 03:00:00+00:00,0.15206,0.15229,0.15159,0.15168,4198259.0
2025-12-04 03:15:00+00:00,0.15169,0.15173,0.1512,0.15136,3368711.0
2025-12-04 03:30:00+00:00,0.15135,0.15141,0.15092,0.15104,3551073.0
2025-12-04 03:45:00+00:00,0.15104,0.15118,0.15092,0.15106,2701976.0
2025-12-04 04:00:00+00:00,0.15107,0.15163,0.15085,0.15126,2427417.0
2025-12-04 04:15:00+00:00,0.15127,0.15129,0.15081,0.15102,4069870.0
2025-12-04 04:30:00+00:00,0.15103,0.15125,0.15079,0.15093,1994730.0
2025-12-04 04:45:00+00:00,0.15093,0.151,0.15067,0.15098,2457776.0
2025-12-04 05:00:00+00:00,0.15099,0.15108,0.15036,0.15059,6029592.0
2025-12-04 05:15:00+00:00,0.15058,0.15069,0.15024,0.15059,3588549.0
2025-12-04 05:30:00+00:00,0.15058,0.15069,0.15007,0.15009,4091459.0
2025-12-04 05:45:00+00:00,0.15009,0.15027,0.14977,0.15018,9638438.0
2025-12-04 06:00:00+00:00,0.15018,0.15032,0.14985,0.14993,4717564.0
2025-12-04 06:15:00+00:00,0.14994,0.15027,0.14979,0.15027,4622315.0
2025-12-04 06:30:00+00:00,0.15026,0.15077,0.15026,0.15051,7238604.0
2025-12-04 06:45:00+00:00,0.15052,0.15066,0.15032,0.1504,2772145.0
2025-12-04 07:00:00+00:00,0.1504,0.15041,0.14923,0.14952,7485851.0
2025-12-04 07:15:00+00:00,0.14951,0.14978,0.1494,0.1496,8220597.0
2025-12-04 07:30:00+00:00,0.1496,0.14995,0.14956,0.14994,5746728.0
2025-12-04 07:45:00+00:00,0.14995,0.15004,0.14976,0.14988,3155762.0
2025-12-04 08:00:00+00:00,0.14988,0.15029,0.14932,0.14952,4640968.0
2025-12-04 08:15:00+00:00,0.14951,0.14984,0.14947,0.14958,2293984.0
2025-12-04 08:30:00+00:00,0.14958,0.15002,0.1494,0.14996,4081631.0
2025-12-04 08:45:00+00:00,0.14995,0.14998,0.14929,0.14949,3262711.0
2025-12-04 09:00:00+00:00,0.14949,0.15031,0.14949,0.14998,7906798.0
2025-12-04 09:15:00+00:00,0.14999,0.15009,0.14974,0.14995,2635999.0
2025-12-04 09:30:00+00:00,0.14994,0.15042,0.14994,0.15037,5434047.0
2025-12-04 09:45:00+00:00,0.15037,0.15038,0.15001,0.15002,3365435.0
2025-12-04 10:00:00+00:00,0.15002,0.15017,0.14975,0.14994,4731955.0
2025-12-04 10:15:00+00:00,0.14993,0.14995,0.14959,0.14981,2735927.0
2025-12-04 10:30:00+00:00,0.14981,0.14991,0.1496,0.14974,1953320.0
2025-12-04 10:45:00+00:00,0.14975,0.14989,0.14949,0.14971,8252971.0
2025-12-04 11:00:00+00:00,0.14968,0.1498,0.14954,0.14972,5341803.0
2025-12-04 11:15:00+00:00,0.14972,0.14972,0.14928,0.14951,5254486.0
2025-12-04 11:30:00+00:00,0.14952,0.14971,0.14908,0.14921,5954407.0
2025-12-04 11:45:00+00:00,0.14921,0.14954,0.14908,0.14938,2393753.0
2025-12-04 12:00:00+00:00,0.14938,0.14976,0.14934,0.14953,3625012.0
2025-12-04 12:15:00+00:00,0.14953,0.14961,0.14885,0.14893,6913454.0
2025-12-04 12:30:00+00:00,0.14893,0.1497,0.14891,0.14955,6682817.0
2025-12-04 12:45:00+00:00,0.14955,0.14969,0.14925,0.14946,5563320.0
2025-12-04 13:00:00+00:00,0.14947,0.1498,0.1491,0.14933,13673136.0
2025-12-04 13:15:00+00:00,0.14934,0.15008,0.14934,0.14969,5587251.0
2025-12-04 13:30:00+00:00,0.1497,0.14984,0.1491,0.14918,8028226.0
2025-12-04 13:45:00+00:00,0.14918,0.14932,0.14891,0.14909,7710244.0
2025-12-04 14:00:00+00:00,0.14908,0.1496,0.14904,0.14943,5508446.0
2025-12-04 14:15:00+00:00,0.14943,0.14965,0.14927,0.14961,4354117.0
2025-12-04 14:30:00+00:00,0.14961,0.14961,0.14862,0.14921,13334379.0
2025-12-04 14:45:00+00:00,0.1492,0.14934,0.14781,0.14805,26635545.0
2025-12-04 15:00:00+00:00,0.14804,0.14953,0.148,0.14938,12986639.0
2025-12-04 15:15:00+00:00,0.14938,0.14965,0.14856,0.14899,11485610.0
2025-12-04 15:30:00+00:00,0.14899,0.15103,0.14883,0.15029,22286692.0
2025-12-04 15:45:00+00:00,0.15028,0.15035,0.14972,0.15022,8072373.0
2025-12-04 16:00:00+00:00,0.15022,0.15022,0.14914,0.14962,8706112.0
2025-12-04 16:15:00+00:00,0.14961,0.15043,0.14952,0.14986,13195174.0
2025-12-04 16:30:00+00:00,0.14985,0.14985,0.14898,0.14918,15984924.0
2025-12-04 16:45:00+00:00,0.14918,0.14957,0.14894,0.14928,10470743.0
2025-12-04 17:00:00+00:00,0.14927,0.14964,0.14902,0.1495,4368277.0
2025-12-04 17:15:00+00:00,0.14951,0.14965,0.14889,0.14893,4583522.0
2025-12-04 17:30:00+00:00,0.14892,0.14922,0.14815,0.14873,11237550.0
2025-12-04 17:45:00+00:00,0.14874,0.14924,0.14855,0.14915,5491367.0
2025-12-04 18:00:00+00:00,0.14915,0.14944,0.14873,0.1492,8724975.0
2025-12-04 18:15:00+00:00,0.1492,0.14954,0.14883,0.14939,4038344.0
2025-12-04 18:30:00+00:00,0.14939,0.14951,0.14824,0.14825,3967783.0
2025-12-04 18:45:00+00:00,0.14826,0.14873,0.14826,0.14864,4287756.0
2025-12-04 19:00:00+00:00,0.14865,0.14868,0.14655,0.14658,25400200.0
2025-12-04 19:15:00+00:00,0.14659,0.14698,0.14557,0.14672,40055487.0
2025-12-04 19:30:00+00:00,0.14672,0.14785,0.1466,0.14772,8257426.0
2025-12-04 19:45:00+00:00,0.14773,0.14834,0.14771,0.14801,9003493.0
2025-12-04 20:00:00+00:00,0.14801,0.1485,0.14751,0.14799,14152435.0
2025-12-04 20:15:00+00:00,0.14798,0.14812,0.14759,0.1476,3671522.0
2025-12-04 20:30:00+00:00,0.14759,0.14806,0.14753,0.14793,4379061.0
2025-12-04 20:45:00+00:00,0.14794,0.14855,0.14793,0.14821,4763351.0
2025-12-04 21:00:00+00:00,0.14822,0.14855,0.14805,0.14806,5029154.0
2025-12-04 21:15:00+00:00,0.14807,0.14829,0.14775,0.14776,2001216.0
2025-12-04 21:30:00+00:00,0.14775,0.14815,0.14764,0.14787,2362003.0
2025-12-04 21:45:00+00:00,0.14788,0.14788,0.14715,0.14726,4597504.0
2025-12-04 22:00:00+00:00,0.14726,0.14777,0.14726,0.14761,3977403.0
2025-12-04 22:15:00+00:00,0.14761,0.14783,0.14736,0.14762,2053394.0
2025-12-04 22:30:00+00:00,0.14762,0.14824,0.14762,0.1481,3652532.0
2025-12-04 22:45:00+00:00,0.1481,0.14823,0.14792,0.14797,4054902.0
2025-12-04 23:00:00+00:00,0.14797,0.14807,0.14754,0.1476,3227264.0
2025-12-04 23:15:00+00:00,0.14759,0.14775,0.1475,0.14764,1398505.0
2025-12-04 23:30:00+00:00,0.14765,0.14776,0.14729,0.14749,1828378.0
2025-12-04 23:45:00+00:00,0.14748,0.1476,0.1473,0.14739,2213755.0
2025-12-05 00:00:00+00:00,0.14739,0.14782,0.14737,0.14742,2948918.0
2025-12-05 00:15:00+00:00,0.14742,0.14838,0.14737,0.14797,2903211.0
2025-12-05 00:30:00+00:00,0.14797,0.1483,0.14785,0.14829,1926900.0
2025-12-05 00:45:00+00:00,0.14828,0.14828,0.14778,0.14788,1897988.0
2025-12-05 01:00:00+00:00,0.14788,0.14828,0.14765,0.14771,2814132.0
2025-12-05 01:15:00+00:00,0.14771,0.14835,0.1477,0.14804,2780167.0
2025-12-05 01:30:00+00:00,0.14803,0.14804,0.14771,0.14783,2876122.0
2025-12-05 01:45:00+00:00,0.14784,0.1482,0.14774,0.14791,2072172.0
2025-12-05 02:00:00+00:00,0.1479,0.1479,0.1475,0.14768,5253589.0
2025-12-05 02:15:00+00:00,0.14769,0.14815,0.14769,0.14815,3934668.0
2025-12-05 02:30:00+00:00,0.14814,0.14837,0.14804,0.14818,3019752.0
2025-12-05 02:45:00+00:00,0.14817,0.14817,0.14776,0.14784,1585802.0
2025-12-05 03:00:00+00:00,0.14785,0.14823,0.14784,0.14799,1182625.0
2025-12-05 03:15:00+00:00,0.14799,0.14802,0.14741,0.14746,3554053.0
2025-12-05 03:30:00+00:00,0.14746,0.14751,0.14721,0.14727,1357160.0
2025-12-05 03:45:00+00:00,0.14727,0.14761,0.14718,0.14745,10025726.0
2025-12-05 04:00:00+00:00,0.14745,0.14788,0.14738,0.14768,3775911.0
2025-12-05 04:15:00+00:00,0.14767,0.1477,0.1472,0.1472,2023422.0
2025-12-05 04:30:00+00:00,0.14719,0.14721,0.14648,0.14662,9812070.0
2025-12-05 04:45:00+00:00,0.14663,0.14703,0.14643,0.14693,7741527.0
2025-12-05 05:00:00+00:00,0.14692,0.14703,0.14674,0.14674,2758946.0
2025-12-05 05:15:00+00:00,0.14673,0.14685,0.14626,0.14637,3169352.0
2025-12-05 05:30:00+00:00,0.14636,0.14644,0.14619,0.14641,1884472.0
2025-12-05 05:45:00+00:00,0.1464,0.14646,0.14627,0.14643,2397781.0
2025-12-05 06:00:00+00:00,0.14643,0.14708,0.14642,0.14687,5311044.0
2025-12-05 06:15:00+00:00,0.14686,0.14693,0.14663,0.14678,945917.0
2025-12-05 06:30:00+00:00,0.14679,0.14703,0.14647,0.14687,3851012.0
2025-12-05 06:45:00+00:00,0.14687,0.147,0.14676,0.14692,4398834.0
2025-12-05 07:00:00+00:00,0.14692,0.14792,0.1468,0.14746,4971147.0
2025-12-05 07:15:00+00:00,0.14746,0.14759,0.14733,0.14742,2403410.0
2025-12-05 07:30:00+00:00,0.14742,0.14752,0.14715,0.1472,2427874.0
2025-12-05 07:45:00+00:00,0.14721,0.14756,0.14702,0.14746,1949631.0
2025-12-05 08:00:00+00:00,0.14746,0.14747,0.14691,0.14692,4938807.0
2025-12-05 08:15:00+00:00,0.14692,0.14706,0.14668,0.14687,2087784.0
2025-12-05 08:30:00+00:00,0.14687,0.14687,0.14604,0.14638,6647263.0
2025-12-05 08:45:00+00:00,0.14638,0.14655,0.14623,0.14632,2598131.0
2025-12-05 09:00:00+00:00,0.14631,0.14631,0.14568,0.1458,7177998.0
2025-12-05 09:15:00+00:00,0.1458,0.1458,0.14458,0.14474,13100045.0
2025-12-05 09:30:00+00:00,0.14473,0.14496,0.14414,0.14435,14270743.0
2025-12-05 09:45:00+00:00,0.14436,0.14444,0.14409,0.14433,9849604.0
2025-12-05 10:00:00+00:00,0.14432,0.145,0.14421,0.14486,6761740.0
2025-12-05 10:15:00+00:00,0.14486,0.14528,0.14463,0.145,5693951.0
2025-12-05 10:30:00+00:00,0.14501,0.14521,0.14492,0.14518,4945684.0
2025-12-05 10:45:00+00:00,0.14518,0.14518,0.14465,0.14487,2347949.0
2025-12-05 11:00:00+00:00,0.14487,0.145,0.14465,0.14472,4034382.0
2025-12-05 11:15:00+00:00,0.14471,0.14474,0.14414,0.14437,4767871.0
2025-12-05 11:30:00+00:00,0.14437,0.14437,0.14364,0.14383,11713787.0
2025-12-05 11:45:00+00:00,0.14383,0.14444,0.14383,0.14432,6645937.0
2025-12-05 12:00:00+00:00,0.14432,0.14432,0.14385,0.14393,4269321.0
2025-12-05 12:15:00+00:00,0.14393,0.14414,0.14392,0.14409,2892480.0
2025-12-05 12:30:00+00:00,0.14409,0.14444,0.14398,0.14426,5175307.0
2025-12-05 12:45:00+00:00,0.14427,0.14453,0.14416,0.1445,1658192.0
2025-12-05 13:00:00+00:00,0.14449,0.14492,0.14413,0.14434,6116225.0
2025-12-05 13:15:00+00:00,0.14434,0.14442,0.14389,0.14415,4790918.0
2025-12-05 13:30:00+00:00,0.14416,0.14424,0.14324,0.14343,9429887.0
2025-12-05 13:45:00+00:00,0.14342,0.14388,0.14295,0.14313,49157360.0
2025-12-05 14:00:00+00:00,0.14314,0.14339,0.1427,0.1429,10233677.0
2025-12-05 14:15:00+00:00,0.1429,0.14297,0.14265,0.1428,7191728.0
2025-12-05 14:30:00+00:00,0.14279,0.14333,0.14213,0.1424,15958819.0
2025-12-05 14:45:00+00:00,0.1424,0.14287,0.14182,0.14236,18874140.0
2025-12-05 15:00:00+00:00,0.14236,0.14466,0.14236,0.14374,39415799.0
2025-12-05 15:15:00+00:00,0.14374,0.14395,0.14313,0.14344,8299722.0
2025-12-05 15:30:00+00:00,0.14345,0.14407,0.143,0.14329,4784296.0
2025-12-05 15:45:00+00:00,0.14328,0.14331,0.14213,0.14252,13227301.0
2025-12-05 16:00:00+00:00,0.14251,0.14257,0.1405,0.14103,26075700.0
2025-12-05 16:15:00+00:00,0.14102,0.14151,0.14041,0.14072,13214064.0
2025-12-05 16:30:00+00:00,0.14071,0.14071,0.13756,0.13831,59129663.0
2025-12-05 16:45:00+00:00,0.1383,0.13931,0.13757,0.13878,20845071.0
2025-12-05 17:00:00+00:00,0.13877,0.13932,0.13856,0.13859,10027962.0
2025-12-05 17:15:00+00:00,0.13859,0.13918,0.13829,0.13842,7678358.0
2025-12-05 17:30:00+00:00,0.13841,0.13902,0.13788,0.13833,7516357.0
2025-12-05 17:45:00+00:00,0.13832,0.13937,0.13819,0.13856,8048763.0
2025-12-05 18:00:00+00:00,0.13856,0.1394,0.13833,0.13899,10981062.0
2025-12-05 18:15:00+00:00,0.139,0.13915,0.13782,0.13808,17110935.0
2025-12-05 18:30:00+00:00,0.13808,0.13865,0.13744,0.13764,9608617.0
2025-12-05 18:45:00+00:00,0.13764,0.13812,0.13761,0.13776,4105695.0
2025-12-05 19:00:00+00:00,0.13776,0.13832,0.13722,0.13831,15511931.0
2025-12-05 19:15:00+00:00,0.13831,0.13871,0.13802,0.13852,12793147.0
2025-12-05 19:30:00+00:00,0.13852,0.13915,0.13843,0.13901,5762713.0
2025-12-05 19:45:00+00:00,0.13901,0.13942,0.13884,0.13903,3821489.0
2025-12-05 20:00:00+00:00,0.13902,0.13904,0.13818,0.13857,4991836.0
2025-12-05 20:15:00+00:00,0.13858,0.1391,0.13857,0.13863,4252585.0
2025-12-05 20:30:00+00:00,0.13863,0.13863,0.1382,0.13833,4047545.0
2025-12-05 20:45:00+00:00,0.13833,0.1384,0.13803,0.13828,6636475.0
2025-12-05 21:00:00+00:00,0.13828,0.13893,0.13827,0.13888,5934511.0
2025-12-05 21:15:00+00:00,0.13888,0.13906,0.13865,0.13869,3982908.0
2025-12-05 21:30:00+00:00,0.13869,0.13889,0.13847,0.13854,3879641.0
2025-12-05 21:45:00+00:00,0.13854,0.1388,0.13831,0.13873,2856120.0
2025-12-05 22:00:00+00:00,0.13874,0.13877,0.13815,0.13828,5694676.0
2025-12-05 22:15:00+00:00,0.13828,0.13904,0.13828,0.13897,3240538.0
2025-12-05 22:30:00+00:00,0.13897,0.13928,0.13875,0.13926,6375670.0
2025-12-05 22:45:00+00:00,0.13927,0.13944,0.1391,0.13918,1854001.0
2025-12-05 23:00:00+00:00,0.13918,0.13919,0.13852,0.13884,4538475.0
2025-12-05 23:15:00+00:00,0.13885,0.13941,0.13885,0.13932,4030673.0
2025-12-05 23:30:00+00:00,0.13932,0.13958,0.13932,0.1394,2649050.0
2025-12-05 23:45:00+00:00,0.1394,0.13966,0.13938,0.13956,3004771.0
2025-12-06 00:00:00+00:00,0.13956,0.13956,0.13917,0.13932,1968274.0
2025-12-06 00:15:00+00:00,0.13932,0.13932,0.13895,0.13919,1369222.0
2025-12-06 00:30:00+00:00,0.13919,0.13983,0.13919,0.13981,2043749.0
2025-12-06 00:45:00+00:00,0.13981,0.13999,0.13954,0.1399,1569718.0
2025-12-06 01:00:00+00:00,0.1399,0.14012,0.13975,0.14008,2191181.0
2025-12-06 01:15:00+00:00,0.14008,0.14039,0.14005,0.14022,4436098.0
2025-12-06 01:30:00+00:00,0.14022,0.14022,0.13966,0.13976,2874150.0
2025-12-06 01:45:00+00:00,0.13976,0.14,0.13969,0.13991,1640873.0
2025-12-06 02:00:00+00:00,0.13991,0.13994,0.13929,0.13938,8488199.0
2025-12-06 02:15:00+00:00,0.13938,0.1394,0.13916,0.1392,3669045.0
2025-12-06 02:30:00+00:00,0.1392,0.1395,0.13913,0.13937,2473277.0
2025-12-06 02:45:00+00:00,0.13936,0.13963,0.13936,0.1395,992461.0
2025-12-06 03:00:00+00:00,0.13949,0.14023,0.13948,0.14005,4050644.0
2025-12-06 03:15:00+00:00,0.14006,0.14017,0.13981,0.13986,4286698.0
2025-12-06 03:30:00+00:00,0.13986,0.1403,0.13982,0.14011,2770022.0
2025-12-06 03:45:00+00:00,0.1401,0.14019,0.13993,0.13996,2773486.0
2025-12-06 04:00:00+00:00,0.13996,0.14005,0.13954,0.13963,2327514.0
2025-12-06 04:15:00+00:00,0.13962,0.13974,0.13925,0.13949,4676180.0
2025-12-06 04:30:00+00:00,0.13949,0.13963,0.13936,0.13947,2135944.0
2025-12-06 04:45:00+00:00,0.13946,0.13964,0.13942,0.13961,1308493.0
2025-12-06 05:00:00+00:00,0.1396,0.13988,0.1396,0.13988,1139645.0
2025-12-06 05:15:00+00:00,0.13988,0.13989,0.1393,0.13937,4334379.0
2025-12-06 05:30:00+00:00,0.13937,0.13944,0.13905,0.13928,2457964.0
2025-12-06 05:45:00+00:00,0.13927,0.13943,0.1392,0.13932,2024332.0
2025-12-06 06:00:00+00:00,0.13931,0.13944,0.13908,0.13937,1952049.0
2025-12-06 06:15:00+00:00,0.13937,0.13955,0.13923,0.13955,2231482.0
2025-12-06 06:30:00+00:00,0.13954,0.13954,0.1392,0.1392,2648469.0
2025-12-06 06:45:00+00:00,0.1392,0.13924,0.139,0.13908,2245283.0
2025-12-06 07:00:00+00:00,0.13909,0.1394,0.13908,0.13937,1821357.0
2025-12-06 07:15:00+00:00,0.13936,0.1395,0.13904,0.13904,4609515.0
2025-12-06 07:30:00+00:00,0.13904,0.13945,0.1388,0.13939,1992630.0
2025-12-06 07:45:00+00:00,0.13938,0.13968,0.13923,0.13928,1584455.0
2025-12-06 08:00:00+00:00,0.13928,0.13942,0.13916,0.13928,10712939.0
2025-12-06 08:15:00+00:00,0.13928,0.13942,0.1387,0.13876,3076966.0
2025-12-06 08:30:00+00:00,0.13876,0.13886,0.13857,0.13881,2797138.0
2025-12-06 08:45:00+00:00,0.13881,0.13888,0.13836,0.13847,2605499.0
2025-12-06 09:00:00+00:00,0.13846,0.13919,0.13845,0.13912,2938366.0
2025-12-06 09:15:00+00:00,0.13911,0.1393,0.13889,0.13929,4953036.0
2025-12-06 09:30:00+00:00,0.13928,0.13939,0.13907,0.1393,2702054.0
2025-12-06 09:45:00+00:00,0.13931,0.13943,0.13919,0.1392,1942781.0
2025-12-06 10:00:00+00:00,0.1392,0.13927,0.13901,0.13922,1114695.0
2025-12-06 10:15:00+00:00,0.13923,0.13949,0.13907,0.13908,1265971.0
2025-12-06 10:30:00+00:00,0.13907,0.13932,0.13897,0.1393,1078679.0
2025-12-06 10:45:00+00:00,0.13931,0.13935,0.13908,0.13911,1691655.0
2025-12-06 11:00:00+00:00,0.1391,0.13958,0.13901,0.1395,3196750.0
2025-12-06 11:15:00+00:00,0.1395,0.13967,0.13949,0.13958,1406484.0
2025-12-06 11:30:00+00:00,0.13957,0.13986,0.13952,0.13973,3466022.0
2025-12-06 11:45:00+00:00,0.13972,0.13987,0.13967,0.13968,3490678.0
2025-12-06 12:00:00+00:00,0.13968,0.13992,0.13935,0.13935,3144873.0
2025-12-06 12:15:00+00:00,0.13934,0.13977,0.13926,0.13963,2681309.0
2025-12-06 12:30:00+00:00,0.13964,0.13977,0.1396,0.13967,1009424.0
2025-12-06 12:45:00+00:00,0.13967,0.13975,0.13947,0.13948,1017300.0
2025-12-06 13:00:00+00:00,0.13949,0.13963,0.13941,0.13949,1866944.0
2025-12-06 13:15:00+00:00,0.1395,0.13969,0.13942,0.13965,1713187.0
2025-12-06 13:30:00+00:00,0.13964,0.14018,0.13956,0.14011,2973263.0
2025-12-06 13:45:00+00:00,0.14011,0.14011,0.13976,0.13977,3432650.0
2025-12-06 14:00:00+00:00,0.13977,0.13988,0.13958,0.13964,2415861.0
2025-12-06 14:15:00+00:00,0.13964,0.14076,0.13964,0.13986,20898368.0
2025-12-06 14:30:00+00:00,0.13985,0.14017,0.13978,0.14011,5331021.0
2025-12-06 14:45:00+00:00,0.14011,0.14036,0.13994,0.14003,6317045.0
2025-12-06 15:00:00+00:00,0.14004,0.14013,0.13957,0.13962,3143288.0
2025-12-06 15:15:00+00:00,0.13962,0.13963,0.13902,0.13928,7925288.0
2025-12-06 15:30:00+00:00,0.13928,0.13992,0.1392,0.13977,5255906.0
2025-12-06 15:45:00+00:00,0.13976,0.13992,0.13958,0.13959,3753542.0
2025-12-06 16:00:00+00:00,0.13959,0.14009,0.13954,0.14001,2993959.0
2025-12-06 16:15:00+00:00,0.14001,0.14009,0.13997,0.14001,1664669.0
2025-12-06 16:30:00+00:00,0.14001,0.14033,0.13977,0.1403,2886568.0
2025-12-06 16:45:00+00:00,0.1403,0.14039,0.13973,0.13975,3507643.0
2025-12-06 17:00:00+00:00,0.13974,0.13994,0.13953,0.13968,4077122.0
2025-12-06 17:15:00+00:00,0.13969,0.14028,0.13961,0.14028,10205423.0
2025-12-06 17:30:00+00:00,0.14027,0.14028,0.1397,0.13973,2905427.0
2025-12-06 17:45:00+00:00,0.13972,0.13991,0.13966,0.13989,1848403.0
2025-12-06 18:00:00+00:00,0.1399,0.14015,0.1397,0.14012,3224032.0
2025-12-06 18:15:00+00:00,0.14012,0.14058,0.14007,0.14045,3587100.0
2025-12-06 18:30:00+00:00,0.14044,0.14044,0.14,0.14005,4394236.0
2025-12-06 18:45:00+00:00,0.14005,0.14006,0.13973,0.13991,2550538.0
2025-12-06 19:00:00+00:00,0.13991,0.14008,0.13914,0.13952,6686234.0
2025-12-06 19:15:00+00:00,0.13951,0.13962,0.13939,0.13962,2980286.0
2025-12-06 19:30:00+00:00,0.13963,0.13964,0.13907,0.13923,7120258.0
2025-12-06 19:45:00+00:00,0.13922,0.13937,0.13919,0.13935,1480422.0
2025-12-06 20:00:00+00:00,0.13935,0.13952,0.1392,0.13941,1635730.0
2025-12-06 20:15:00+00:00,0.13941,0.13964,0.13935,0.13949,1449206.0
2025-12-06 20:30:00+00:00,0.13949,0.13975,0.13942,0.1397,2282737.0
2025-12-06 20:45:00+00:00,0.1397,0.1398,0.13962,0.13974,2209562.0
2025-12-06 21:00:00+00:00,0.13973,0.1405,0.13956,0.13981,11454311.0
2025-12-06 21:15:00+00:00,0.13981,0.14007,0.1397,0.13985,2014227.0
2025-12-06 21:30:00+00:00,0.13984,0.14015,0.13979,0.13992,1371080.0
2025-12-06 21:45:00+00:00,0.13992,0.14,0.13977,0.13992,2032138.0
2025-12-06 22:00:00+00:00,0.13992,0.13997,0.13952,0.13997,2260274.0
2025-12-06 22:15:00+00:00,0.13998,0.14023,0.13972,0.13972,2634356.0
2025-12-06 22:30:00+00:00,0.13972,0.13983,0.13963,0.13971,1997855.0
2025-12-06 22:45:00+00:00,0.1397,0.13981,0.13953,0.13959,902244.0
2025-12-06 23:00:00+00:00,0.13959,0.13967,0.13912,0.13948,3459960.0
2025-12-06 23:15:00+00:00,0.13948,0.13969,0.13911,0.13913,2558093.0
2025-12-06 23:30:00+00:00,0.13913,0.13934,0.13906,0.13934,2146910.0
2025-12-06 23:45:00+00:00,0.13933,0.13978,0.13928,0.13975,1517529.0
2025-12-07 00:00:00+00:00,0.13976,0.14012,0.1397,0.13972,2135408.0
2025-12-07 00:15:00+00:00,0.13972,0.14002,0.13972,0.1399,2854479.0
2025-12-07 00:30:00+00:00,0.1399,0.14039,0.1399,0.14022,2565460.0
2025-12-07 00:45:00+00:00,0.14022,0.14031,0.14001,0.14018,2200131.0
2025-12-07 01:00:00+00:00,0.14017,0.14021,0.13988,0.14005,1426215.0
2025-12-07 01:15:00+00:00,0.14005,0.14033,0.13989,0.13999,1330949.0
2025-12-07 01:30:00+00:00,0.13999,0.14011,0.13995,0.14008,951658.0
2025-12-07 01:45:00+00:00,0.14009,0.14013,0.13958,0.13958,2305426.0
2025-12-07 02:00:00+00:00,0.13957,0.13981,0.13957,0.13972,1404194.0
2025-12-07 02:15:00+00:00,0.13971,0.14005,0.13971,0.13981,663724.0
2025-12-07 02:30:00+00:00,0.1398,0.1399,0.13958,0.13985,1168013.0
2025-12-07 02:45:00+00:00,0.13985,0.14043,0.13984,0.14025,1915898.0
2025-12-07 03:00:00+00:00,0.14025,0.1403,0.14,0.14012,2649937.0
2025-12-07 03:15:00+00:00,0.14011,0.14014,0.14001,0.14005,1736248.0
2025-12-07 03:30:00+00:00,0.14005,0.14035,0.14,0.14024,1241481.0
2025-12-07 03:45:00+00:00,0.14024,0.14042,0.14023,0.14035,1346460.0
2025-12-07 04:00:00+00:00,0.14035,0.1404,0.14017,0.14019,1397560.0
2025-12-07 04:15:00+00:00,0.14019,0.14022,0.14008,0.14009,2049427.0
2025-12-07 04:30:00+00:00,0.1401,0.1401,0.13979,0.13991,1481093.0
2025-12-07 04:45:00+00:00,0.13991,0.14004,0.13988,0.14003,988172.0
2025-12-07 05:00:00+00:00,0.14002,0.14025,0.14001,0.14013,999896.0
2025-12-07 05:15:00+00:00,0.14013,0.14023,0.13997,0.14,1722207.0
2025-12-07 05:30:00+00:00,0.13999,0.14023,0.13993,0.14017,1112367.0
2025-12-07 05:45:00+00:00,0.14017,0.14017,0.14004,0.14014,972897.0
2025-12-07 06:00:00+00:00,0.14014,0.1409,0.14008,0.14087,5710056.0
2025-12-07 06:15:00+00:00,0.14087,0.14087,0.1406,0.14067,5063517.0
2025-12-07 06:30:00+00:00,0.14068,0.14075,0.14055,0.1407,1654579.0
2025-12-07 06:45:00+00:00,0.1407,0.14079,0.1405,0.14075,1239545.0
2025-12-07 07:00:00+00:00,0.14076,0.14084,0.13986,0.13996,3787153.0
2025-12-07 07:15:00+00:00,0.13997,0.14009,0.13981,0.13996,1908014.0
2025-12-07 07:30:00+00:00,0.13996,0.13997,0.13934,0.13953,4450061.0
2025-12-07 07:45:00+00:00,0.13953,0.13973,0.13936,0.13949,3639021.0
2025-12-07 08:00:00+00:00,0.13949,0.13952,0.13909,0.13914,2767042.0
2025-12-07 08:15:00+00:00,0.13913,0.13934,0.13904,0.13929,2553779.0
2025-12-07 08:30:00+00:00,0.13929,0.13985,0.13927,0.13973,1140918.0
2025-12-07 08:45:00+00:00,0.13973,0.13973,0.13922,0.13924,1950512.0
2025-12-07 09:00:00+00:00,0.13923,0.13942,0.13919,0.1394,1460512.0
2025-12-07 09:15:00+00:00,0.1394,0.13948,0.13861,0.1388,5585505.0
2025-12-07 09:30:00+00:00,0.1388,0.13901,0.13871,0.1388,2484325.0
2025-12-07 09:45:00+00:00,0.1388,0.13883,0.13844,0.13874,1929099.0
2025-12-07 10:00:00+00:00,0.13875,0.13913,0.13872,0.13913,1341382.0
2025-12-07 10:15:00+00:00,0.13913,0.13915,0.13888,0.1389,1453829.0
2025-12-07 10:30:00+00:00,0.13891,0.13922,0.13864,0.13918,1963164.0
2025-12-07 10:45:00+00:00,0.13918,0.1393,0.13875,0.13882,2532996.0
2025-12-07 11:00:00+00:00,0.13883,0.13895,0.13873,0.13891,1603145.0
2025-12-07 11:15:00+00:00,0.13891,0.1391,0.13885,0.13887,1232762.0
2025-12-07 11:30:00+00:00,0.13887,0.13908,0.13886,0.13904,659374.0
2025-12-07 11:45:00+00:00,0.13903,0.13903,0.13875,0.1389,1167519.0
2025-12-07 12:00:00+00:00,0.13891,0.13924,0.13882,0.13915,1550685.0
2025-12-07 12:15:00+00:00,0.13915,0.13942,0.13907,0.13931,778662.0
2025-12-07 12:30:00+00:00,0.13931,0.13949,0.13922,0.13947,1564977.0
2025-12-07 12:45:00+00:00,0.13948,0.1399,0.13948,0.13972,1756483.0
2025-12-07 13:00:00+00:00,0.13972,0.13974,0.13897,0.13904,4344283.0
2025-12-07 13:15:00+00:00,0.13904,0.13914,0.13785,0.13855,11040183.0
2025-12-07 13:30:00+00:00,0.13855,0.13875,0.13837,0.13845,2556709.0
2025-12-07 13:45:00+00:00,0.13844,0.13863,0.13824,0.13827,2118830.0
2025-12-07 14:00:00+00:00,0.13827,0.13829,0.13758,0.13767,6750559.0
2025-12-07 14:15:00+00:00,0.13767,0.13785,0.13486,0.13566,111205750.0
2025-12-07 14:30:00+00:00,0.13565,0.13621,0.13504,0.13551,16714802.0
2025-12-07 14:45:00+00:00,0.13552,0.13585,0.13499,0.13515,9661214.0
2025-12-07 15:00:00+00:00,0.13514,0.13723,0.13504,0.13659,24681250.0
2025-12-07 15:15:00+00:00,0.13659,0.1369,0.13613,0.13645,8250228.0
2025-12-07 15:30:00+00:00,0.13644,0.13756,0.13633,0.13697,12086590.0
2025-12-07 15:45:00+00:00,0.13698,0.13955,0.13696,0.13931,44950653.0
2025-12-07 16:00:00+00:00,0.13931,0.13931,0.13852,0.13881,11802114.0
2025-12-07 16:15:00+00:00,0.13881,0.13914,0.13827,0.13843,7397923.0
2025-12-07 16:30:00+00:00,0.13843,0.1388,0.13828,0.13845,2727369.0
2025-12-07 16:45:00+00:00,0.13845,0.13925,0.13818,0.13924,9889962.0
2025-12-07 17:00:00+00:00,0.13923,0.1393,0.13866,0.1392,5642592.0
2025-12-07 17:15:00+00:00,0.1392,0.14091,0.13916,0.14076,32193240.0
2025-12-07 17:30:00+00:00,0.14076,0.1421,0.14076,0.14118,28523254.0
2025-12-07 17:45:00+00:00,0.14118,0.14185,0.14087,0.14145,14031973.0
2025-12-07 18:00:00+00:00,0.14145,0.14237,0.14144,0.14211,10706286.0
2025-12-07 18:15:00+00:00,0.1421,0.14291,0.14192,0.14272,9864504.0
2025-12-07 18:30:00+00:00,0.14273,0.14282,0.14215,0.14232,8928896.0
2025-12-07 18:45:00+00:00,0.14232,0.14241,0.14204,0.14219,6761862.0
2025-12-07 19:00:00+00:00,0.14219,0.14236,0.14161,0.1418,3618770.0
2025-12-07 19:15:00+00:00,0.14179,0.14183,0.14127,0.14132,4298432.0
2025-12-07 19:30:00+00:00,0.14132,0.14202,0.14126,0.14195,3363641.0
2025-12-07 19:45:00+00:00,0.14196,0.1421,0.14172,0.1421,1391646.0
2025-12-07 20:00:00+00:00,0.1421,0.14229,0.14178,0.14182,1641976.0
2025-12-07 20:15:00+00:00,0.14182,0.14225,0.14181,0.14218,1376075.0
2025-12-07 20:30:00+00:00,0.14218,0.14219,0.14186,0.14218,1387110.0
2025-12-07 20:45:00+00:00,0.14218,0.14222,0.14185,0.14214,1227667.0
2025-12-07 21:00:00+00:00,0.14214,0.14214,0.14173,0.14177,1680791.0
2025-12-07 21:15:00+00:00,0.14176,0.14176,0.14129,0.14131,2400523.0
2025-12-07 21:30:00+00:00,0.14131,0.14134,0.13991,0.14005,7827165.0
2025-12-07 21:45:00+00:00,0.14005,0.14023,0.13841,0.13919,15816536.0
2025-12-07 22:00:00+00:00,0.13918,0.13918,0.13584,0.13735,37880541.0
2025-12-07 22:15:00+00:00,0.13735,0.13785,0.13693,0.13785,10236011.0
2025-12-07 22:30:00+00:00,0.13785,0.1388,0.13758,0.13877,10705117.0
2025-12-07 22:45:00+00:00,0.13877,0.13905,0.13716,0.13769,8300442.0
2025-12-07 23:00:00+00:00,0.13769,0.1381,0.13741,0.13769,7203316.0
2025-12-07 23:15:00+00:00,0.13769,0.13841,0.13769,0.13837,4167029.0
2025-12-07 23:30:00+00:00,0.13837,0.13839,0.13765,0.13783,2382263.0
2025-12-07 23:45:00+00:00,0.13782,0.13879,0.1378,0.13867,5066249.0
2025-12-08 00:00:00+00:00,0.13868,0.13885,0.13825,0.13843,4176486.0
2025-12-08 00:15:00+00:00,0.13842,0.13874,0.13799,0.13851,2273889.0
2025-12-08 00:30:00+00:00,0.1385,0.13925,0.13841,0.13869,4056572.0
2025-12-08 00:45:00+00:00,0.13869,0.13869,0.13814,0.13816,3827503.0
2025-12-08 01:00:00+00:00,0.13817,0.13927,0.13813,0.13918,6176508.0
2025-12-08 01:15:00+00:00,0.13919,0.14017,0.13883,0.14004,6818284.0
2025-12-08 01:30:00+00:00,0.14004,0.14153,0.14004,0.14065,13482162.0
2025-12-08 01:45:00+00:00,0.14065,0.14072,0.13979,0.13998,6294333.0
2025-12-08 02:00:00+00:00,0.13999,0.1401,0.1396,0.13989,2701428.0
2025-12-08 02:15:00+00:00,0.13989,0.14018,0.13987,0.14004,4042122.0
2025-12-08 02:30:00+00:00,0.14004,0.14017,0.13962,0.14014,4079781.0
2025-12-08 02:45:00+00:00,0.14015,0.14066,0.1401,0.14052,2639951.0
2025-12-08 03:00:00+00:00,0.14052,0.14061,0.1401,0.14014,1941485.0
2025-12-08 03:15:00+00:00,0.14013,0.14073,0.1401,0.1406,2849050.0
2025-12-08 03:30:00+00:00,0.14059,0.14064,0.14008,0.14019,4903289.0
2025-12-08 03:45:00+00:00,0.14019,0.14043,0.14012,0.14031,1979800.0
2025-12-08 04:00:00+00:00,0.14031,0.14068,0.14025,0.14052,5063021.0
2025-12-08 04:15:00+00:00,0.14053,0.14102,0.1405,0.14057,4744023.0
2025-12-08 04:30:00+00:00,0.14058,0.14144,0.14058,0.14089,3419757.0
2025-12-08 04:45:00+00:00,0.1409,0.14111,0.14078,0.14095,2083458.0
2025-12-08 05:00:00+00:00,0.14094,0.14095,0.14068,0.14084,2532265.0
2025-12-08 05:15:00+00:00,0.14085,0.14133,0.14073,0.14118,2535392.0
2025-12-08 05:30:00+00:00,0.14119,0.1416,0.14119,0.1415,2475046.0
2025-12-08 05:45:00+00:00,0.1415,0.14162,0.14132,0.14143,1452609.0
2025-12-08 06:00:00+00:00,0.14142,0.1416,0.14128,0.14159,2111182.0
2025-12-08 06:15:00+00:00,0.14159,0.14185,0.14158,0.14184,4011839.0
2025-12-08 06:30:00+00:00,0.14183,0.14204,0.14177,0.14196,4486141.0
2025-12-08 06:45:00+00:00,0.14196,0.14221,0.14176,0.14176,3233055.0
2025-12-08 07:00:00+00:00,0.14176,0.14192,0.14153,0.14168,4932642.0
2025-12-08 07:15:00+00:00,0.14168,0.1423,0.1416,0.14229,5248251.0
2025-12-08 07:30:00+00:00,0.1423,0.14263,0.1422,0.14225,5882185.0
2025-12-08 07:45:00+00:00,0.14224,0.14224,0.14195,0.14221,2541578.0
2025-12-08 08:00:00+00:00,0.14221,0.14227,0.14195,0.14222,1490138.0
2025-12-08 08:15:00+00:00,0.14222,0.14259,0.14222,0.14257,3231435.0
2025-12-08 08:30:00+00:00,0.14258,0.14265,0.14223,0.14264,2005841.0
2025-12-08 08:45:00+00:00,0.14263,0.14281,0.14236,0.14268,3008149.0
2025-12-08 09:00:00+00:00,0.14267,0.14483,0.1426,0.14387,25652560.0
2025-12-08 09:15:00+00:00,0.14386,0.14445,0.14359,0.144,11851717.0
2025-12-08 09:30:00+00:00,0.14399,0.14436,0.1438,0.14382,3878643.0
2025-12-08 09:45:00+00:00,0.14382,0.14393,0.14365,0.14387,4248964.0
2025-12-08 10:00:00+00:00,0.14387,0.14415,0.14375,0.14394,3153031.0
2025-12-08 10:15:00+00:00,0.14394,0.14409,0.14362,0.14367,3394844.0
2025-12-08 10:30:00+00:00,0.14367,0.14408,0.14354,0.14392,3782641.0
2025-12-08 10:45:00+00:00,0.14392,0.14402,0.1438,0.14384,2844085.0
2025-12-08 11:00:00+00:00,0.14384,0.14396,0.14343,0.14395,6549491.0
2025-12-08 11:15:00+00:00,0.14394,0.14401,0.14357,0.14357,3576577.0
2025-12-08 11:30:00+00:00,0.14357,0.14357,0.14314,0.14319,7725994.0
2025-12-08 11:45:00+00:00,0.14318,0.14333,0.14297,0.14325,6990371.0
2025-12-08 12:00:00+00:00,0.14324,0.14331,0.14271,0.14284,8187797.0
2025-12-08 12:15:00+00:00,0.14284,0.14302,0.14267,0.1429,5187609.0
2025-12-08 12:30:00+00:00,0.14289,0.14321,0.14279,0.14302,4480361.0
2025-12-08 12:45:00+00:00,0.14302,0.14367,0.14301,0.14349,4555936.0
2025-12-08 13:00:00+00:00,0.14348,0.14404,0.14338,0.14356,5833263.0
2025-12-08 13:15:00+00:00,0.14355,0.14369,0.14323,0.14346,3365141.0
2025-12-08 13:30:00+00:00,0.14346,0.14378,0.14325,0.14371,6664305.0
2025-12-08 13:45:00+00:00,0.1437,0.14422,0.14361,0.14372,6137897.0
2025-12-08 14:00:00+00:00,0.14373,0.14398,0.14345,0.14396,4717228.0
2025-12-08 14:15:00+00:00,0.14395,0.144,0.14314,0.14368,5920569.0
2025-12-08 14:30:00+00:00,0.14368,0.14492,0.14274,0.14451,31007278.0
2025-12-08 14:45:00+00:00,0.14451,0.14505,0.14322,0.14335,19076598.0
2025-12-08 15:00:00+00:00,0.14336,0.14405,0.1425,0.14299,20575746.0
2025-12-08 15:15:00+00:00,0.14298,0.1437,0.14212,0.14266,17132417.0
2025-12-08 15:30:00+00:00,0.14265,0.14324,0.14189,0.14202,11580979.0
2025-12-08 15:45:00+00:00,0.14202,0.14286,0.14193,0.14247,13311117.0
2025-12-08 16:00:00+00:00,0.14248,0.14281,0.14161,0.14248,12386811.0
2025-12-08 16:15:00+00:00,0.14248,0.14345,0.14226,0.14328,10188773.0
2025-12-08 16:30:00+00:00,0.14328,0.14396,0.14299,0.14344,8833829.0
2025-12-08 16:45:00+00:00,0.14344,0.14356,0.14247,0.14301,7710747.0
2025-12-08 17:00:00+00:00,0.14301,0.14355,0.14249,0.14324,6854810.0
2025-12-08 17:15:00+00:00,0.14323,0.14338,0.14246,0.14266,4441961.0
2025-12-08 17:30:00+00:00,0.14265,0.14302,0.14211,0.14226,7671654.0
2025-12-08 17:45:00+00:00,0.14225,0.14331,0.14172,0.14301,13929724.0
2025-12-08 18:00:00+00:00,0.14301,0.14333,0.14273,0.14275,13792147.0
2025-12-08 18:15:00+00:00,0.14275,0.14348,0.14219,0.14228,8630458.0
2025-12-08 18:30:00+00:00,0.14227,0.14266,0.14201,0.14266,6293364.0
2025-12-08 18:45:00+00:00,0.14267,0.14298,0.1412,0.14169,18314932.0
2025-12-08 19:00:00+00:00,0.14169,0.1424,0.14165,0.14212,8261786.0
2025-12-08 19:15:00+00:00,0.14211,0.14258,0.14193,0.1425,3394198.0
2025-12-08 19:30:00+00:00,0.14249,0.14285,0.14234,0.14272,3749644.0
2025-12-08 19:45:00+00:00,0.14272,0.14323,0.1425,0.14266,3399352.0
2025-12-08 20:00:00+00:00,0.14267,0.14312,0.14259,0.14284,3992005.0
2025-12-08 20:15:00+00:00,0.14284,0.1433,0.14271,0.14296,2301748.0
2025-12-08 20:30:00+00:00,0.14297,0.14341,0.14264,0.14328,3914970.0
2025-12-08 20:45:00+00:00,0.14329,0.14382,0.14306,0.1436,6015129.0
2025-12-08 21:00:00+00:00,0.14361,0.14385,0.143,0.14307,4107634.0
2025-12-08 21:15:00+00:00,0.14308,0.14358,0.14299,0.14346,2877200.0
2025-12-08 21:30:00+00:00,0.14346,0.14405,0.14337,0.14367,4679634.0
2025-12-08 21:45:00+00:00,0.14367,0.14392,0.14353,0.14383,3824729.0
2025-12-08 22:00:00+00:00,0.14382,0.14394,0.14332,0.14341,1669274.0
2025-12-08 22:15:00+00:00,0.1434,0.14345,0.1432,0.14332,2202061.0
2025-12-08 22:30:00+00:00,0.14331,0.14349,0.14277,0.14285,4647498.0
2025-12-08 22:45:00+00:00,0.14285,0.14336,0.14285,0.14324,2254033.0
2025-12-08 23:00:00+00:00,0.14323,0.14341,0.14269,0.1427,8254674.0
2025-12-08 23:15:00+00:00,0.1427,0.14285,0.14191,0.14201,42349130.0
2025-12-08 23:30:00+00:00,0.14201,0.14272,0.142,0.14253,12977968.0
2025-12-08 23:45:00+00:00,0.14253,0.14266,0.14245,0.14259,3532641.0
2025-12-09 00:00:00+00:00,0.1426,0.14263,0.14228,0.1425,3145414.0
2025-12-09 00:15:00+00:00,0.1425,0.14271,0.1422,0.14221,3341321.0
2025-12-09 00:30:00+00:00,0.1422,0.1422,0.14168,0.14186,3284921.0
2025-12-09 00:45:00+00:00,0.14187,0.14203,0.1415,0.14171,3608761.0
2025-12-09 01:00:00+00:00,0.14171,0.14185,0.14135,0.1417,5170253.0
2025-12-09 01:15:00+00:00,0.14169,0.14203,0.14107,0.14116,3508982.0
2025-12-09 01:30:00+00:00,0.14117,0.14131,0.14062,0.14084,13535955.0
2025-12-09 01:45:00+00:00,0.14085,0.14089,0.14041,0.14071,7493046.0
2025-12-09 02:00:00+00:00,0.14072,0.14124,0.14069,0.14107,4989645.0
2025-12-09 02:15:00+00:00,0.14108,0.14134,0.14083,0.1412,2858155.0
2025-12-09 02:30:00+00:00,0.14121,0.14135,0.14093,0.14101,7645319.0
2025-12-09 02:45:00+00:00,0.14101,0.14125,0.14056,0.14059,4036744.0
2025-12-09 03:00:00+00:00,0.1406,0.14087,0.14052,0.14075,5475030.0
2025-12-09 03:15:00+00:00,0.14075,0.14083,0.14026,0.14066,7088291.0
2025-12-09 03:30:00+00:00,0.14067,0.14154,0.14065,0.14153,7710349.0
2025-12-09 03:45:00+00:00,0.14152,0.14175,0.14129,0.1416,4098711.0
2025-12-09 04:00:00+00:00,0.1416,0.14167,0.14138,0.14142,1704683.0
2025-12-09 04:15:00+00:00,0.14143,0.1416,0.14121,0.14146,1569933.0
2025-12-09 04:30:00+00:00,0.14146,0.14146,0.14036,0.14058,8719438.0
2025-12-09 04:45:00+00:00,0.14058,0.14064,0.14041,0.14046,3731905.0
2025-12-09 05:00:00+00:00,0.14045,0.14056,0.13999,0.14011,4308624.0
2025-12-09 05:15:00+00:00,0.1401,0.14038,0.13987,0.14023,5292025.0
2025-12-09 05:30:00+00:00,0.14023,0.14084,0.14014,0.14075,6385830.0
2025-12-09 05:45:00+00:00,0.14075,0.14085,0.14005,0.14014,3455878.0
2025-12-09 06:00:00+00:00,0.14015,0.14045,0.13988,0.13994,3570655.0
2025-12-09 06:15:00+00:00,0.13995,0.14006,0.13945,0.1397,6053741.0
2025-12-09 06:30:00+00:00,0.13971,0.13994,0.13942,0.13991,4024252.0
2025-12-09 06:45:00+00:00,0.13991,0.14019,0.13976,0.14015,6621299.0
2025-12-09 07:00:00+00:00,0.14015,0.14024,0.13983,0.13991,3809183.0
2025-12-09 07:15:00+00:00,0.13991,0.14064,0.13991,0.14052,4014175.0
2025-12-09 07:30:00+00:00,0.14051,0.14077,0.14021,0.14072,6194653.0
2025-12-09 07:45:00+00:00,0.14072,0.14092,0.14056,0.1408,1843008.0
2025-12-09 08:00:00+00:00,0.1408,0.14094,0.14067,0.14078,2616978.0
2025-12-09 08:15:00+00:00,0.14078,0.14103,0.1406,0.14067,3023228.0
2025-12-09 08:30:00+00:00,0.14067,0.14076,0.14044,0.14074,1791293.0
2025-12-09 08:45:00+00:00,0.14075,0.14098,0.14068,0.1408,2132361.0
2025-12-09 09:00:00+00:00,0.1408,0.1408,0.14028,0.14047,4869873.0
2025-12-09 09:15:00+00:00,0.14047,0.14058,0.1403,0.14035,1367731.0
2025-12-09 09:30:00+00:00,0.14035,0.14046,0.14011,0.14012,1824086.0
2025-12-09 09:45:00+00:00,0.14012,0.14028,0.14003,0.14012,1194381.0
2025-12-09 10:00:00+00:00,0.14013,0.14041,0.14006,0.14026,2631487.0
2025-12-09 10:15:00+00:00,0.14025,0.14038,0.14015,0.14036,1286183.0
2025-12-09 10:30:00+00:00,0.14035,0.14053,0.13961,0.13995,7207134.0
2025-12-09 10:45:00+00:00,0.13995,0.14027,0.13972,0.14027,2384297.0
2025-12-09 11:00:00+00:00,0.14027,0.14032,0.14009,0.14011,2145801.0
2025-12-09 11:15:00+00:00,0.14012,0.14024,0.13995,0.14024,1989970.0
2025-12-09 11:30:00+00:00,0.14025,0.14042,0.14016,0.14041,3175854.0
2025-12-09 11:45:00+00:00,0.14041,0.14091,0.1404,0.14087,2690970.0
2025-12-09 12:00:00+00:00,0.14087,0.14112,0.14067,0.14071,2829044.0
2025-12-09 12:15:00+00:00,0.1407,0.14173,0.1407,0.1414,5120024.0
2025-12-09 12:30:00+00:00,0.1414,0.14156,0.14115,0.14155,4125242.0
2025-12-09 12:45:00+00:00,0.14154,0.14179,0.14145,0.14158,3278987.0
2025-12-09 13:00:00+00:00,0.14157,0.14166,0.14137,0.14141,1661377.0
2025-12-09 13:15:00+00:00,0.14141,0.1423,0.14141,0.14223,7182041.0
2025-12-09 13:30:00+00:00,0.14223,0.14244,0.14135,0.14135,12590467.0
2025-12-09 13:45:00+00:00,0.14136,0.14179,0.14136,0.14178,5090837.0
2025-12-09 14:00:00+00:00,0.14178,0.14231,0.14174,0.14192,4647456.0
2025-12-09 14:15:00+00:00,0.14191,0.14236,0.14133,0.14173,8679974.0
2025-12-09 14:30:00+00:00,0.14172,0.14174,0.1406,0.14102,37112269.0
2025-12-09 14:45:00+00:00,0.14102,0.14117,0.14049,0.141,15384797.0
2025-12-09 15:00:00+00:00,0.14101,0.14457,0.14094,0.14228,42187338.0
2025-12-09 15:15:00+00:00,0.14229,0.14436,0.1422,0.1437,12342166.0
2025-12-09 15:30:00+00:00,0.1437,0.1457,0.14297,0.14554,37083054.0
2025-12-09 15:45:00+00:00,0.14555,0.14682,0.14532,0.1463,55415173.0
2025-12-09 16:00:00+00:00,0.1463,0.14948,0.1463,0.14921,62163954.0
2025-12-09 16:15:00+00:00,0.1492,0.14992,0.1487,0.14934,51205019.0
2025-12-09 16:30:00+00:00,0.14935,0.1521,0.14934,0.15162,73474055.0
2025-12-09 16:45:00+00:00,0.15161,0.15236,0.15091,0.15141,29632522.0
2025-12-09 17:00:00+00:00,0.15141,0.15298,0.15141,0.15291,39850978.0
2025-12-09 17:15:00+00:00,0.15291,0.15319,0.15063,0.15148,48850669.0
2025-12-09 17:30:00+00:00,0.15148,0.15173,0.15074,0.15106,19733816.0
2025-12-09 17:45:00+00:00,0.15106,0.15146,0.15086,0.15094,12170123.0
2025-12-09 18:00:00+00:00,0.15095,0.15177,0.1506,0.15169,15843599.0
2025-12-09 18:15:00+00:00,0.1517,0.15201,0.15151,0.15169,14253713.0
2025-12-09 18:30:00+00:00,0.15169,0.15172,0.15091,0.15093,10745448.0
2025-12-09 18:45:00+00:00,0.15093,0.15131,0.15071,0.15131,6965493.0
2025-12-09 19:00:00+00:00,0.15131,0.15146,0.15077,0.1513,7113054.0
2025-12-09 19:15:00+00:00,0.1513,0.1515,0.15095,0.15105,4203143.0
2025-12-09 19:30:00+00:00,0.15106,0.15158,0.15047,0.15076,9315429.0
2025-12-09 19:45:00+00:00,0.15077,0.15107,0.15055,0.1509,5095807.0
2025-12-09 20:00:00+00:00,0.15089,0.15158,0.15071,0.15124,12980033.0
2025-12-09 20:15:00+00:00,0.15123,0.15131,0.1488,0.14964,27012250.0
2025-12-09 20:30:00+00:00,0.14964,0.14983,0.14879,0.14921,12396259.0
2025-12-09 20:45:00+00:00,0.14922,0.14963,0.14876,0.14919,10287796.0
2025-12-09 21:00:00+00:00,0.14918,0.1499,0.14898,0.14957,7161543.0
2025-12-09 21:15:00+00:00,0.14958,0.14986,0.14917,0.14962,4652486.0
2025-12-09 21:30:00+00:00,0.14962,0.1497,0.14888,0.14894,3935400.0
2025-12-09 21:45:00+00:00,0.14895,0.14895,0.14683,0.14797,18601585.0
2025-12-09 22:00:00+00:00,0.14797,0.14889,0.14788,0.14823,6492813.0
2025-12-09 22:15:00+00:00,0.14823,0.14846,0.14788,0.14821,3143870.0
2025-12-09 22:30:00+00:00,0.14821,0.14919,0.14805,0.14881,4747829.0
2025-12-09 22:45:00+00:00,0.14881,0.14927,0.14866,0.1487,2559275.0
2025-12-09 23:00:00+00:00,0.14869,0.14899,0.14803,0.14808,3414393.0
2025-12-09 23:15:00+00:00,0.14808,0.14859,0.148,0.14859,3020930.0
2025-12-09 23:30:00+00:00,0.14858,0.14867,0.14821,0.14854,2482613.0
2025-12-09 23:45:00+00:00,0.14853,0.14853,0.14793,0.14797,4186423.0
2025-12-10 00:00:00+00:00,0.14796,0.14828,0.14786,0.14786,4491743.0
2025-12-10 00:15:00+00:00,0.14787,0.14787,0.14703,0.14749,5926973.0
2025-12-10 00:30:00+00:00,0.14748,0.14778,0.14712,0.14734,4038842.0
2025-12-10 00:45:00+00:00,0.14735,0.14752,0.14668,0.14671,7084706.0
2025-12-10 01:00:00+00:00,0.1467,0.147,0.14634,0.14646,8844648.0
2025-12-10 01:15:00+00:00,0.14645,0.1471,0.14634,0.14709,4116804.0
2025-12-10 01:30:00+00:00,0.14709,0.14709,0.14622,0.14651,5563204.0
2025-12-10 01:45:00+00:00,0.14651,0.14718,0.14645,0.14665,2792302.0
2025-12-10 02:00:00+00:00,0.14664,0.14664,0.146,0.14631,3409809.0
2025-12-10 02:15:00+00:00,0.14631,0.14712,0.14626,0.14695,5969769.0
2025-12-10 02:30:00+00:00,0.14695,0.14703,0.14661,0.14686,1979068.0
2025-12-10 02:45:00+00:00,0.14685,0.14731,0.14651,0.14725,10455093.0
2025-12-10 03:00:00+00:00,0.14726,0.14753,0.14696,0.1475,7316267.0
2025-12-10 03:15:00+00:00,0.14749,0.14758,0.14691,0.14705,4688986.0
2025-12-10 03:30:00+00:00,0.14704,0.14757,0.14684,0.14748,4186744.0
2025-12-10 03:45:00+00:00,0.14747,0.14772,0.14742,0.14742,2608306.0
2025-12-10 04:00:00+00:00,0.14741,0.14751,0.14704,0.14734,2703166.0
2025-12-10 04:15:00+00:00,0.14733,0.14775,0.14689,0.14704,2970091.0
2025-12-10 04:30:00+00:00,0.14704,0.14769,0.14697,0.14756,3593011.0
2025-12-10 04:45:00+00:00,0.14755,0.14784,0.14727,0.14728,4524377.0
2025-12-10 05:00:00+00:00,0.14728,0.14737,0.147,0.14732,2717569.0
2025-12-10 05:15:00+00:00,0.14733,0.14771,0.14705,0.14709,4852668.0
2025-12-10 05:30:00+00:00,0.14708,0.1471,0.14681,0.1469,2678141.0
2025-12-10 05:45:00+00:00,0.14691,0.14699,0.14664,0.14689,2374586.0
2025-12-10 06:00:00+00:00,0.14689,0.14699,0.14652,0.14687,2684331.0
2025-12-10 06:15:00+00:00,0.14686,0.14689,0.14671,0.14676,1654089.0
2025-12-10 06:30:00+00:00,0.14676,0.14682,0.14657,0.14682,1878795.0
2025-12-10 06:45:00+00:00,0.14682,0.14696,0.1466,0.14683,1220626.0
2025-12-10 07:00:00+00:00,0.14683,0.14683,0.14634,0.14642,1855139.0
2025-12-10 07:15:00+00:00,0.14641,0.14641,0.14606,0.14635,2928966.0
2025-12-10 07:30:00+00:00,0.14636,0.14657,0.14619,0.14642,2979748.0
2025-12-10 07:45:00+00:00,0.14642,0.14673,0.14634,0.14671,2527731.0
2025-12-10 08:00:00+00:00,0.1467,0.14708,0.14653,0.14692,3642574.0
2025-12-10 08:15:00+00:00,0.14691,0.14699,0.14659,0.14673,2629009.0
2025-12-10 08:30:00+00:00,0.14673,0.1469,0.14637,0.14651,5017591.0
2025-12-10 08:45:00+00:00,0.14651,0.14674,0.14638,0.14642,3197518.0
2025-12-10 09:00:00+00:00,0.14641,0.14644,0.14584,0.146,5541282.0
2025-12-10 09:15:00+00:00,0.146,0.14606,0.14571,0.146,2943157.0
2025-12-10 09:30:00+00:00,0.146,0.14666,0.146,0.14655,3722960.0
2025-12-10 09:45:00+00:00,0.14654,0.14754,0.14653,0.14737,7629843.0
2025-12-10 10:00:00+00:00,0.14737,0.14814,0.14694,0.14705,11030588.0
2025-12-10 10:15:00+00:00,0.14704,0.14704,0.14622,0.1464,3343475.0
2025-12-10 10:30:00+00:00,0.14639,0.14651,0.14569,0.146,10661944.0
2025-12-10 10:45:00+00:00,0.146,0.14621,0.14561,0.14563,4640936.0
2025-12-10 11:00:00+00:00,0.14563,0.14622,0.14546,0.14587,4698327.0
2025-12-10 11:15:00+00:00,0.14586,0.14611,0.14581,0.14591,1503878.0
2025-12-10 11:30:00+00:00,0.14591,0.14606,0.14519,0.14551,7635169.0
2025-12-10 11:45:00+00:00,0.1455,0.14593,0.14534,0.14587,10842304.0
2025-12-10 12:00:00+00:00,0.14587,0.14591,0.14533,0.1454,4503553.0
2025-12-10 12:15:00+00:00,0.1454,0.14569,0.14527,0.14534,1825185.0
2025-12-10 12:30:00+00:00,0.14533,0.14552,0.145,0.1454,4976513.0
2025-12-10 12:45:00+00:00,0.14541,0.14585,0.14515,0.14575,2169297.0
2025-12-10 13:00:00+00:00,0.14574,0.14597,0.14556,0.14578,1799341.0
2025-12-10 13:15:00+00:00,0.14577,0.14674,0.14572,0.14641,12176313.0
2025-12-10 13:30:00+00:00,0.14641,0.14659,0.14575,0.146,8912022.0
2025-12-10 13:45:00+00:00,0.146,0.14623,0.14588,0.146,1792676.0
2025-12-10 14:00:00+00:00,0.14599,0.14599,0.14554,0.14558,3376222.0
2025-12-10 14:15:00+00:00,0.14558,0.14568,0.14539,0.14549,3825266.0
2025-12-10 14:30:00+00:00,0.1455,0.14592,0.14504,0.14514,7216268.0
2025-12-10 14:45:00+00:00,0.14513,0.14553,0.14484,0.1455,4305635.0
2025-12-10 15:00:00+00:00,0.14549,0.14606,0.1453,0.14584,5272684.0
2025-12-10 15:15:00+00:00,0.14583,0.14583,0.14514,0.14534,2666573.0
2025-12-10 15:30:00+00:00,0.14534,0.14547,0.14456,0.14525,7525400.0
2025-12-10 15:45:00+00:00,0.14524,0.14532,0.1448,0.14516,2942454.0
2025-12-10 16:00:00+00:00,0.14517,0.14561,0.14492,0.14539,5516866.0
2025-12-10 16:15:00+00:00,0.14538,0.14616,0.1453,0.14593,9587202.0
2025-12-10 16:30:00+00:00,0.14592,0.14594,0.14535,0.14568,4248768.0
2025-12-10 16:45:00+00:00,0.14569,0.14621,0.14549,0.14586,2825032.0
2025-12-10 17:00:00+00:00,0.14586,0.14586,0.14535,0.14567,2103989.0
2025-12-10 17:15:00+00:00,0.14567,0.14681,0.14551,0.14624,6821003.0
2025-12-10 17:30:00+00:00,0.14623,0.14634,0.14576,0.14629,2999991.0
2025-12-10 17:45:00+00:00,0.14629,0.14639,0.14582,0.14613,2123268.0
2025-12-10 18:00:00+00:00,0.14612,0.14646,0.14574,0.14625,3425739.0
2025-12-10 18:15:00+00:00,0.14624,0.14653,0.14573,0.14627,3243392.0
2025-12-10 18:30:00+00:00,0.14627,0.14856,0.14621,0.14739,15717809.0
2025-12-10 18:45:00+00:00,0.14738,0.14789,0.14622,0.14693,11221792.0
2025-12-10 19:00:00+00:00,0.14694,0.14933,0.14541,0.14802,65546873.0
2025-12-10 19:15:00+00:00,0.14802,0.14847,0.14646,0.14677,17947241.0
2025-12-10 19:30:00+00:00,0.14678,0.1486,0.14652,0.14691,35629811.0
2025-12-10 19:45:00+00:00,0.1469,0.14774,0.14669,0.14752,21338219.0
2025-12-10 20:00:00+00:00,0.14753,0.15006,0.1469,0.15002,35923177.0
2025-12-10 20:15:00+00:00,0.15002,0.15031,0.14733,0.14818,44961037.0
2025-12-10 20:30:00+00:00,0.14818,0.14878,0.14793,0.14849,13966941.0
2025-12-10 20:45:00+00:00,0.14848,0.14848,0.14554,0.1462,19803747.0
2025-12-10 21:00:00+00:00,0.14619,0.1468,0.14509,0.14598,17369207.0
2025-12-10 21:15:00+00:00,0.14599,0.1465,0.14565,0.14568,8268741.0
2025-12-10 21:30:00+00:00,0.14569,0.14586,0.14508,0.14547,9413041.0
2025-12-10 21:45:00+00:00,0.14546,0.14574,0.14435,0.14454,8018979.0
2025-12-10 22:00:00+00:00,0.14455,0.14526,0.14322,0.14339,27251719.0
2025-12-10 22:15:00+00:00,0.14339,0.14432,0.14235,0.14395,38006539.0
2025-12-10 22:30:00+00:00,0.14395,0.14466,0.14346,0.14451,9908887.0
2025-12-10 22:45:00+00:00,0.1445,0.14476,0.14396,0.14437,4772292.0
2025-12-10 23:00:00+00:00,0.14436,0.14484,0.144,0.14452,16739674.0
2025-12-10 23:15:00+00:00,0.14453,0.14465,0.14396,0.14409,3347075.0
2025-12-10 23:30:00+00:00,0.14409,0.14415,0.14358,0.14376,6869965.0
2025-12-10 23:45:00+00:00,0.14375,0.14377,0.14322,0.14332,4118755.0
2025-12-11 00:00:00+00:00,0.14332,0.1436,0.14311,0.14346,4704026.0
2025-12-11 00:15:00+00:00,0.14346,0.14349,0.1429,0.14295,4264050.0
2025-12-11 00:30:00+00:00,0.14294,0.14295,0.14137,0.14183,11469698.0
2025-12-11 00:45:00+00:00,0.14182,0.14193,0.14052,0.1412,16155338.0
2025-12-11 01:00:00+00:00,0.1412,0.14125,0.13985,0.14013,13615316.0
2025-12-11 01:15:00+00:00,0.14013,0.14059,0.13944,0.14053,17247424.0
2025-12-11 01:30:00+00:00,0.14054,0.14108,0.14021,0.14027,5830340.0
2025-12-11 01:45:00+00:00,0.14027,0.14032,0.1396,0.13972,8777512.0
2025-12-11 02:00:00+00:00,0.13972,0.13977,0.13855,0.13878,26988973.0
2025-12-11 02:15:00+00:00,0.13877,0.13957,0.13817,0.13882,21925685.0
2025-12-11 02:30:00+00:00,0.13882,0.13935,0.13852,0.13905,11458952.0
2025-12-11 02:45:00+00:00,0.13906,0.13907,0.13839,0.13855,9682804.0
2025-12-11 03:00:00+00:00,0.13854,0.13856,0.13741,0.138,16437274.0
2025-12-11 03:15:00+00:00,0.138,0.13836,0.13757,0.13761,13866814.0
2025-12-11 03:30:00+00:00,0.13762,0.13789,0.13719,0.13777,9295544.0
2025-12-11 03:45:00+00:00,0.13777,0.13823,0.13756,0.13808,25595034.0
2025-12-11 04:00:00+00:00,0.13809,0.13849,0.13739,0.13818,29115364.0
2025-12-11 04:15:00+00:00,0.13818,0.13835,0.13792,0.13807,13484378.0
2025-12-11 04:30:00+00:00,0.13807,0.13851,0.13797,0.13832,7324234.0
2025-12-11 04:45:00+00:00,0.13832,0.13908,0.1381,0.13887,12872054.0
2025-12-11 05:00:00+00:00,0.13887,0.13887,0.13829,0.13836,6841652.0
2025-12-11 05:15:00+00:00,0.13835,0.13884,0.13827,0.13869,5183566.0
2025-12-11 05:30:00+00:00,0.13868,0.13889,0.13861,0.13875,6174214.0
2025-12-11 05:45:00+00:00,0.13875,0.13905,0.13875,0.13889,5209898.0
2025-12-11 06:00:00+00:00,0.13888,0.13888,0.1385,0.13855,4535065.0
2025-12-11 06:15:00+00:00,0.13856,0.13856,0.1379,0.13806,6762706.0
2025-12-11 06:30:00+00:00,0.13807,0.13895,0.13806,0.13863,8771621.0
2025-12-11 06:45:00+00:00,0.13862,0.13872,0.13827,0.13857,5147783.0
2025-12-11 07:00:00+00:00,0.13857,0.13858,0.13825,0.13835,4729326.0
2025-12-11 07:15:00+00:00,0.13835,0.1385,0.13804,0.13822,7712650.0
2025-12-11 07:30:00+00:00,0.13823,0.13855,0.13805,0.13805,6721010.0
2025-12-11 07:45:00+00:00,0.13806,0.13823,0.13797,0.13811,3582886.0
2025-12-11 08:00:00+00:00,0.1381,0.1381,0.1374,0.13748,8788417.0
2025-12-11 08:15:00+00:00,0.13747,0.13771,0.13732,0.13752,4625305.0
2025-12-11 08:30:00+00:00,0.13752,0.13767,0.13715,0.13756,7140177.0
2025-12-11 08:45:00+00:00,0.13755,0.13805,0.13754,0.13803,3875568.0
2025-12-11 09:00:00+00:00,0.13802,0.13817,0.1376,0.1376,3550445.0
2025-12-11 09:15:00+00:00,0.1376,0.13816,0.1376,0.13803,4818203.0
2025-12-11 09:30:00+00:00,0.13803,0.13826,0.13786,0.13786,7172514.0
2025-12-11 09:45:00+00:00,0.13785,0.13808,0.1376,0.13777,4453849.0
2025-12-11 10:00:00+00:00,0.13777,0.13799,0.13775,0.13797,2934257.0
2025-12-11 10:15:00+00:00,0.13797,0.13797,0.13763,0.13768,3527156.0
2025-12-11 10:30:00+00:00,0.13769,0.1377,0.1375,0.13762,2931869.0
2025-12-11 10:45:00+00:00,0.13762,0.13814,0.13761,0.13807,3392217.0
2025-12-11 11:00:00+00:00,0.13808,0.13819,0.13787,0.13795,3521042.0
2025-12-11 11:15:00+00:00,0.13794,0.13819,0.13781,0.13815,5232502.0
2025-12-11 11:30:00+00:00,0.13815,0.13845,0.1381,0.13821,3388607.0
2025-12-11 11:45:00+00:00,0.13821,0.13827,0.138,0.13801,5220593.0
2025-12-11 12:00:00+00:00,0.138,0.13803,0.13752,0.13758,6849752.0
2025-12-11 12:15:00+00:00,0.13758,0.13802,0.13758,0.13783,3895731.0
2025-12-11 12:30:00+00:00,0.13783,0.13808,0.13766,0.13796,5318909.0
2025-12-11 12:45:00+00:00,0.13796,0.13808,0.13776,0.13788,8885616.0
2025-12-11 13:00:00+00:00,0.13788,0.13821,0.13779,0.1378,2107634.0
2025-12-11 13:15:00+00:00,0.1378,0.13817,0.13763,0.13802,4032110.0
2025-12-11 13:30:00+00:00,0.13802,0.13815,0.13762,0.13792,4410898.0
2025-12-11 13:45:00+00:00,0.13792,0.13812,0.1377,0.13807,8435537.0
2025-12-11 14:00:00+00:00,0.13806,0.13808,0.1377,0.13787,3860377.0
2025-12-11 14:15:00+00:00,0.13787,0.13797,0.13757,0.13758,3902423.0
2025-12-11 14:30:00+00:00,0.13757,0.1382,0.13658,0.13771,22759310.0
2025-12-11 14:45:00+00:00,0.13771,0.13782,0.13671,0.13719,24266689.0
2025-12-11 15:00:00+00:00,0.13719,0.13794,0.1369,0.13748,13896953.0
2025-12-11 15:15:00+00:00,0.13747,0.13834,0.13704,0.13751,12948295.0
2025-12-11 15:30:00+00:00,0.13751,0.13757,0.13672,0.13714,12646176.0
2025-12-11 15:45:00+00:00,0.13714,0.13745,0.13675,0.13712,10309493.0
2025-12-11 16:00:00+00:00,0.13712,0.1373,0.13623,0.13659,13802490.0
2025-12-11 16:15:00+00:00,0.13658,0.13684,0.13645,0.13669,6122541.0
2025-12-11 16:30:00+00:00,0.13669,0.13751,0.13633,0.13729,8241809.0
2025-12-11 16:45:00+00:00,0.1373,0.13764,0.13679,0.13694,5846265.0
2025-12-11 17:00:00+00:00,0.13695,0.13714,0.13678,0.13701,4112439.0
2025-12-11 17:15:00+00:00,0.137,0.13758,0.13693,0.13736,5591652.0
2025-12-11 17:30:00+00:00,0.13737,0.13766,0.13712,0.13726,5139845.0
2025-12-11 17:45:00+00:00,0.13726,0.13748,0.13698,0.13706,4707504.0
2025-12-11 18:00:00+00:00,0.13706,0.13755,0.13687,0.13747,5198641.0
2025-12-11 18:15:00+00:00,0.13747,0.13781,0.13736,0.13748,5904780.0
2025-12-11 18:30:00+00:00,0.13749,0.13894,0.13732,0.13893,13494889.0
2025-12-11 18:45:00+00:00,0.13894,0.13925,0.13776,0.13805,18374579.0
2025-12-11 19:00:00+00:00,0.13806,0.13857,0.13787,0.13813,9203242.0
2025-12-11 19:15:00+00:00,0.13813,0.13904,0.13807,0.13899,11975159.0
2025-12-11 19:30:00+00:00,0.13899,0.13965,0.13892,0.13924,8205450.0
2025-12-11 19:45:00+00:00,0.13924,0.13942,0.13821,0.1384,9165495.0
2025-12-11 20:00:00+00:00,0.13839,0.13948,0.13835,0.13937,3175063.0
2025-12-11 20:15:00+00:00,0.13937,0.13953,0.13892,0.13918,2896335.0
2025-12-11 20:30:00+00:00,0.13918,0.13984,0.13916,0.13976,9927730.0
2025-12-11 20:45:00+00:00,0.13977,0.14023,0.13949,0.14005,8290950.0
2025-12-11 21:00:00+00:00,0.14006,0.14111,0.14003,0.14081,14477921.0
2025-12-11 21:15:00+00:00,0.14082,0.14218,0.14082,0.14198,13584842.0
2025-12-11 21:30:00+00:00,0.14199,0.14281,0.14147,0.14236,14322065.0
2025-12-11 21:45:00+00:00,0.14235,0.14252,0.14163,0.14176,9032711.0
2025-12-11 22:00:00+00:00,0.14176,0.14225,0.14136,0.14161,5324421.0
2025-12-11 22:15:00+00:00,0.1416,0.14167,0.14039,0.14066,8245702.0
2025-12-11 22:30:00+00:00,0.14066,0.14106,0.14024,0.14044,4767322.0
2025-12-11 22:45:00+00:00,0.14044,0.14065,0.13993,0.14049,4641741.0
2025-12-11 23:00:00+00:00,0.14048,0.14082,0.13994,0.14039,12017448.0
2025-12-11 23:15:00+00:00,0.1404,0.14075,0.1403,0.14042,3039689.0
2025-12-11 23:30:00+00:00,0.14042,0.14094,0.14039,0.14086,3170287.0
2025-12-11 23:45:00+00:00,0.14087,0.1409,0.14014,0.14033,3413817.0
2025-12-12 00:00:00+00:00,0.14034,0.14046,0.14008,0.1401,2926803.0
2025-12-12 00:15:00+00:00,0.14009,0.14078,0.14009,0.14039,4565324.0
2025-12-12 00:30:00+00:00,0.14039,0.14068,0.14025,0.14027,1847660.0
2025-12-12 00:45:00+00:00,0.14026,0.14032,0.13871,0.13884,11341068.0
2025-12-12 01:00:00+00:00,0.13885,0.13981,0.13885,0.13973,4648613.0
2025-12-12 01:15:00+00:00,0.13972,0.14069,0.13969,0.14032,5636740.0
2025-12-12 01:30:00+00:00,0.14032,0.1407,0.14022,0.14049,3866143.0
2025-12-12 01:45:00+00:00,0.14049,0.14066,0.14016,0.14038,1678227.0
2025-12-12 02:00:00+00:00,0.14037,0.14107,0.1401,0.14084,2535710.0
2025-12-12 02:15:00+00:00,0.14084,0.14111,0.14065,0.1409,2309083.0
2025-12-12 02:30:00+00:00,0.1409,0.14105,0.14065,0.14092,1935800.0
2025-12-12 02:45:00+00:00,0.14092,0.14132,0.14078,0.14118,3348553.0
2025-12-12 03:00:00+00:00,0.14118,0.14133,0.14086,0.14087,4408153.0
2025-12-12 03:15:00+00:00,0.14086,0.1409,0.14034,0.14056,4403623.0
2025-12-12 03:30:00+00:00,0.14055,0.14074,0.1404,0.14074,1959254.0
2025-12-12 03:45:00+00:00,0.14073,0.14087,0.14057,0.14059,1019478.0
2025-12-12 04:00:00+00:00,0.14058,0.14069,0.14027,0.14032,1156208.0
2025-12-12 04:15:00+00:00,0.14033,0.14044,0.14014,0.14034,4135028.0
2025-12-12 04:30:00+00:00,0.14034,0.14046,0.14018,0.14044,1119687.0
2025-12-12 04:45:00+00:00,0.14044,0.14058,0.14021,0.14028,1417057.0
2025-12-12 05:00:00+00:00,0.14028,0.14068,0.14011,0.14013,2031783.0
2025-12-12 05:15:00+00:00,0.14013,0.14033,0.13976,0.13984,7647018.0
2025-12-12 05:30:00+00:00,0.13984,0.14054,0.13982,0.14052,4050472.0
2025-12-12 05:45:00+00:00,0.14053,0.14103,0.14051,0.14087,9312733.0
2025-12-12 06:00:00+00:00,0.14086,0.14155,0.14086,0.14148,8453769.0
2025-12-12 06:15:00+00:00,0.14148,0.14152,0.14094,0.14096,2898672.0
2025-12-12 06:30:00+00:00,0.14096,0.14099,0.14079,0.14084,1406123.0
2025-12-12 06:45:00+00:00,0.14084,0.14087,0.14061,0.14083,3406230.0
2025-12-12 07:00:00+00:00,0.14084,0.14093,0.14071,0.14076,1771253.0
2025-12-12 07:15:00+00:00,0.14075,0.14083,0.14064,0.14072,3890724.0
2025-12-12 07:30:00+00:00,0.14071,0.1409,0.14035,0.14074,3564806.0
2025-12-12 07:45:00+00:00,0.14075,0.14078,0.14054,0.14063,1278728.0
2025-12-12 08:00:00+00:00,0.14062,0.14075,0.14055,0.14069,1458416.0
2025-12-12 08:15:00+00:00,0.14069,0.14074,0.14024,0.14026,3203331.0
2025-12-12 08:30:00+00:00,0.14026,0.14029,0.13992,0.14021,5205868.0
2025-12-12 08:45:00+00:00,0.14022,0.14045,0.13995,0.14043,2430888.0
2025-12-12 09:00:00+00:00,0.14044,0.14049,0.14016,0.14047,2771268.0
2025-12-12 09:15:00+00:00,0.14047,0.14056,0.13997,0.13998,3909317.0
2025-12-12 09:30:00+00:00,0.13998,0.14029,0.13998,0.14015,2104384.0
2025-12-12 09:45:00+00:00,0.14015,0.14104,0.14008,0.14093,5324846.0
2025-12-12 10:00:00+00:00,0.14093,0.14138,0.14091,0.14134,3866331.0
2025-12-12 10:15:00+00:00,0.14133,0.14133,0.14098,0.14107,2881427.0
2025-12-12 10:30:00+00:00,0.14108,0.14114,0.1409,0.14096,2308342.0
2025-12-12 10:45:00+00:00,0.14096,0.14128,0.14088,0.14109,2201729.0
2025-12-12 11:00:00+00:00,0.14109,0.14115,0.14085,0.14098,1378984.0
2025-12-12 11:15:00+00:00,0.14098,0.14099,0.14068,0.14097,4590588.0
2025-12-12 11:30:00+00:00,0.14097,0.14119,0.14088,0.14112,2292805.0
2025-12-12 11:45:00+00:00,0.14112,0.14119,0.14095,0.1411,3308475.0
2025-12-12 12:00:00+00:00,0.14109,0.1411,0.14085,0.14093,1669097.0
2025-12-12 12:15:00+00:00,0.14092,0.14102,0.14075,0.14079,1674193.0
2025-12-12 12:30:00+00:00,0.14079,0.14108,0.14078,0.14092,2710494.0
2025-12-12 12:45:00+00:00,0.14093,0.1414,0.14088,0.14139,3556532.0
2025-12-12 13:00:00+00:00,0.14139,0.14139,0.14097,0.14101,4001776.0
2025-12-12 13:15:00+00:00,0.14101,0.14129,0.14086,0.14095,3793785.0
2025-12-12 13:30:00+00:00,0.14096,0.14118,0.14088,0.14094,2043559.0
2025-12-12 13:45:00+00:00,0.14093,0.14116,0.14092,0.14096,3054160.0
2025-12-12 14:00:00+00:00,0.14097,0.14099,0.14047,0.14055,3898072.0
2025-12-12 14:15:00+00:00,0.14056,0.14099,0.14028,0.1403,3388304.0
2025-12-12 14:30:00+00:00,0.14029,0.1412,0.13998,0.14089,9303675.0
2025-12-12 14:45:00+00:00,0.14089,0.14103,0.14024,0.14066,3472155.0
2025-12-12 15:00:00+00:00,0.14065,0.14065,0.13944,0.13981,7596862.0
2025-12-12 15:15:00+00:00,0.13981,0.13986,0.1378,0.13795,21350296.0
2025-12-12 15:30:00+00:00,0.13796,0.13855,0.13662,0.1375,40529681.0
2025-12-12 15:45:00+00:00,0.1375,0.13789,0.13503,0.13561,38365768.0
2025-12-12 16:00:00+00:00,0.13561,0.13629,0.13534,0.13601,24362053.0
2025-12-12 16:15:00+00:00,0.13601,0.13641,0.13469,0.13608,30357381.0
2025-12-12 16:30:00+00:00,0.13608,0.13608,0.13428,0.13471,24897844.0
2025-12-12 16:45:00+00:00,0.1347,0.13559,0.1346,0.13532,14458316.0
2025-12-12 17:00:00+00:00,0.13531,0.13643,0.13523,0.13617,19053435.0
2025-12-12 17:15:00+00:00,0.13617,0.13674,0.13539,0.13539,15610832.0
2025-12-12 17:30:00+00:00,0.13539,0.13582,0.13525,0.13559,8347222.0
2025-12-12 17:45:00+00:00,0.13559,0.13592,0.13546,0.13569,3168819.0
2025-12-12 18:00:00+00:00,0.13569,0.13686,0.13552,0.13652,9903478.0
2025-12-12 18:15:00+00:00,0.13652,0.13696,0.13607,0.13662,8886855.0
2025-12-12 18:30:00+00:00,0.13662,0.13714,0.13657,0.13695,5224380.0
2025-12-12 18:45:00+00:00,0.13694,0.13728,0.1365,0.13657,4179192.0
2025-12-12 19:00:00+00:00,0.13657,0.13658,0.13584,0.13597,4613681.0
2025-12-12 19:15:00+00:00,0.13597,0.13663,0.13597,0.13619,4303473.0
2025-12-12 19:30:00+00:00,0.13618,0.13635,0.13596,0.13598,1225466.0
2025-12-12 19:45:00+00:00,0.13598,0.13615,0.13579,0.1361,2488744.0
2025-12-12 20:00:00+00:00,0.13609,0.13627,0.13566,0.13569,2155783.0
2025-12-12 20:15:00+00:00,0.13569,0.13621,0.13561,0.13566,2300883.0
2025-12-12 20:30:00+00:00,0.13566,0.13606,0.13547,0.13598,1283367.0
2025-12-12 20:45:00+00:00,0.13598,0.13629,0.13589,0.13611,6336517.0
2025-12-12 21:00:00+00:00,0.13611,0.13646,0.13602,0.13628,1823496.0
2025-12-12 21:15:00+00:00,0.13628,0.13642,0.1362,0.13642,2969650.0
2025-12-12 21:30:00+00:00,0.13642,0.13674,0.13641,0.13671,1693803.0
2025-12-12 21:45:00+00:00,0.13672,0.13686,0.13641,0.13648,1496670.0
2025-12-12 22:00:00+00:00,0.13648,0.1367,0.13635,0.1366,2235966.0
2025-12-12 22:15:00+00:00,0.13659,0.13689,0.13652,0.1368,1569187.0
2025-12-12 22:30:00+00:00,0.13679,0.13705,0.1366,0.1369,1936391.0
2025-12-12 22:45:00+00:00,0.1369,0.13699,0.13674,0.13694,2574094.0
2025-12-12 23:00:00+00:00,0.13693,0.13731,0.13693,0.13729,2185763.0
2025-12-12 23:15:00+00:00,0.13729,0.13733,0.1369,0.1369,1604292.0
2025-12-12 23:30:00+00:00,0.1369,0.13709,0.1369,0.13708,1690369.0
2025-12-12 23:45:00+00:00,0.13708,0.13713,0.13682,0.13692,1743476.0
2025-12-13 00:00:00+00:00,0.13692,0.13758,0.13691,0.13744,2895583.0
2025-12-13 00:15:00+00:00,0.13745,0.1375,0.13726,0.13733,1201083.0
2025-12-13 00:30:00+00:00,0.13733,0.13749,0.13731,0.13742,1265684.0
2025-12-13 00:45:00+00:00,0.13742,0.13743,0.13723,0.13724,1315882.0
2025-12-13 01:00:00+00:00,0.13724,0.13738,0.13715,0.13726,1652254.0
2025-12-13 01:15:00+00:00,0.13726,0.1375,0.13716,0.13745,1348736.0
2025-12-13 01:30:00+00:00,0.13744,0.13746,0.13706,0.13716,1358513.0
2025-12-13 01:45:00+00:00,0.13717,0.13731,0.13706,0.13729,665485.0
2025-12-13 02:00:00+00:00,0.1373,0.13756,0.13728,0.1375,1453748.0
2025-12-13 02:15:00+00:00,0.13749,0.13763,0.13732,0.13745,1024819.0
2025-12-13 02:30:00+00:00,0.13744,0.13767,0.13729,0.13741,5103456.0
2025-12-13 02:45:00+00:00,0.13741,0.13744,0.13727,0.13732,993861.0
2025-12-13 03:00:00+00:00,0.13731,0.13732,0.137,0.13729,5736914.0
2025-12-13 03:15:00+00:00,0.13729,0.13754,0.13729,0.1374,2186248.0
2025-12-13 03:30:00+00:00,0.13741,0.13769,0.13734,0.13767,2898195.0
2025-12-13 03:45:00+00:00,0.13767,0.1377,0.13744,0.13752,930171.0
2025-12-13 04:00:00+00:00,0.13752,0.13757,0.13738,0.1375,385924.0
2025-12-13 04:15:00+00:00,0.1375,0.13767,0.13743,0.13754,1398576.0
2025-12-13 04:30:00+00:00,0.13754,0.13759,0.13733,0.13747,1315538.0
2025-12-13 04:45:00+00:00,0.13747,0.13756,0.13744,0.13753,590157.0
2025-12-13 05:00:00+00:00,0.13752,0.13789,0.13747,0.13776,2811010.0
2025-12-13 05:15:00+00:00,0.13777,0.13777,0.13756,0.13766,543411.0
2025-12-13 05:30:00+00:00,0.13766,0.13767,0.13735,0.13746,1636957.0
2025-12-13 05:45:00+00:00,0.13746,0.13747,0.13716,0.13735,4186975.0
2025-12-13 06:00:00+00:00,0.13734,0.1374,0.13717,0.13724,945416.0
2025-12-13 06:15:00+00:00,0.13724,0.1373,0.13714,0.13718,3390606.0
2025-12-13 06:30:00+00:00,0.13718,0.13755,0.13713,0.1374,2591825.0
2025-12-13 06:45:00+00:00,0.1374,0.13754,0.13727,0.13741,1857435.0
2025-12-13 07:00:00+00:00,0.13741,0.1377,0.1374,0.13763,1597569.0
2025-12-13 07:15:00+00:00,0.13763,0.13792,0.13763,0.13782,3420970.0
2025-12-13 07:30:00+00:00,0.13783,0.13786,0.13764,0.13774,1146788.0
2025-12-13 07:45:00+00:00,0.13773,0.13781,0.13764,0.13777,2129890.0
2025-12-13 08:00:00+00:00,0.13777,0.13797,0.13777,0.13797,2116245.0
2025-12-13 08:15:00+00:00,0.13798,0.13872,0.13793,0.13865,12222446.0
2025-12-13 08:30:00+00:00,0.13866,0.13873,0.13826,0.13837,2317718.0
2025-12-13 08:45:00+00:00,0.13837,0.13862,0.13833,0.1384,1636546.0
2025-12-13 09:00:00+00:00,0.1384,0.13864,0.1384,0.13847,2341616.0
2025-12-13 09:15:00+00:00,0.13847,0.1385,0.13826,0.13829,1641347.0
2025-12-13 09:30:00+00:00,0.13829,0.13851,0.1382,0.13842,949723.0
2025-12-13 09:45:00+00:00,0.13842,0.13854,0.1383,0.13839,1463692.0
2025-12-13 10:00:00+00:00,0.13838,0.13858,0.13836,0.13856,1256469.0
2025-12-13 10:15:00+00:00,0.13856,0.13893,0.13856,0.13892,4555356.0
2025-12-13 10:30:00+00:00,0.13892,0.13947,0.1389,0.13942,6854295.0
2025-12-13 10:45:00+00:00,0.13942,0.13955,0.13921,0.1395,2668716.0
2025-12-13 11:00:00+00:00,0.1395,0.13952,0.13925,0.13935,2110844.0
2025-12-13 11:15:00+00:00,0.13935,0.13935,0.13886,0.13888,3717248.0
2025-12-13 11:30:00+00:00,0.13888,0.13905,0.13869,0.13877,2881775.0
2025-12-13 11:45:00+00:00,0.13877,0.13902,0.13872,0.13882,1539370.0
2025-12-13 12:00:00+00:00,0.13881,0.13975,0.13881,0.1397,3206819.0
2025-12-13 12:15:00+00:00,0.13969,0.14002,0.13939,0.1394,4289086.0
2025-12-13 12:30:00+00:00,0.13941,0.13982,0.13907,0.13907,4784562.0
2025-12-13 12:45:00+00:00,0.13907,0.13952,0.13904,0.13944,1685361.0
2025-12-13 13:00:00+00:00,0.13944,0.13954,0.13914,0.13916,1362462.0
2025-12-13 13:15:00+00:00,0.13917,0.13942,0.13894,0.13898,1954092.0
2025-12-13 13:30:00+00:00,0.13898,0.1393,0.13891,0.13924,2129663.0
2025-12-13 13:45:00+00:00,0.13924,0.13939,0.13916,0.13921,1335345.0
2025-12-13 14:00:00+00:00,0.13922,0.13947,0.13886,0.13944,4494638.0
2025-12-13 14:15:00+00:00,0.13945,0.13951,0.13854,0.13869,4073305.0
2025-12-13 14:30:00+00:00,0.13869,0.13938,0.13867,0.13911,4297355.0
2025-12-13 14:45:00+00:00,0.13911,0.13931,0.13908,0.13919,2224082.0
2025-12-13 15:00:00+00:00,0.13919,0.13999,0.13916,0.13959,3364163.0
2025-12-13 15:15:00+00:00,0.13959,0.13975,0.13939,0.13948,2272882.0
2025-12-13 15:30:00+00:00,0.13948,0.13962,0.13937,0.13945,1102251.0
2025-12-13 15:45:00+00:00,0.13945,0.13955,0.13914,0.1395,1265800.0
2025-12-13 16:00:00+00:00,0.13949,0.13992,0.13943,0.13981,2999231.0
2025-12-13 16:15:00+00:00,0.13981,0.13983,0.13921,0.13928,3234671.0
2025-12-13 16:30:00+00:00,0.13928,0.13953,0.13909,0.13935,1678155.0
2025-12-13 16:45:00+00:00,0.13935,0.13951,0.13924,0.13945,1029084.0
2025-12-13 17:00:00+00:00,0.13944,0.13947,0.1389,0.13913,2220979.0
2025-12-13 17:15:00+00:00,0.13912,0.1392,0.1389,0.13899,1863541.0
2025-12-13 17:30:00+00:00,0.13898,0.13916,0.1389,0.13914,3106742.0
2025-12-13 17:45:00+00:00,0.13914,0.13915,0.13891,0.13904,1588542.0
2025-12-13 18:00:00+00:00,0.13904,0.1394,0.13892,0.13938,2346086.0
2025-12-13 18:15:00+00:00,0.13937,0.13938,0.13919,0.13924,1799733.0
2025-12-13 18:30:00+00:00,0.13924,0.13924,0.13892,0.13906,6213644.0
2025-12-13 18:45:00+00:00,0.13905,0.13907,0.13867,0.13874,2187042.0
2025-12-13 19:00:00+00:00,0.13874,0.13907,0.13869,0.13904,728878.0
2025-12-13 19:15:00+00:00,0.13905,0.13917,0.13894,0.13896,956796.0
2025-12-13 19:30:00+00:00,0.13896,0.13923,0.13891,0.1392,1328099.0
2025-12-13 19:45:00+00:00,0.13921,0.13926,0.13893,0.13899,1136403.0
2025-12-13 20:00:00+00:00,0.13899,0.13906,0.13884,0.13884,529614.0
2025-12-13 20:15:00+00:00,0.13885,0.13897,0.13883,0.13892,761240.0
2025-12-13 20:30:00+00:00,0.13893,0.13897,0.13877,0.13877,817011.0
2025-12-13 20:45:00+00:00,0.13878,0.13891,0.13865,0.13877,1111416.0
2025-12-13 21:00:00+00:00,0.13876,0.13878,0.13837,0.13851,2429044.0
2025-12-13 21:15:00+00:00,0.13852,0.1387,0.1385,0.13859,1274289.0
2025-12-13 21:30:00+00:00,0.1386,0.13877,0.13789,0.13873,6312636.0
2025-12-13 21:45:00+00:00,0.13873,0.13909,0.13857,0.13894,1798566.0
2025-12-13 22:00:00+00:00,0.13894,0.13916,0.13848,0.13864,2400644.0
2025-12-13 22:15:00+00:00,0.13863,0.13902,0.13862,0.13898,786809.0
2025-12-13 22:30:00+00:00,0.13898,0.13944,0.13888,0.13925,1452007.0
2025-12-13 22:45:00+00:00,0.13925,0.13936,0.13906,0.13923,1374689.0
2025-12-13 23:00:00+00:00,0.13922,0.13922,0.13885,0.13888,944937.0
2025-12-13 23:15:00+00:00,0.13888,0.139,0.13873,0.13887,1893186.0
2025-12-13 23:30:00+00:00,0.13886,0.13915,0.13884,0.13909,533795.0
2025-12-13 23:45:00+00:00,0.1391,0.13921,0.13904,0.13905,469724.0
2025-12-14 00:00:00+00:00,0.13906,0.13906,0.13866,0.13904,1643826.0
2025-12-14 00:15:00+00:00,0.13904,0.13908,0.1387,0.1388,1233314.0
2025-12-14 00:30:00+00:00,0.13879,0.13919,0.13876,0.13903,1674706.0
2025-12-14 00:45:00+00:00,0.13903,0.13914,0.1388,0.13887,2045598.0
2025-12-14 01:00:00+00:00,0.13887,0.13902,0.1388,0.139,1411911.0
2025-12-14 01:15:00+00:00,0.139,0.1391,0.13884,0.13898,1176519.0
2025-12-14 01:30:00+00:00,0.13897,0.139,0.13858,0.13866,2017329.0
2025-12-14 01:45:00+00:00,0.13866,0.13884,0.13865,0.13878,503289.0
2025-12-14 02:00:00+00:00,0.13879,0.13893,0.13872,0.13891,725469.0
2025-12-14 02:15:00+00:00,0.13891,0.13924,0.13884,0.1392,749830.0
2025-12-14 02:30:00+00:00,0.1392,0.13924,0.1389,0.13897,1586378.0
2025-12-14 02:45:00+00:00,0.13897,0.13912,0.13889,0.13905,5001372.0
2025-12-14 03:00:00+00:00,0.13904,0.13925,0.13891,0.13891,1325663.0
2025-12-14 03:15:00+00:00,0.13892,0.13892,0.13876,0.13884,1309378.0
2025-12-14 03:30:00+00:00,0.13884,0.13887,0.13867,0.13882,1160483.0
2025-12-14 03:45:00+00:00,0.13882,0.139,0.13877,0.13883,2255050.0
2025-12-14 04:00:00+00:00,0.13883,0.13891,0.13864,0.13878,4090279.0
2025-12-14 04:15:00+00:00,0.13877,0.13882,0.13864,0.13867,1259629.0
2025-12-14 04:30:00+00:00,0.13867,0.1387,0.13834,0.13835,1617903.0
2025-12-14 04:45:00+00:00,0.13835,0.13848,0.13824,0.13845,2014703.0
2025-12-14 05:00:00+00:00,0.13844,0.13844,0.13799,0.13805,2869678.0
2025-12-14 05:15:00+00:00,0.13805,0.13806,0.13765,0.13774,4352300.0
2025-12-14 05:30:00+00:00,0.13774,0.1381,0.13766,0.13805,4152627.0
2025-12-14 05:45:00+00:00,0.13804,0.1381,0.13797,0.13804,780947.0
2025-12-14 06:00:00+00:00,0.13803,0.13804,0.13787,0.13801,1409034.0
2025-12-14 06:15:00+00:00,0.138,0.13819,0.13773,0.13777,2493516.0
2025-12-14 06:30:00+00:00,0.13777,0.13809,0.13753,0.13804,2962422.0
2025-12-14 06:45:00+00:00,0.13805,0.13808,0.13791,0.13802,902306.0
2025-12-14 07:00:00+00:00,0.13803,0.13822,0.13799,0.13818,1822619.0
2025-12-14 07:15:00+00:00,0.13817,0.13824,0.13809,0.13811,1731043.0
2025-12-14 07:30:00+00:00,0.13811,0.13817,0.13804,0.13806,864161.0
2025-12-14 07:45:00+00:00,0.13807,0.13844,0.13804,0.13824,2430768.0
2025-12-14 08:00:00+00:00,0.13825,0.13844,0.13825,0.13836,2004633.0
2025-12-14 08:15:00+00:00,0.13836,0.13839,0.13811,0.13825,1090067.0
2025-12-14 08:30:00+00:00,0.13826,0.13829,0.13799,0.13807,705538.0
2025-12-14 08:45:00+00:00,0.13807,0.13807,0.1378,0.13787,1432119.0
2025-12-14 09:00:00+00:00,0.13787,0.13787,0.13769,0.13769,1656649.0
2025-12-14 09:15:00+00:00,0.1377,0.13785,0.13761,0.13762,2055703.0
2025-12-14 09:30:00+00:00,0.13762,0.13782,0.13746,0.13757,2002060.0
2025-12-14 09:45:00+00:00,0.13756,0.13767,0.13756,0.13763,727619.0
2025-12-14 10:00:00+00:00,0.13764,0.13764,0.13682,0.13713,9219364.0
2025-12-14 10:15:00+00:00,0.13712,0.13771,0.13708,0.13745,4333348.0
2025-12-14 10:30:00+00:00,0.13745,0.13752,0.1372,0.13751,3328393.0
2025-12-14 10:45:00+00:00,0.1375,0.1376,0.13743,0.13748,1599750.0
2025-12-14 11:00:00+00:00,0.13748,0.13764,0.13701,0.13736,5934122.0
2025-12-14 11:15:00+00:00,0.13735,0.13739,0.13693,0.13698,3041231.0
2025-12-14 11:30:00+00:00,0.13698,0.13717,0.13618,0.13623,13586601.0
2025-12-14 11:45:00+00:00,0.13623,0.13706,0.13573,0.13679,9692592.0
2025-12-14 12:00:00+00:00,0.13679,0.13704,0.13628,0.13668,5281094.0
2025-12-14 12:15:00+00:00,0.13668,0.13714,0.13668,0.1367,3513500.0
2025-12-14 12:30:00+00:00,0.13669,0.13719,0.13668,0.13711,2461370.0
2025-12-14 12:45:00+00:00,0.13711,0.13723,0.13688,0.13694,2564266.0
2025-12-14 13:00:00+00:00,0.13694,0.13695,0.13641,0.13671,2647633.0
2025-12-14 13:15:00+00:00,0.13672,0.13689,0.13648,0.13664,2221621.0
2025-12-14 13:30:00+00:00,0.13663,0.13681,0.13638,0.13643,1795328.0
2025-12-14 13:45:00+00:00,0.13643,0.13691,0.13636,0.13691,4093956.0
2025-12-14 14:00:00+00:00,0.13691,0.13711,0.13655,0.13655,3638522.0
2025-12-14 14:15:00+00:00,0.13655,0.13667,0.13623,0.13632,2130103.0
2025-12-14 14:30:00+00:00,0.13631,0.13635,0.13567,0.13579,9843834.0
2025-12-14 14:45:00+00:00,0.13578,0.13601,0.13513,0.13556,10095131.0
2025-12-14 15:00:00+00:00,0.13557,0.13559,0.13494,0.13516,13803258.0
2025-12-14 15:15:00+00:00,0.13516,0.13549,0.13509,0.13538,5312820.0
2025-12-14 15:30:00+00:00,0.13538,0.13568,0.13521,0.13564,3822256.0
2025-12-14 15:45:00+00:00,0.13563,0.13563,0.13537,0.13548,2869866.0
2025-12-14 16:00:00+00:00,0.13547,0.13553,0.13513,0.13524,3073172.0
2025-12-14 16:15:00+00:00,0.13524,0.13617,0.13516,0.13588,6017584.0
2025-12-14 16:30:00+00:00,0.13588,0.136,0.13522,0.13534,4677084.0
2025-12-14 16:45:00+00:00,0.13533,0.13567,0.13519,0.13555,7780515.0
2025-12-14 17:00:00+00:00,0.13556,0.13584,0.13351,0.13403,53251687.0
2025-12-14 17:15:00+00:00,0.13403,0.13441,0.13332,0.1338,26627642.0
2025-12-14 17:30:00+00:00,0.13381,0.13411,0.13345,0.13398,7476817.0
2025-12-14 17:45:00+00:00,0.13398,0.1341,0.13378,0.13386,6108414.0
2025-12-14 18:00:00+00:00,0.13385,0.13439,0.13367,0.13428,6732434.0
2025-12-14 18:15:00+00:00,0.13427,0.1346,0.13382,0.13403,5601482.0
2025-12-14 18:30:00+00:00,0.13403,0.13448,0.13402,0.13428,2247057.0
2025-12-14 18:45:00+00:00,0.13427,0.13492,0.1342,0.13485,3347674.0
2025-12-14 19:00:00+00:00,0.13485,0.13494,0.13421,0.13434,5715512.0
2025-12-14 19:15:00+00:00,0.13434,0.13457,0.13399,0.13456,2973324.0
2025-12-14 19:30:00+00:00,0.13455,0.13459,0.13396,0.13413,2180615.0
2025-12-14 19:45:00+00:00,0.13413,0.1344,0.13401,0.13432,2608505.0
2025-12-14 20:00:00+00:00,0.13432,0.13461,0.13352,0.13461,12706982.0
2025-12-14 20:15:00+00:00,0.13462,0.13481,0.13408,0.13417,5542440.0
2025-12-14 20:30:00+00:00,0.13418,0.13429,0.13409,0.13426,3749519.0
2025-12-14 20:45:00+00:00,0.13427,0.13436,0.13377,0.13389,3867806.0
2025-12-14 21:00:00+00:00,0.13388,0.134,0.13366,0.13395,1911648.0
2025-12-14 21:15:00+00:00,0.13396,0.13443,0.13396,0.13419,1374088.0
2025-12-14 21:30:00+00:00,0.13419,0.13421,0.13387,0.13396,5029722.0
2025-12-14 21:45:00+00:00,0.13396,0.13397,0.13343,0.13383,3491478.0
2025-12-14 22:00:00+00:00,0.13384,0.13443,0.13384,0.13425,3116163.0
2025-12-14 22:15:00+00:00,0.13425,0.13439,0.1339,0.1341,1875123.0
2025-12-14 22:30:00+00:00,0.13409,0.13409,0.13346,0.13384,5129499.0
2025-12-14 22:45:00+00:00,0.13383,0.13433,0.13373,0.13426,3168259.0
2025-12-14 23:00:00+00:00,0.13427,0.13477,0.1337,0.13392,5245553.0
2025-12-14 23:15:00+00:00,0.13391,0.13428,0.13379,0.1341,4357137.0
2025-12-14 23:30:00+00:00,0.1341,0.13423,0.13261,0.13408,31184136.0
2025-12-14 23:45:00+00:00,0.13409,0.13443,0.13382,0.13408,8733048.0
2025-12-15 00:00:00+00:00,0.13407,0.13481,0.13404,0.13423,10282433.0
2025-12-15 00:15:00+00:00,0.13424,0.1353,0.13419,0.13509,6542931.0
2025-12-15 00:30:00+00:00,0.13509,0.13525,0.13432,0.13451,5946912.0
2025-12-15 00:45:00+00:00,0.1345,0.13514,0.13447,0.13503,4382375.0
2025-12-15 01:00:00+00:00,0.13504,0.13554,0.13495,0.13532,4415223.0
2025-12-15 01:15:00+00:00,0.13533,0.13534,0.13485,0.13506,2239003.0
2025-12-15 01:30:00+00:00,0.13506,0.13683,0.13488,0.13619,11129196.0
2025-12-15 01:45:00+00:00,0.1362,0.13657,0.13602,0.13639,11163344.0
2025-12-15 02:00:00+00:00,0.1364,0.13748,0.1364,0.13687,5770533.0
2025-12-15 02:15:00+00:00,0.13687,0.13845,0.13686,0.13775,14690323.0
2025-12-15 02:30:00+00:00,0.13776,0.13788,0.1371,0.1373,10645718.0
2025-12-15 02:45:00+00:00,0.1373,0.13737,0.13652,0.13662,7941722.0
2025-12-15 03:00:00+00:00,0.13662,0.13701,0.13655,0.13676,3125603.0
2025-12-15 03:15:00+00:00,0.13676,0.13725,0.13676,0.13696,2854034.0
2025-12-15 03:30:00+00:00,0.13697,0.13708,0.13643,0.13649,3191877.0
2025-12-15 03:45:00+00:00,0.13649,0.13655,0.13612,0.13619,4162808.0
2025-12-15 04:00:00+00:00,0.13619,0.13688,0.13619,0.13677,5476563.0
2025-12-15 04:15:00+00:00,0.13677,0.13681,0.13601,0.13612,2290277.0
2025-12-15 04:30:00+00:00,0.13611,0.13668,0.13601,0.13666,4789391.0
2025-12-15 04:45:00+00:00,0.13667,0.13683,0.13654,0.13662,3387824.0
2025-12-15 05:00:00+00:00,0.13662,0.1369,0.13655,0.13689,2846747.0
2025-12-15 05:15:00+00:00,0.13689,0.13694,0.13676,0.13679,2357000.0
2025-12-15 05:30:00+00:00,0.13679,0.13683,0.13656,0.13661,1341709.0
2025-12-15 05:45:00+00:00,0.13661,0.13681,0.13661,0.13678,1756063.0
2025-12-15 06:00:00+00:00,0.13678,0.13679,0.13639,0.13649,1435987.0
2025-12-15 06:15:00+00:00,0.13648,0.13665,0.13643,0.13656,1650843.0
2025-12-15 06:30:00+00:00,0.13655,0.13673,0.13649,0.13665,1551212.0
2025-12-15 06:45:00+00:00,0.13665,0.13727,0.13665,0.13688,3131811.0
2025-12-15 07:00:00+00:00,0.13689,0.1371,0.13629,0.13638,5764664.0
2025-12-15 07:15:00+00:00,0.13638,0.13653,0.13628,0.13632,3466126.0
2025-12-15 07:30:00+00:00,0.13633,0.13643,0.13601,0.1361,2454009.0
2025-12-15 07:45:00+00:00,0.1361,0.13638,0.13608,0.13635,2139230.0
2025-12-15 08:00:00+00:00,0.13635,0.1367,0.13614,0.13626,2468736.0
2025-12-15 08:15:00+00:00,0.13625,0.13682,0.13625,0.13668,3311769.0
2025-12-15 08:30:00+00:00,0.13668,0.13671,0.13649,0.13655,1108042.0
2025-12-15 08:45:00+00:00,0.13654,0.1366,0.1363,0.13633,1111865.0
2025-12-15 09:00:00+00:00,0.13633,0.13687,0.13629,0.1367,2550680.0
2025-12-15 09:15:00+00:00,0.1367,0.13719,0.13664,0.13696,2509620.0
2025-12-15 09:30:00+00:00,0.13697,0.1373,0.13683,0.13689,4049832.0
2025-12-15 09:45:00+00:00,0.1369,0.13738,0.13681,0.13711,2813830.0
2025-12-15 10:00:00+00:00,0.13711,0.13732,0.13696,0.13708,2755067.0
2025-12-15 10:15:00+00:00,0.13709,0.13756,0.13699,0.13736,4706740.0
2025-12-15 10:30:00+00:00,0.13737,0.13774,0.13691,0.13701,4686300.0
2025-12-15 10:45:00+00:00,0.13702,0.13708,0.13692,0.13708,1539986.0
2025-12-15 11:00:00+00:00,0.13708,0.13721,0.13698,0.137,950204.0
2025-12-15 11:15:00+00:00,0.137,0.1371,0.13692,0.13694,1070250.0
2025-12-15 11:30:00+00:00,0.13694,0.13709,0.1365,0.13653,1766735.0
2025-12-15 11:45:00+00:00,0.13653,0.13689,0.13653,0.13682,1865683.0
2025-12-15 12:00:00+00:00,0.13682,0.13682,0.13645,0.13665,2185617.0
2025-12-15 12:15:00+00:00,0.13665,0.13701,0.13664,0.13679,1268159.0
2025-12-15 12:30:00+00:00,0.13679,0.1371,0.13679,0.13691,1337756.0
2025-12-15 12:45:00+00:00,0.13691,0.137,0.13677,0.13693,1692611.0
2025-12-15 13:00:00+00:00,0.13692,0.1371,0.13633,0.13683,6169823.0
2025-12-15 13:15:00+00:00,0.13682,0.1369,0.13632,0.13634,4683434.0
2025-12-15 13:30:00+00:00,0.13635,0.13671,0.13593,0.13657,6060903.0
2025-12-15 13:45:00+00:00,0.13658,0.13675,0.13638,0.13638,3971019.0
2025-12-15 14:00:00+00:00,0.13637,0.13702,0.13633,0.13693,2282482.0
2025-12-15 14:15:00+00:00,0.13693,0.13749,0.13635,0.1366,8182804.0
2025-12-15 14:30:00+00:00,0.1366,0.13736,0.13603,0.13648,10765363.0
2025-12-15 14:45:00+00:00,0.13648,0.1367,0.13272,0.13362,60713359.0
2025-12-15 15:00:00+00:00,0.13362,0.13374,0.13189,0.13274,56016547.0
2025-12-15 15:15:00+00:00,0.13273,0.13277,0.13021,0.1307,79221829.0
2025-12-15 15:30:00+00:00,0.1307,0.13139,0.12977,0.13107,47745161.0
2025-12-15 15:45:00+00:00,0.13108,0.13193,0.13043,0.13076,25806870.0
2025-12-15 16:00:00+00:00,0.13076,0.13112,0.13011,0.13057,12494359.0
2025-12-15 16:15:00+00:00,0.13056,0.13121,0.13047,0.13081,9449257.0
2025-12-15 16:30:00+00:00,0.13081,0.13086,0.12872,0.12943,33697450.0
2025-12-15 16:45:00+00:00,0.12943,0.13002,0.12914,0.12967,11313916.0
2025-12-15 17:00:00+00:00,0.12966,0.12991,0.12898,0.12923,10918321.0
2025-12-15 17:15:00+00:00,0.12922,0.12956,0.12899,0.12917,11469176.0
2025-12-15 17:30:00+00:00,0.12916,0.12927,0.12841,0.12869,13205687.0
2025-12-15 17:45:00+00:00,0.12868,0.1289,0.12785,0.12793,19605611.0
2025-12-15 18:00:00+00:00,0.12793,0.12848,0.12764,0.12807,8616899.0
2025-12-15 18:15:00+00:00,0.12806,0.12823,0.12719,0.12755,10225799.0
2025-12-15 18:30:00+00:00,0.12754,0.12813,0.12661,0.12767,16733531.0
2025-12-15 18:45:00+00:00,0.12768,0.12848,0.12762,0.12839,6220913.0
2025-12-15 19:00:00+00:00,0.1284,0.12942,0.12818,0.12821,12076805.0
2025-12-15 19:15:00+00:00,0.12821,0.12925,0.1281,0.129,7006992.0
2025-12-15 19:30:00+00:00,0.129,0.12931,0.12889,0.12904,7004569.0
2025-12-15 19:45:00+00:00,0.12903,0.12903,0.1285,0.12889,6545451.0
2025-12-15 20:00:00+00:00,0.12888,0.12888,0.12792,0.12804,6275887.0
2025-12-15 20:15:00+00:00,0.12803,0.12812,0.12752,0.12797,8110251.0
2025-12-15 20:30:00+00:00,0.12797,0.12883,0.12788,0.12844,4876997.0
2025-12-15 20:45:00+00:00,0.12844,0.12847,0.12795,0.12796,4818249.0
2025-12-15 21:00:00+00:00,0.12797,0.1281,0.12769,0.12787,3721084.0
2025-12-15 21:15:00+00:00,0.12788,0.12882,0.12784,0.12875,6651628.0
2025-12-15 21:30:00+00:00,0.12875,0.12904,0.12848,0.1285,5789905.0
2025-12-15 21:45:00+00:00,0.1285,0.12889,0.12848,0.12884,2727100.0
2025-12-15 22:00:00+00:00,0.12885,0.12885,0.12834,0.12848,5128766.0
2025-12-15 22:15:00+00:00,0.12849,0.12868,0.12824,0.12868,4963801.0
2025-12-15 22:30:00+00:00,0.12867,0.12875,0.12849,0.12852,3493077.0
2025-12-15 22:45:00+00:00,0.12852,0.1289,0.12841,0.1289,2267830.0
2025-12-15 23:00:00+00:00,0.1289,0.12967,0.12883,0.12966,6179691.0
2025-12-15 23:15:00+00:00,0.12966,0.12966,0.12905,0.12918,3831732.0
2025-12-15 23:30:00+00:00,0.12918,0.12979,0.1291,0.12968,4208005.0
2025-12-15 23:45:00+00:00,0.12968,0.12979,0.12949,0.12975,3083130.0
2025-12-16 00:00:00+00:00,0.12975,0.13014,0.12954,0.1297,4814157.0
2025-12-16 00:15:00+00:00,0.12969,0.12986,0.1294,0.12975,2959578.0
2025-12-16 00:30:00+00:00,0.12974,0.12974,0.12917,0.12934,4508627.0
2025-12-16 00:45:00+00:00,0.12933,0.12936,0.12876,0.12889,6863458.0
2025-12-16 01:00:00+00:00,0.12889,0.12973,0.12876,0.12949,10122598.0
2025-12-16 01:15:00+00:00,0.1295,0.12977,0.12904,0.1291,5237234.0
2025-12-16 01:30:00+00:00,0.12911,0.12949,0.12877,0.12925,6832999.0
2025-12-16 01:45:00+00:00,0.12924,0.12957,0.1291,0.12926,3431503.0
2025-12-16 02:00:00+00:00,0.12927,0.12932,0.12882,0.12923,4665607.0
2025-12-16 02:15:00+00:00,0.12923,0.12985,0.12896,0.12984,2272504.0
2025-12-16 02:30:00+00:00,0.12983,0.12993,0.12934,0.12942,2588001.0
2025-12-16 02:45:00+00:00,0.12941,0.12955,0.12917,0.12936,2862130.0
2025-12-16 03:00:00+00:00,0.12937,0.12956,0.12886,0.12897,4283004.0
2025-12-16 03:15:00+00:00,0.12896,0.12934,0.12894,0.12918,4367744.0
2025-12-16 03:30:00+00:00,0.12918,0.12927,0.12834,0.12901,7853801.0
2025-12-16 03:45:00+00:00,0.12902,0.12925,0.12897,0.12925,3590114.0
2025-12-16 04:00:00+00:00,0.12925,0.12942,0.129,0.129,2442818.0
2025-12-16 04:15:00+00:00,0.129,0.12907,0.12844,0.12861,4114814.0
2025-12-16 04:30:00+00:00,0.1286,0.12865,0.12834,0.12838,6702034.0
2025-12-16 04:45:00+00:00,0.12838,0.129,0.12716,0.12898,15394684.0
2025-12-16 05:00:00+00:00,0.12898,0.129,0.1287,0.12877,4244592.0
2025-12-16 05:15:00+00:00,0.12877,0.12905,0.12873,0.12892,3158675.0
2025-12-16 05:30:00+00:00,0.12891,0.12931,0.12885,0.12922,1949180.0
2025-12-16 05:45:00+00:00,0.12923,0.12945,0.12896,0.12905,1979813.0
2025-12-16 06:00:00+00:00,0.12905,0.12958,0.12902,0.12949,3353696.0
2025-12-16 06:15:00+00:00,0.12948,0.12992,0.1294,0.12988,2883495.0
2025-12-16 06:30:00+00:00,0.12989,0.13,0.1298,0.12991,1643931.0
2025-12-16 06:45:00+00:00,0.12991,0.1302,0.12981,0.12993,3464926.0
2025-12-16 07:00:00+00:00,0.12994,0.13001,0.12962,0.12963,6698229.0
2025-12-16 07:15:00+00:00,0.12962,0.12974,0.12899,0.12905,3543072.0
2025-12-16 07:30:00+00:00,0.12905,0.12916,0.12831,0.12838,3346380.0
2025-12-16 07:45:00+00:00,0.12839,0.12867,0.12835,0.12843,2084694.0
2025-12-16 08:00:00+00:00,0.12843,0.12902,0.12837,0.12886,2162254.0
2025-12-16 08:15:00+00:00,0.12885,0.12894,0.12852,0.12889,2237144.0
2025-12-16 08:30:00+00:00,0.12889,0.12894,0.12839,0.12891,2536528.0
2025-12-16 08:45:00+00:00,0.12892,0.12917,0.12846,0.12869,1921301.0
2025-12-16 09:00:00+00:00,0.12868,0.1289,0.12867,0.12886,2871438.0
2025-12-16 09:15:00+00:00,0.12887,0.12908,0.12868,0.12886,2148977.0
2025-12-16 09:30:00+00:00,0.12886,0.12921,0.12875,0.12909,1575952.0
2025-12-16 09:45:00+00:00,0.12909,0.12917,0.12881,0.12892,966696.0
2025-12-16 10:00:00+00:00,0.12893,0.12924,0.12874,0.12918,1114464.0
2025-12-16 10:15:00+00:00,0.12918,0.12945,0.12909,0.12927,2435612.0
2025-12-16 10:30:00+00:00,0.12927,0.13128,0.12927,0.13101,9291044.0
2025-12-16 10:45:00+00:00,0.13101,0.13149,0.1305,0.13087,7670516.0
2025-12-16 11:00:00+00:00,0.13087,0.13111,0.13056,0.131,7912493.0
2025-12-16 11:15:00+00:00,0.13101,0.13186,0.13101,0.13167,14414550.0
2025-12-16 11:30:00+00:00,0.13168,0.13205,0.1314,0.13151,12887748.0
2025-12-16 11:45:00+00:00,0.13151,0.13178,0.13144,0.13165,4633754.0
2025-12-16 12:00:00+00:00,0.13166,0.13191,0.13156,0.13175,5384849.0
2025-12-16 12:15:00+00:00,0.13175,0.13189,0.13126,0.13136,3705014.0
2025-12-16 12:30:00+00:00,0.13136,0.13141,0.13103,0.13131,4430382.0
2025-12-16 12:45:00+00:00,0.13132,0.13171,0.1312,0.1314,3646519.0
2025-12-16 13:00:00+00:00,0.13139,0.13144,0.13113,0.13124,3841519.0
2025-12-16 13:15:00+00:00,0.13124,0.13186,0.1311,0.13165,7290851.0
2025-12-16 13:30:00+00:00,0.13164,0.13263,0.12975,0.1304,54092004.0
2025-12-16 13:45:00+00:00,0.1304,0.13093,0.12978,0.12983,9549004.0
2025-12-16 14:00:00+00:00,0.12984,0.13088,0.12888,0.13069,26236989.0
2025-12-16 14:15:00+00:00,0.13068,0.13134,0.13032,0.13084,5070574.0
2025-12-16 14:30:00+00:00,0.13084,0.13167,0.13057,0.13061,17989550.0
2025-12-16 14:45:00+00:00,0.13062,0.13258,0.12999,0.13136,24860496.0
2025-12-16 15:00:00+00:00,0.13137,0.13186,0.13069,0.13148,7899280.0
2025-12-16 15:15:00+00:00,0.13147,0.13151,0.13076,0.13118,5370764.0
2025-12-16 15:30:00+00:00,0.13118,0.13175,0.13111,0.1317,4907545.0
2025-12-16 15:45:00+00:00,0.13171,0.13305,0.13156,0.13268,26281805.0
2025-12-16 16:00:00+00:00,0.13269,0.13282,0.13192,0.13214,10030018.0
2025-12-16 16:15:00+00:00,0.13214,0.1326,0.13193,0.13226,7996586.0
2025-12-16 16:30:00+00:00,0.13226,0.13226,0.13124,0.13156,9742766.0
2025-12-16 16:45:00+00:00,0.13156,0.13205,0.1315,0.13164,4245734.0
2025-12-16 17:00:00+00:00,0.13164,0.1322,0.13158,0.1321,3083239.0
2025-12-16 17:15:00+00:00,0.1321,0.13225,0.13134,0.13146,2442707.0
2025-12-16 17:30:00+00:00,0.13146,0.13174,0.13102,0.13122,6774101.0
2025-12-16 17:45:00+00:00,0.13122,0.13136,0.13104,0.13113,2508126.0
2025-12-16 18:00:00+00:00,0.13114,0.13181,0.13095,0.13176,4276721.0
2025-12-16 18:15:00+00:00,0.13175,0.13179,0.13138,0.13153,2169556.0
2025-12-16 18:30:00+00:00,0.13152,0.13249,0.13152,0.13243,7770468.0
2025-12-16 18:45:00+00:00,0.13242,0.133,0.13231,0.13233,5450664.0
2025-12-16 19:00:00+00:00,0.13232,0.13232,0.13144,0.13147,2834143.0
2025-12-16 19:15:00+00:00,0.13146,0.13176,0.13137,0.13166,2878715.0
2025-12-16 19:30:00+00:00,0.13166,0.13201,0.13161,0.13197,1681260.0
2025-12-16 19:45:00+00:00,0.13197,0.13257,0.13188,0.13207,3136273.0
2025-12-16 20:00:00+00:00,0.13206,0.13232,0.13188,0.13197,1897910.0
2025-12-16 20:15:00+00:00,0.13197,0.13229,0.1318,0.13216,846472.0
2025-12-16 20:30:00+00:00,0.13215,0.13248,0.13209,0.13224,1813283.0
2025-12-16 20:45:00+00:00,0.13224,0.13233,0.13185,0.13192,2629527.0
2025-12-16 21:00:00+00:00,0.13192,0.1321,0.13184,0.13201,1656639.0
2025-12-16 21:15:00+00:00,0.132,0.13215,0.13179,0.1321,909781.0
2025-12-16 21:30:00+00:00,0.13211,0.13238,0.13211,0.13227,1671084.0
2025-12-16 21:45:00+00:00,0.13227,0.13233,0.13202,0.13214,1258923.0
2025-12-16 22:00:00+00:00,0.13213,0.13227,0.13175,0.13188,1251415.0
2025-12-16 22:15:00+00:00,0.13188,0.13218,0.13186,0.1321,1866002.0
2025-12-16 22:30:00+00:00,0.1321,0.1322,0.13197,0.13213,1477491.0
2025-12-16 22:45:00+00:00,0.13212,0.13213,0.13193,0.13199,953362.0
2025-12-16 23:00:00+00:00,0.13199,0.13203,0.13155,0.13163,2648220.0
2025-12-16 23:15:00+00:00,0.13164,0.13182,0.1314,0.1316,4014869.0
2025-12-16 23:30:00+00:00,0.1316,0.13171,0.13145,0.13171,975592.0
2025-12-16 23:45:00+00:00,0.13171,0.13186,0.13149,0.13179,3189200.0
2025-12-17 00:00:00+00:00,0.13179,0.13179,0.1313,0.13133,2248952.0
2025-12-17 00:15:00+00:00,0.13134,0.13151,0.13118,0.13129,4391829.0
2025-12-17 00:30:00+00:00,0.13129,0.13139,0.13109,0.13129,2923583.0
2025-12-17 00:45:00+00:00,0.13129,0.1315,0.13123,0.13144,1268626.0
2025-12-17 01:00:00+00:00,0.13145,0.13193,0.13145,0.13181,2006994.0
2025-12-17 01:15:00+00:00,0.13182,0.13244,0.13179,0.13201,3281709.0
2025-12-17 01:30:00+00:00,0.13201,0.13218,0.13182,0.13183,6256023.0
2025-12-17 01:45:00+00:00,0.13183,0.132,0.13152,0.13173,1291789.0
2025-12-17 02:00:00+00:00,0.13174,0.13176,0.13125,0.13127,977148.0
2025-12-17 02:15:00+00:00,0.13128,0.13142,0.13101,0.13137,1447932.0
2025-12-17 02:30:00+00:00,0.13137,0.1317,0.13122,0.1317,1414497.0
2025-12-17 02:45:00+00:00,0.1317,0.13211,0.13165,0.13187,1596291.0
2025-12-17 03:00:00+00:00,0.13188,0.13208,0.13153,0.13156,1085132.0
2025-12-17 03:15:00+00:00,0.13156,0.1316,0.1314,0.13141,675399.0
2025-12-17 03:30:00+00:00,0.13141,0.13142,0.13117,0.13131,1749826.0
2025-12-17 03:45:00+00:00,0.13131,0.13144,0.13115,0.13125,1062492.0
2025-12-17 04:00:00+00:00,0.13125,0.13127,0.13104,0.13113,1319319.0
2025-12-17 04:15:00+00:00,0.13113,0.13115,0.13063,0.13092,3739913.0
2025-12-17 04:30:00+00:00,0.13093,0.13105,0.13066,0.13089,1868870.0
2025-12-17 04:45:00+00:00,0.13088,0.13102,0.13079,0.13099,1508944.0
2025-12-17 05:00:00+00:00,0.13099,0.13099,0.1304,0.13084,3335812.0
2025-12-17 05:15:00+00:00,0.13084,0.1309,0.13014,0.13031,4555431.0
2025-12-17 05:30:00+00:00,0.1303,0.13059,0.13,0.13056,2605992.0
2025-12-17 05:45:00+00:00,0.13056,0.13112,0.13052,0.13099,3238827.0
2025-12-17 06:00:00+00:00,0.13099,0.13136,0.13092,0.13118,3529045.0
2025-12-17 06:15:00+00:00,0.13118,0.13125,0.13104,0.13113,1414618.0
2025-12-17 06:30:00+00:00,0.13114,0.13123,0.13089,0.13091,2785983.0
2025-12-17 06:45:00+00:00,0.13091,0.13098,0.13081,0.1309,1121972.0
2025-12-17 07:00:00+00:00,0.1309,0.13101,0.1305,0.13057,2520742.0
2025-12-17 07:15:00+00:00,0.13057,0.13087,0.13044,0.1308,1663080.0
2025-12-17 07:30:00+00:00,0.1308,0.13142,0.13072,0.13109,4565188.0
2025-12-17 07:45:00+00:00,0.13109,0.13121,0.13091,0.13091,3083092.0
2025-12-17 08:00:00+00:00,0.13091,0.13091,0.13069,0.13072,1366324.0
2025-12-17 08:15:00+00:00,0.13073,0.13079,0.13031,0.13042,2115202.0
2025-12-17 08:30:00+00:00,0.13043,0.13058,0.13031,0.13033,3638845.0
2025-12-17 08:45:00+00:00,0.13033,0.1304,0.13016,0.13029,2856932.0
2025-12-17 09:00:00+00:00,0.1303,0.1303,0.12991,0.13005,3861454.0
2025-12-17 09:15:00+00:00,0.13005,0.13017,0.12949,0.12973,3760063.0
2025-12-17 09:30:00+00:00,0.12972,0.12986,0.12965,0.12986,11245218.0
2025-12-17 09:45:00+00:00,0.12986,0.12993,0.1297,0.1297,3199318.0
2025-12-17 10:00:00+00:00,0.12971,0.12996,0.12935,0.12987,3764982.0
2025-12-17 10:15:00+00:00,0.12986,0.13,0.12968,0.12982,1581458.0
2025-12-17 10:30:00+00:00,0.12981,0.13019,0.12969,0.1301,3101429.0
2025-12-17 10:45:00+00:00,0.1301,0.13018,0.12973,0.12979,2674889.0
2025-12-17 11:00:00+00:00,0.12979,0.13045,0.12973,0.13039,1877607.0
2025-12-17 11:15:00+00:00,0.13039,0.13044,0.13016,0.13017,1389455.0
2025-12-17 11:30:00+00:00,0.13016,0.13039,0.13016,0.13032,1287302.0
2025-12-17 11:45:00+00:00,0.13031,0.13053,0.13014,0.1303,2451229.0
2025-12-17 12:00:00+00:00,0.13029,0.13033,0.12997,0.13003,3653420.0
2025-12-17 12:15:00+00:00,0.13002,0.13005,0.12969,0.12986,4123196.0
2025-12-17 12:30:00+00:00,0.12987,0.13003,0.12968,0.12969,3945400.0
2025-12-17 12:45:00+00:00,0.12968,0.13027,0.12966,0.13015,3301760.0
2025-12-17 13:00:00+00:00,0.13015,0.13055,0.12966,0.12968,7939699.0
2025-12-17 13:15:00+00:00,0.12968,0.12992,0.12956,0.12985,3818854.0
2025-12-17 13:30:00+00:00,0.12985,0.13036,0.12972,0.13032,2589102.0
2025-12-17 13:45:00+00:00,0.13031,0.13136,0.13029,0.13109,10854777.0
2025-12-17 14:00:00+00:00,0.13109,0.13138,0.13091,0.13104,5154841.0
2025-12-17 14:15:00+00:00,0.13104,0.13149,0.13102,0.13111,5179886.0
2025-12-17 14:30:00+00:00,0.1311,0.13147,0.13048,0.13082,9381712.0
2025-12-17 14:45:00+00:00,0.13082,0.13464,0.12942,0.13448,82163469.0
2025-12-17 15:00:00+00:00,0.13448,0.13631,0.13386,0.13579,61902998.0
2025-12-17 15:15:00+00:00,0.13579,0.13617,0.13432,0.13486,18739042.0
2025-12-17 15:30:00+00:00,0.13486,0.13522,0.132,0.13239,32950948.0
2025-12-17 15:45:00+00:00,0.13239,0.1325,0.12967,0.12994,59892341.0
2025-12-17 16:00:00+00:00,0.12994,0.13076,0.1288,0.12881,28702209.0
2025-12-17 16:15:00+00:00,0.1288,0.1288,0.12583,0.12685,79225812.0
2025-12-17 16:30:00+00:00,0.12685,0.12762,0.12594,0.12663,34029085.0
2025-12-17 16:45:00+00:00,0.12662,0.1275,0.12634,0.12746,13395994.0
2025-12-17 17:00:00+00:00,0.12745,0.12769,0.12622,0.12688,15916999.0
2025-12-17 17:15:00+00:00,0.12688,0.12814,0.12658,0.12777,20124516.0
2025-12-17 17:30:00+00:00,0.12776,0.12792,0.12669,0.12673,10857903.0
2025-12-17 17:45:00+00:00,0.12674,0.12723,0.1264,0.12669,11125390.0
2025-12-17 18:00:00+00:00,0.1267,0.12748,0.12659,0.12717,6335608.0
2025-12-17 18:15:00+00:00,0.12716,0.12752,0.1268,0.12697,6962730.0
2025-12-17 18:30:00+00:00,0.12696,0.12712,0.12535,0.12585,15863598.0
2025-12-17 18:45:00+00:00,0.12586,0.12605,0.12534,0.12565,13743265.0
2025-12-17 19:00:00+00:00,0.12566,0.12573,0.12481,0.12529,19907350.0
2025-12-17 19:15:00+00:00,0.12528,0.12593,0.12518,0.12535,9455870.0
2025-12-17 19:30:00+00:00,0.12534,0.12587,0.12495,0.12546,6604537.0
2025-12-17 19:45:00+00:00,0.12546,0.12646,0.12544,0.12645,5919693.0
2025-12-17 20:00:00+00:00,0.12646,0.12656,0.12605,0.12609,5389945.0
2025-12-17 20:15:00+00:00,0.12609,0.12782,0.12605,0.12773,6441018.0
2025-12-17 20:30:00+00:00,0.12772,0.12775,0.12686,0.12746,5827573.0
2025-12-17 20:45:00+00:00,0.12746,0.12751,0.12663,0.12679,3919544.0
2025-12-17 21:00:00+00:00,0.12678,0.12702,0.12658,0.12672,5094164.0
2025-12-17 21:15:00+00:00,0.12671,0.12671,0.12614,0.1262,3475949.0
2025-12-17 21:30:00+00:00,0.12619,0.12631,0.12576,0.12604,5265930.0
2025-12-17 21:45:00+00:00,0.12603,0.12607,0.12572,0.12579,3567057.0
2025-12-17 22:00:00+00:00,0.1258,0.126,0.12533,0.12582,5960830.0
2025-12-17 22:15:00+00:00,0.12582,0.1267,0.12573,0.12629,6076183.0
2025-12-17 22:30:00+00:00,0.12629,0.12648,0.12617,0.12635,4052085.0
2025-12-17 22:45:00+00:00,0.12636,0.12686,0.12621,0.12669,2705577.0
2025-12-17 23:00:00+00:00,0.1267,0.1267,0.12604,0.12607,5387430.0
2025-12-17 23:15:00+00:00,0.12607,0.12619,0.12566,0.12601,9576690.0
2025-12-17 23:30:00+00:00,0.12601,0.12626,0.12597,0.12615,2578845.0
2025-12-17 23:45:00+00:00,0.12615,0.12637,0.12613,0.12633,3112557.0
2025-12-18 00:00:00+00:00,0.12633,0.12646,0.12604,0.12625,2920944.0
2025-12-18 00:15:00+00:00,0.12625,0.12654,0.12601,0.12649,3180669.0
2025-12-18 00:30:00+00:00,0.12649,0.12656,0.12626,0.12629,2800400.0
2025-12-18 00:45:00+00:00,0.12629,0.12655,0.12628,0.12641,3373693.0
2025-12-18 01:00:00+00:00,0.12641,0.12641,0.12536,0.12576,4358270.0
2025-12-18 01:15:00+00:00,0.12575,0.12589,0.12544,0.12546,20975747.0
2025-12-18 01:30:00+00:00,0.12546,0.12581,0.12533,0.12558,4334437.0
2025-12-18 01:45:00+00:00,0.12558,0.12578,0.12513,0.12554,6176126.0
2025-12-18 02:00:00+00:00,0.12554,0.12641,0.12524,0.12625,6853902.0
2025-12-18 02:15:00+00:00,0.12625,0.12679,0.12587,0.12611,7038285.0
2025-12-18 02:30:00+00:00,0.1261,0.1266,0.12609,0.1265,3746528.0
2025-12-18 02:45:00+00:00,0.12649,0.1266,0.12618,0.12627,2942898.0
2025-12-18 03:00:00+00:00,0.12627,0.12628,0.12595,0.12595,1598577.0
2025-12-18 03:15:00+00:00,0.12594,0.12594,0.12546,0.12546,2799878.0
2025-12-18 03:30:00+00:00,0.12546,0.12568,0.12522,0.12546,5422471.0
2025-12-18 03:45:00+00:00,0.12546,0.12551,0.12534,0.12541,2619828.0
2025-12-18 04:00:00+00:00,0.12542,0.1259,0.12537,0.12566,6294984.0
2025-12-18 04:15:00+00:00,0.12565,0.1258,0.12548,0.1257,2211684.0
2025-12-18 04:30:00+00:00,0.12569,0.1259,0.12545,0.12561,1638651.0
2025-12-18 04:45:00+00:00,0.1256,0.1256,0.12535,0.12549,3740275.0
2025-12-18 05:00:00+00:00,0.12548,0.12548,0.12447,0.12457,13814102.0
2025-12-18 05:15:00+00:00,0.12456,0.12462,0.12406,0.12427,8353982.0
2025-12-18 05:30:00+00:00,0.12427,0.12482,0.12385,0.12465,10807008.0
2025-12-18 05:45:00+00:00,0.12464,0.12469,0.12416,0.1242,2713417.0
2025-12-18 06:00:00+00:00,0.1242,0.12488,0.12401,0.12479,9815611.0
2025-12-18 06:15:00+00:00,0.12479,0.12493,0.12465,0.12476,2530436.0
2025-12-18 06:30:00+00:00,0.12476,0.12507,0.12461,0.12462,5601820.0
2025-12-18 06:45:00+00:00,0.12462,0.12493,0.12437,0.12467,7536420.0
2025-12-18 07:00:00+00:00,0.12467,0.12504,0.12451,0.12496,8819566.0
2025-12-18 07:15:00+00:00,0.12496,0.12508,0.1249,0.12497,2085570.0
2025-12-18 07:30:00+00:00,0.12497,0.12501,0.12448,0.12453,2928934.0
2025-12-18 07:45:00+00:00,0.12453,0.12493,0.12447,0.12484,5517080.0
2025-12-18 08:00:00+00:00,0.12485,0.12517,0.12467,0.12511,5047291.0
2025-12-18 08:15:00+00:00,0.1251,0.12567,0.12498,0.12537,13741478.0
2025-12-18 08:30:00+00:00,0.12538,0.12566,0.12526,0.12533,8686266.0
2025-12-18 08:45:00+00:00,0.12532,0.12541,0.12505,0.12523,4844174.0
2025-12-18 09:00:00+00:00,0.12523,0.12528,0.12483,0.12496,4227658.0
2025-12-18 09:15:00+00:00,0.12496,0.12545,0.1249,0.12523,3029197.0
2025-12-18 09:30:00+00:00,0.12523,0.12571,0.12512,0.12571,8564651.0
2025-12-18 09:45:00+00:00,0.12571,0.12594,0.12565,0.12589,5338528.0
2025-12-18 10:00:00+00:00,0.12589,0.12615,0.1257,0.12599,9639826.0
2025-12-18 10:15:00+00:00,0.12598,0.12622,0.12587,0.12608,2589211.0
2025-12-18 10:30:00+00:00,0.12608,0.12646,0.12606,0.12639,5607808.0
2025-12-18 10:45:00+00:00,0.12639,0.12644,0.12614,0.12635,2134531.0
2025-12-18 11:00:00+00:00,0.12635,0.12638,0.1258,0.12586,8378263.0
2025-12-18 11:15:00+00:00,0.12586,0.12598,0.1257,0.12593,2162838.0
2025-12-18 11:30:00+00:00,0.12593,0.126,0.12583,0.12594,2386966.0
2025-12-18 11:45:00+00:00,0.12593,0.12619,0.12589,0.12614,2866181.0
2025-12-18 12:00:00+00:00,0.12614,0.1262,0.12578,0.12578,3814856.0
2025-12-18 12:15:00+00:00,0.12579,0.1261,0.12578,0.12583,3983242.0
2025-12-18 12:30:00+00:00,0.12582,0.12681,0.12582,0.1266,8846194.0
2025-12-18 12:45:00+00:00,0.12659,0.1267,0.12608,0.12631,5070461.0
2025-12-18 13:00:00+00:00,0.12631,0.12838,0.12631,0.12798,15000375.0
2025-12-18 13:15:00+00:00,0.12798,0.12808,0.12728,0.12741,9678820.0
2025-12-18 13:30:00+00:00,0.12742,0.12926,0.12742,0.12917,67699328.0
2025-12-18 13:45:00+00:00,0.12917,0.12972,0.12892,0.12929,46776025.0
2025-12-18 14:00:00+00:00,0.12929,0.13047,0.12783,0.12812,29819433.0
2025-12-18 14:15:00+00:00,0.12813,0.12971,0.12807,0.12959,10290065.0
2025-12-18 14:30:00+00:00,0.12959,0.13045,0.12788,0.12795,24926755.0
2025-12-18 14:45:00+00:00,0.12796,0.12882,0.12769,0.12863,11048130.0
2025-12-18 15:00:00+00:00,0.12863,0.12922,0.12789,0.12814,16095258.0
2025-12-18 15:15:00+00:00,0.12813,0.1298,0.12798,0.1298,16033174.0
2025-12-18 15:30:00+00:00,0.12981,0.13072,0.12938,0.13031,20604735.0
2025-12-18 15:45:00+00:00,0.13032,0.13033,0.12945,0.12953,8601561.0
2025-12-18 16:00:00+00:00,0.12953,0.12979,0.12917,0.12936,6973924.0
2025-12-18 16:15:00+00:00,0.12936,0.12944,0.12843,0.12872,11755474.0
2025-12-18 16:30:00+00:00,0.12872,0.12909,0.12846,0.12903,7796434.0
2025-12-18 16:45:00+00:00,0.12904,0.12921,0.12851,0.12866,7132481.0
2025-12-18 17:00:00+00:00,0.12865,0.12869,0.12504,0.12527,38011674.0
2025-12-18 17:15:00+00:00,0.12526,0.12529,0.12137,0.12276,155369797.0
2025-12-18 17:30:00+00:00,0.12277,0.12379,0.12206,0.12366,22115006.0
2025-12-18 17:45:00+00:00,0.12367,0.12392,0.12304,0.12362,24638907.0
2025-12-18 18:00:00+00:00,0.12362,0.12506,0.12334,0.12473,17673599.0
2025-12-18 18:15:00+00:00,0.12472,0.12475,0.12389,0.12411,8135196.0
2025-12-18 18:30:00+00:00,0.12412,0.12469,0.12391,0.12428,18443031.0
2025-12-18 18:45:00+00:00,0.12428,0.12428,0.12276,0.12317,17535488.0
2025-12-18 19:00:00+00:00,0.12317,0.12338,0.12238,0.12269,17277068.0
2025-12-18 19:15:00+00:00,0.1227,0.12301,0.12207,0.12269,18544501.0
2025-12-18 19:30:00+00:00,0.12269,0.123,0.12044,0.12069,34611201.0
2025-12-18 19:45:00+00:00,0.12069,0.12103,0.11993,0.12026,43727617.0
2025-12-18 20:00:00+00:00,0.12025,0.12177,0.12009,0.12158,18595350.0
2025-12-18 20:15:00+00:00,0.12158,0.12167,0.12108,0.12124,9687787.0
2025-12-18 20:30:00+00:00,0.12124,0.12137,0.12094,0.12112,7114000.0
2025-12-18 20:45:00+00:00,0.12112,0.12141,0.12076,0.12078,12481089.0
2025-12-18 21:00:00+00:00,0.12078,0.12213,0.12077,0.12196,23271233.0
2025-12-18 21:15:00+00:00,0.12196,0.12266,0.12185,0.12263,16540661.0
2025-12-18 21:30:00+00:00,0.12263,0.12292,0.12235,0.12246,10636522.0
2025-12-18 21:45:00+00:00,0.12246,0.12322,0.12239,0.1232,6196518.0
2025-12-18 22:00:00+00:00,0.12321,0.12373,0.12307,0.12334,6278305.0
2025-12-18 22:15:00+00:00,0.12335,0.12348,0.12299,0.12326,4322977.0
2025-12-18 22:30:00+00:00,0.12327,0.12339,0.123,0.12304,8007158.0
2025-12-18 22:45:00+00:00,0.12303,0.12324,0.12277,0.12302,3584723.0
2025-12-18 23:00:00+00:00,0.12302,0.12305,0.12245,0.12277,4551474.0
2025-12-18 23:15:00+00:00,0.12276,0.12276,0.12226,0.12238,3820575.0
2025-12-18 23:30:00+00:00,0.12238,0.12262,0.1219,0.12205,15834239.0
2025-12-18 23:45:00+00:00,0.12205,0.12223,0.12192,0.12207,6254218.0
2025-12-19 00:00:00+00:00,0.12207,0.12242,0.12183,0.12213,11199780.0
2025-12-19 00:15:00+00:00,0.12213,0.12238,0.12181,0.12192,8288223.0
2025-12-19 00:30:00+00:00,0.12192,0.12203,0.12158,0.12171,9835736.0
2025-12-19 00:45:00+00:00,0.12171,0.12231,0.12153,0.12231,4675784.0
2025-12-19 01:00:00+00:00,0.12231,0.12231,0.12143,0.12168,7524310.0
2025-12-19 01:15:00+00:00,0.12168,0.12196,0.12112,0.12115,3117886.0
2025-12-19 01:30:00+00:00,0.12114,0.12135,0.12101,0.12107,3311800.0
2025-12-19 01:45:00+00:00,0.12107,0.12132,0.12056,0.12119,10045930.0
2025-12-19 02:00:00+00:00,0.12118,0.12118,0.12058,0.12074,16074541.0
2025-12-19 02:15:00+00:00,0.12074,0.12167,0.12068,0.1216,5315463.0
2025-12-19 02:30:00+00:00,0.1216,0.12168,0.12112,0.12151,9811276.0
2025-12-19 02:45:00+00:00,0.12152,0.12196,0.12151,0.12158,5896262.0
2025-12-19 03:00:00+00:00,0.12158,0.12357,0.1215,0.12334,16522505.0
2025-12-19 03:15:00+00:00,0.12334,0.12569,0.12253,0.12553,29819467.0
2025-12-19 03:30:00+00:00,0.12552,0.1263,0.12458,0.12546,27912555.0
2025-12-19 03:45:00+00:00,0.12546,0.1262,0.12496,0.12551,26781895.0
2025-12-19 04:00:00+00:00,0.12551,0.1265,0.12543,0.12638,27796277.0
2025-12-19 04:15:00+00:00,0.12638,0.1264,0.12574,0.12583,10669606.0
2025-12-19 04:30:00+00:00,0.12582,0.12627,0.1258,0.126,7306473.0
2025-12-19 04:45:00+00:00,0.12601,0.12625,0.126,0.12611,4714025.0
2025-12-19 05:00:00+00:00,0.12612,0.12617,0.12546,0.12585,9602496.0
2025-12-19 05:15:00+00:00,0.12585,0.12585,0.12548,0.12556,5536616.0
2025-12-19 05:30:00+00:00,0.12557,0.12579,0.12541,0.12554,5159900.0
2025-12-19 05:45:00+00:00,0.12553,0.12592,0.12547,0.12569,5883522.0
2025-12-19 06:00:00+00:00,0.12569,0.12597,0.12557,0.1256,2954031.0
2025-12-19 06:15:00+00:00,0.1256,0.12576,0.12539,0.1257,2751212.0
2025-12-19 06:30:00+00:00,0.1257,0.12596,0.12556,0.12596,3102581.0
2025-12-19 06:45:00+00:00,0.12595,0.12673,0.12575,0.12648,10337068.0
2025-12-19 07:00:00+00:00,0.12649,0.12885,0.12649,0.12802,24622094.0
2025-12-19 07:15:00+00:00,0.12802,0.12815,0.12756,0.12767,11092285.0
2025-12-19 07:30:00+00:00,0.12766,0.12791,0.12743,0.12784,5111916.0
2025-12-19 07:45:00+00:00,0.12784,0.12801,0.12771,0.12795,5454868.0
2025-12-19 08:00:00+00:00,0.12795,0.1283,0.12785,0.12807,7771092.0
2025-12-19 08:15:00+00:00,0.12807,0.12831,0.12767,0.12769,5910970.0
2025-12-19 08:30:00+00:00,0.1277,0.12839,0.1277,0.12832,2851538.0
2025-12-19 08:45:00+00:00,0.12832,0.12865,0.12818,0.1282,3089377.0
2025-12-19 09:00:00+00:00,0.12819,0.12825,0.12794,0.12805,3526097.0
2025-12-19 09:15:00+00:00,0.12805,0.12831,0.12795,0.12823,2373870.0
2025-12-19 09:30:00+00:00,0.12823,0.12823,0.12757,0.12795,9618270.0
2025-12-19 09:45:00+00:00,0.12795,0.1281,0.12786,0.12799,1389036.0
2025-12-19 10:00:00+00:00,0.12799,0.12835,0.12785,0.12832,3580690.0
2025-12-19 10:15:00+00:00,0.12832,0.12832,0.12807,0.12814,1727024.0
2025-12-19 10:30:00+00:00,0.12813,0.12828,0.12807,0.1282,2447041.0
2025-12-19 10:45:00+00:00,0.1282,0.1283,0.12807,0.12819,8408071.0
2025-12-19 11:00:00+00:00,0.12819,0.12848,0.128,0.12839,1924567.0
2025-12-19 11:15:00+00:00,0.12839,0.12861,0.12813,0.12827,3486702.0
2025-12-19 11:30:00+00:00,0.12827,0.12845,0.12804,0.12827,2952158.0
2025-12-19 11:45:00+00:00,0.12828,0.1283,0.12811,0.12822,1766190.0
2025-12-19 12:00:00+00:00,0.12822,0.12866,0.12792,0.1286,5778714.0
2025-12-19 12:15:00+00:00,0.12861,0.12896,0.12845,0.12859,5818711.0
2025-12-19 12:30:00+00:00,0.12858,0.1288,0.1284,0.12868,3478124.0
2025-12-19 12:45:00+00:00,0.12867,0.12882,0.12846,0.12859,4217542.0
2025-12-19 13:00:00+00:00,0.1286,0.1291,0.12859,0.12904,5301067.0
2025-12-19 13:15:00+00:00,0.12905,0.12907,0.12867,0.1288,6239871.0
2025-12-19 13:30:00+00:00,0.1288,0.12883,0.12819,0.12861,6803919.0
2025-12-19 13:45:00+00:00,0.12861,0.1287,0.1284,0.12856,4333850.0
2025-12-19 14:00:00+00:00,0.12857,0.12908,0.12846,0.12893,2530761.0
2025-12-19 14:15:00+00:00,0.12893,0.12925,0.12795,0.1283,9504450.0
2025-12-19 14:30:00+00:00,0.1283,0.13031,0.12794,0.13029,29978449.0
2025-12-19 14:45:00+00:00,0.1303,0.13048,0.12877,0.12946,24169731.0
2025-12-19 15:00:00+00:00,0.12947,0.13031,0.12915,0.13017,10462497.0
2025-12-19 15:15:00+00:00,0.13017,0.13207,0.12938,0.13003,53378231.0
2025-12-19 15:30:00+00:00,0.13003,0.13051,0.12948,0.12969,18991436.0
2025-12-19 15:45:00+00:00,0.1297,0.1298,0.12928,0.12962,8182152.0
2025-12-19 16:00:00+00:00,0.12961,0.13226,0.12957,0.13175,36819934.0
2025-12-19 16:15:00+00:00,0.13175,0.13208,0.13101,0.13118,13869405.0
2025-12-19 16:30:00+00:00,0.13117,0.1325,0.13108,0.13165,20416232.0
2025-12-19 16:45:00+00:00,0.13164,0.13171,0.13084,0.13102,11790032.0
2025-12-19 17:00:00+00:00,0.13102,0.13183,0.13098,0.13164,7682937.0
2025-12-19 17:15:00+00:00,0.13165,0.13225,0.13132,0.13133,11282948.0
2025-12-19 17:30:00+00:00,0.13134,0.13153,0.13001,0.1305,19051668.0
2025-12-19 17:45:00+00:00,0.1305,0.13092,0.12967,0.12968,14238789.0
2025-12-19 18:00:00+00:00,0.12968,0.13059,0.12968,0.13056,8495520.0
2025-12-19 18:15:00+00:00,0.13057,0.13137,0.13055,0.13112,8192438.0
2025-12-19 18:30:00+00:00,0.13113,0.13125,0.13057,0.13092,4387800.0
2025-12-19 18:45:00+00:00,0.13092,0.13149,0.1307,0.13124,7207095.0
2025-12-19 19:00:00+00:00,0.13125,0.13158,0.13125,0.13145,4061721.0
2025-12-19 19:15:00+00:00,0.13145,0.13241,0.13145,0.1322,11401558.0
2025-12-19 19:30:00+00:00,0.13221,0.13353,0.13213,0.13308,16607376.0
2025-12-19 19:45:00+00:00,0.13308,0.13346,0.1328,0.13288,9765106.0
2025-12-19 20:00:00+00:00,0.13289,0.13328,0.13269,0.13296,10545926.0
2025-12-19 20:15:00+00:00,0.13296,0.13337,0.13285,0.13301,8462181.0
2025-12-19 20:30:00+00:00,0.133,0.13342,0.1326,0.13285,6027963.0
2025-12-19 20:45:00+00:00,0.13285,0.13331,0.13268,0.13303,7802914.0
2025-12-19 21:00:00+00:00,0.13302,0.13305,0.13268,0.13274,2414729.0
2025-12-19 21:15:00+00:00,0.13273,0.13273,0.1322,0.13226,3870254.0
2025-12-19 21:30:00+00:00,0.13226,0.1326,0.13212,0.13219,6541313.0
2025-12-19 21:45:00+00:00,0.13219,0.1323,0.13176,0.13197,5889570.0
2025-12-19 22:00:00+00:00,0.13197,0.13263,0.13196,0.13226,5885400.0
2025-12-19 22:15:00+00:00,0.13227,0.13268,0.13227,0.13264,4529305.0
2025-12-19 22:30:00+00:00,0.13264,0.13293,0.13243,0.13282,3342935.0
2025-12-19 22:45:00+00:00,0.13282,0.13286,0.13246,0.13252,1489901.0
2025-12-19 23:00:00+00:00,0.13252,0.13257,0.1323,0.13236,5160394.0
2025-12-19 23:15:00+00:00,0.13235,0.13257,0.13233,0.13249,1643608.0
2025-12-19 23:30:00+00:00,0.13249,0.13258,0.13215,0.13245,5189875.0
2025-12-19 23:45:00+00:00,0.13245,0.13249,0.13221,0.13222,2216679.0
2025-12-20 00:00:00+00:00,0.13222,0.13229,0.13187,0.13205,3040370.0
2025-12-20 00:15:00+00:00,0.13204,0.13205,0.13163,0.13175,2949673.0
2025-12-20 00:30:00+00:00,0.13176,0.13181,0.13141,0.13141,3150163.0
2025-12-20 00:45:00+00:00,0.13142,0.13149,0.13101,0.13112,6983027.0
2025-12-20 01:00:00+00:00,0.13111,0.13122,0.131,0.13111,5345496.0
2025-12-20 01:15:00+00:00,0.1311,0.13125,0.13089,0.131,3812376.0
2025-12-20 01:30:00+00:00,0.13099,0.13112,0.13088,0.131,1044816.0
2025-12-20 01:45:00+00:00,0.131,0.13119,0.13099,0.13106,2693998.0
2025-12-20 02:00:00+00:00,0.13106,0.13107,0.13073,0.13081,3192815.0
2025-12-20 02:15:00+00:00,0.1308,0.13105,0.1308,0.13092,1379176.0
2025-12-20 02:30:00+00:00,0.13091,0.13142,0.13084,0.1313,10248119.0
2025-12-20 02:45:00+00:00,0.13129,0.13129,0.13108,0.13109,2211051.0
2025-12-20 03:00:00+00:00,0.13109,0.13122,0.1309,0.13094,1563125.0
2025-12-20 03:15:00+00:00,0.13094,0.1313,0.13094,0.13129,4089243.0
2025-12-20 03:30:00+00:00,0.1313,0.13182,0.1313,0.13176,14979238.0
2025-12-20 03:45:00+00:00,0.13175,0.13176,0.13147,0.13147,1413381.0
2025-12-20 04:00:00+00:00,0.13148,0.13157,0.13102,0.1311,6536499.0
2025-12-20 04:15:00+00:00,0.1311,0.1312,0.13099,0.13103,1572961.0
2025-12-20 04:30:00+00:00,0.13103,0.1312,0.13098,0.13109,1582530.0
2025-12-20 04:45:00+00:00,0.13109,0.13115,0.13069,0.13086,1655268.0
2025-12-20 05:00:00+00:00,0.13087,0.13121,0.13077,0.1312,1803104.0
2025-12-20 05:15:00+00:00,0.1312,0.13144,0.13108,0.13122,2092083.0
2025-12-20 05:30:00+00:00,0.13121,0.13151,0.13114,0.13138,1686532.0
2025-12-20 05:45:00+00:00,0.13137,0.1314,0.13107,0.13107,962891.0
2025-12-20 06:00:00+00:00,0.13108,0.13125,0.13105,0.13119,644478.0
2025-12-20 06:15:00+00:00,0.13119,0.13133,0.13114,0.13132,533079.0
2025-12-20 06:30:00+00:00,0.13132,0.13132,0.13115,0.13128,626968.0
2025-12-20 06:45:00+00:00,0.13128,0.1314,0.13115,0.13121,787306.0
2025-12-20 07:00:00+00:00,0.13122,0.13137,0.13097,0.1311,1282064.0
2025-12-20 07:15:00+00:00,0.13111,0.13139,0.13094,0.13138,2313186.0
2025-12-20 07:30:00+00:00,0.13139,0.13167,0.13123,0.13147,2044047.0
2025-12-20 07:45:00+00:00,0.13147,0.1316,0.13146,0.13157,1060720.0
2025-12-20 08:00:00+00:00,0.13157,0.13176,0.13151,0.13164,1891229.0
2025-12-20 08:15:00+00:00,0.13164,0.13253,0.13164,0.13247,6226556.0
2025-12-20 08:30:00+00:00,0.13247,0.13261,0.13221,0.13226,6641387.0
2025-12-20 08:45:00+00:00,0.13225,0.13226,0.13185,0.13193,3129865.0
2025-12-20 09:00:00+00:00,0.13193,0.13218,0.13192,0.1321,3126876.0
2025-12-20 09:15:00+00:00,0.13209,0.13225,0.132,0.13215,1573182.0
2025-12-20 09:30:00+00:00,0.13216,0.13251,0.13216,0.13241,5459340.0
2025-12-20 09:45:00+00:00,0.13241,0.13247,0.13222,0.13225,2109412.0
2025-12-20 10:00:00+00:00,0.13226,0.13236,0.13216,0.13225,1754369.0
2025-12-20 10:15:00+00:00,0.13226,0.13226,0.13189,0.13196,3823618.0
2025-12-20 10:30:00+00:00,0.13196,0.13203,0.13159,0.13178,3961199.0
2025-12-20 10:45:00+00:00,0.13177,0.13179,0.13165,0.13171,1130082.0
2025-12-20 11:00:00+00:00,0.13171,0.13176,0.13156,0.13176,2153281.0
2025-12-20 11:15:00+00:00,0.13176,0.13217,0.13168,0.13195,2746655.0
2025-12-20 11:30:00+00:00,0.13196,0.13215,0.13188,0.1319,1824249.0
2025-12-20 11:45:00+00:00,0.1319,0.13198,0.13184,0.13197,1074610.0
2025-12-20 12:00:00+00:00,0.13198,0.13214,0.13188,0.13197,1595896.0
2025-12-20 12:15:00+00:00,0.13198,0.13198,0.13182,0.13183,1178931.0
2025-12-20 12:30:00+00:00,0.13184,0.13193,0.13175,0.13177,2544740.0
2025-12-20 12:45:00+00:00,0.13176,0.13183,0.13175,0.13181,677943.0
2025-12-20 13:00:00+00:00,0.1318,0.13197,0.13135,0.13168,4856138.0
2025-12-20 13:15:00+00:00,0.13168,0.13202,0.13142,0.13142,9017741.0
2025-12-20 13:30:00+00:00,0.13143,0.13186,0.13137,0.1318,2231053.0
2025-12-20 13:45:00+00:00,0.13181,0.13218,0.13181,0.13206,1849073.0
2025-12-20 14:00:00+00:00,0.13207,0.13207,0.13122,0.13132,3398745.0
2025-12-20 14:15:00+00:00,0.13132,0.1317,0.13127,0.13166,1502155.0
2025-12-20 14:30:00+00:00,0.13166,0.13183,0.13157,0.13181,1443468.0
2025-12-20 14:45:00+00:00,0.13182,0.13238,0.13181,0.13227,3583463.0
2025-12-20 15:00:00+00:00,0.13228,0.13234,0.13195,0.13208,1932245.0
2025-12-20 15:15:00+00:00,0.13207,0.1321,0.13164,0.13177,6411526.0
2025-12-20 15:30:00+00:00,0.13178,0.132,0.13168,0.13193,1802293.0
2025-12-20 15:45:00+00:00,0.13193,0.13216,0.1319,0.1321,4200368.0
2025-12-20 16:00:00+00:00,0.1321,0.1323,0.13203,0.13204,2603758.0
2025-12-20 16:15:00+00:00,0.13205,0.13208,0.13193,0.13199,1793880.0
2025-12-20 16:30:00+00:00,0.13199,0.13199,0.13168,0.1318,4007431.0
2025-12-20 16:45:00+00:00,0.13181,0.13191,0.13172,0.13189,1502855.0
2025-12-20 17:00:00+00:00,0.13189,0.13217,0.13165,0.13186,1429994.0
2025-12-20 17:15:00+00:00,0.13185,0.13207,0.13185,0.13186,1418490.0
2025-12-20 17:30:00+00:00,0.13187,0.1319,0.1316,0.13166,1946729.0
2025-12-20 17:45:00+00:00,0.13167,0.13175,0.13163,0.13172,711866.0
2025-12-20 18:00:00+00:00,0.13172,0.13204,0.1316,0.13196,5032232.0
2025-12-20 18:15:00+00:00,0.13196,0.13224,0.1319,0.13206,2209387.0
2025-12-20 18:30:00+00:00,0.13206,0.13217,0.13197,0.13201,3186571.0
2025-12-20 18:45:00+00:00,0.132,0.13234,0.13195,0.13216,2520630.0
2025-12-20 19:00:00+00:00,0.13215,0.13236,0.13193,0.13232,1294946.0
2025-12-20 19:15:00+00:00,0.13231,0.13236,0.13214,0.13229,777043.0
2025-12-20 19:30:00+00:00,0.13228,0.13228,0.13216,0.1322,732828.0
2025-12-20 19:45:00+00:00,0.1322,0.13224,0.13212,0.13217,619665.0
2025-12-20 20:00:00+00:00,0.13218,0.13222,0.13207,0.13214,1758202.0
2025-12-20 20:15:00+00:00,0.13214,0.1322,0.13208,0.13217,1185688.0
2025-12-20 20:30:00+00:00,0.13217,0.13225,0.132,0.13212,1663474.0
2025-12-20 20:45:00+00:00,0.13212,0.13232,0.13212,0.13228,2064280.0
2025-12-20 21:00:00+00:00,0.13227,0.1324,0.13221,0.1323,3401565.0
2025-12-20 21:15:00+00:00,0.13231,0.13246,0.13215,0.13226,1324599.0
2025-12-20 21:30:00+00:00,0.13227,0.13245,0.13222,0.13229,2386513.0
2025-12-20 21:45:00+00:00,0.13228,0.13236,0.1321,0.13213,1924312.0
2025-12-20 22:00:00+00:00,0.13214,0.13216,0.13153,0.13174,3532941.0
2025-12-20 22:15:00+00:00,0.13173,0.13197,0.13163,0.13193,2810626.0
2025-12-20 22:30:00+00:00,0.13193,0.13234,0.13193,0.13222,3060924.0
2025-12-20 22:45:00+00:00,0.13222,0.13237,0.13217,0.13221,1567944.0
2025-12-20 23:00:00+00:00,0.1322,0.13238,0.13211,0.13221,2071486.0
2025-12-20 23:15:00+00:00,0.13222,0.13229,0.13198,0.13208,934432.0
2025-12-20 23:30:00+00:00,0.13208,0.13218,0.13193,0.13199,837793.0
2025-12-20 23:45:00+00:00,0.13199,0.13207,0.13192,0.13194,2453146.0
2025-12-21 00:00:00+00:00,0.13193,0.13204,0.13186,0.13198,1497446.0
2025-12-21 00:15:00+00:00,0.13198,0.13219,0.13197,0.132,955150.0
2025-12-21 00:30:00+00:00,0.13199,0.132,0.13174,0.13187,1592399.0
2025-12-21 00:45:00+00:00,0.13188,0.13199,0.13181,0.13195,607143.0
2025-12-21 01:00:00+00:00,0.13194,0.13194,0.1315,0.13152,2261294.0
2025-12-21 01:15:00+00:00,0.13152,0.13169,0.13152,0.1316,1812263.0
2025-12-21 01:30:00+00:00,0.1316,0.1316,0.13112,0.1313,4523252.0
2025-12-21 01:45:00+00:00,0.13129,0.13144,0.13113,0.13114,1125861.0
2025-12-21 02:00:00+00:00,0.13115,0.13142,0.13094,0.13112,2667113.0
2025-12-21 02:15:00+00:00,0.13111,0.13111,0.13049,0.13089,6947045.0
2025-12-21 02:30:00+00:00,0.1309,0.13098,0.13056,0.1307,2605849.0
2025-12-21 02:45:00+00:00,0.13069,0.13102,0.13063,0.13087,5192478.0
2025-12-21 03:00:00+00:00,0.13087,0.1311,0.13076,0.13104,1836051.0
2025-12-21 03:15:00+00:00,0.13104,0.13163,0.13101,0.13128,2941341.0
2025-12-21 03:30:00+00:00,0.13128,0.13137,0.13105,0.13108,487678.0
2025-12-21 03:45:00+00:00,0.13108,0.13119,0.13104,0.13112,2866774.0
2025-12-21 04:00:00+00:00,0.13112,0.13124,0.13095,0.13104,1550412.0
2025-12-21 04:15:00+00:00,0.13105,0.1313,0.13098,0.13124,793636.0
2025-12-21 04:30:00+00:00,0.13125,0.13131,0.13113,0.13117,1808264.0
2025-12-21 04:45:00+00:00,0.13118,0.13121,0.13112,0.13116,431660.0
2025-12-21 05:00:00+00:00,0.13115,0.13149,0.13112,0.13144,1199148.0
2025-12-21 05:15:00+00:00,0.13144,0.13178,0.13132,0.1317,3792740.0
2025-12-21 05:30:00+00:00,0.1317,0.13172,0.13143,0.13144,359651.0
2025-12-21 05:45:00+00:00,0.13143,0.13155,0.13142,0.13149,835560.0
2025-12-21 06:00:00+00:00,0.13149,0.13162,0.13138,0.1315,1003106.0
2025-12-21 06:15:00+00:00,0.1315,0.13168,0.13141,0.13146,1259151.0
2025-12-21 06:30:00+00:00,0.13146,0.13162,0.13146,0.1315,799778.0
2025-12-21 06:45:00+00:00,0.1315,0.13162,0.13145,0.13151,700860.0
2025-12-21 07:00:00+00:00,0.13151,0.13155,0.13136,0.13142,857399.0
2025-12-21 07:15:00+00:00,0.13141,0.13147,0.13132,0.13147,995015.0
2025-12-21 07:30:00+00:00,0.13146,0.13146,0.13123,0.13124,771971.0
2025-12-21 07:45:00+00:00,0.13124,0.13146,0.13122,0.13136,1894514.0
2025-12-21 08:00:00+00:00,0.13136,0.13147,0.13122,0.13131,1137822.0
2025-12-21 08:15:00+00:00,0.13131,0.13165,0.13125,0.13165,2588054.0
2025-12-21 08:30:00+00:00,0.13164,0.13289,0.13164,0.13271,5976543.0
2025-12-21 08:45:00+00:00,0.13272,0.13307,0.13247,0.13281,5373079.0
2025-12-21 09:00:00+00:00,0.13281,0.13342,0.13233,0.13259,9753505.0
2025-12-21 09:15:00+00:00,0.13259,0.13282,0.13239,0.13253,2357748.0
2025-12-21 09:30:00+00:00,0.13253,0.13314,0.13248,0.13277,3337609.0
2025-12-21 09:45:00+00:00,0.13278,0.1332,0.13264,0.13277,5099045.0
2025-12-21 10:00:00+00:00,0.13278,0.13296,0.13254,0.1326,2264303.0
2025-12-21 10:15:00+00:00,0.13259,0.1327,0.13236,0.13242,2011863.0
2025-12-21 10:30:00+00:00,0.13243,0.13244,0.13189,0.13206,4954447.0
2025-12-21 10:45:00+00:00,0.13207,0.13211,0.1317,0.13193,3735580.0
2025-12-21 11:00:00+00:00,0.13193,0.13199,0.1316,0.13161,819565.0
2025-12-21 11:15:00+00:00,0.13161,0.13191,0.13138,0.1318,2229794.0
2025-12-21 11:30:00+00:00,0.13179,0.13184,0.13158,0.13169,1405707.0
2025-12-21 11:45:00+00:00,0.13169,0.1318,0.13162,0.13174,897847.0
2025-12-21 12:00:00+00:00,0.13174,0.13206,0.13171,0.13194,2062436.0
2025-12-21 12:15:00+00:00,0.13194,0.13233,0.13194,0.13204,2501898.0
2025-12-21 12:30:00+00:00,0.13205,0.13218,0.13137,0.1314,3063579.0
2025-12-21 12:45:00+00:00,0.13141,0.13175,0.13116,0.13172,4611318.0
2025-12-21 13:00:00+00:00,0.13172,0.13175,0.12984,0.13061,19109672.0
2025-12-21 13:15:00+00:00,0.13061,0.1307,0.12997,0.13009,19769424.0
2025-12-21 13:30:00+00:00,0.13009,0.13019,0.12905,0.12942,17026539.0
2025-12-21 13:45:00+00:00,0.12941,0.12943,0.12871,0.12897,9788610.0
2025-12-21 14:00:00+00:00,0.12896,0.13008,0.12881,0.12958,16765995.0
2025-12-21 14:15:00+00:00,0.12958,0.12982,0.12939,0.1296,2238081.0
2025-12-21 14:30:00+00:00,0.1296,0.12984,0.12931,0.12968,3165536.0
2025-12-21 14:45:00+00:00,0.12968,0.12986,0.12956,0.12968,1145945.0
2025-12-21 15:00:00+00:00,0.12969,0.12969,0.12915,0.12915,5829857.0
2025-12-21 15:15:00+00:00,0.12914,0.12929,0.12898,0.12927,3077820.0
2025-12-21 15:30:00+00:00,0.12926,0.12948,0.12899,0.12922,4117863.0
2025-12-21 15:45:00+00:00,0.12923,0.12989,0.12918,0.12953,6787929.0
2025-12-21 16:00:00+00:00,0.12952,0.12953,0.12914,0.12926,6247159.0
2025-12-21 16:15:00+00:00,0.12925,0.13032,0.12912,0.13,4345059.0
2025-12-21 16:30:00+00:00,0.12999,0.13016,0.1299,0.12993,2690617.0
2025-12-21 16:45:00+00:00,0.12994,0.13014,0.12979,0.1301,2050220.0
2025-12-21 17:00:00+00:00,0.13011,0.13042,0.12974,0.13031,5273760.0
2025-12-21 17:15:00+00:00,0.13031,0.13049,0.12994,0.13008,3453859.0
2025-12-21 17:30:00+00:00,0.13008,0.13024,0.12997,0.13016,2500620.0
2025-12-21 17:45:00+00:00,0.13017,0.13021,0.12997,0.13002,1221303.0
2025-12-21 18:00:00+00:00,0.13001,0.13004,0.12914,0.12921,6126187.0
2025-12-21 18:15:00+00:00,0.12921,0.12951,0.12918,0.12946,2236328.0
2025-12-21 18:30:00+00:00,0.12946,0.12971,0.12933,0.12965,2242366.0
2025-12-21 18:45:00+00:00,0.12964,0.12979,0.12956,0.12973,1454893.0
2025-12-21 19:00:00+00:00,0.12973,0.13016,0.12973,0.12999,5779118.0
2025-12-21 19:15:00+00:00,0.13,0.13005,0.12985,0.12996,865059.0
2025-12-21 19:30:00+00:00,0.12995,0.12999,0.12949,0.12995,2373654.0
2025-12-21 19:45:00+00:00,0.12996,0.13057,0.12988,0.13037,3687473.0
2025-12-21 20:00:00+00:00,0.13037,0.13039,0.12995,0.12996,520538.0
2025-12-21 20:15:00+00:00,0.12996,0.13005,0.12979,0.12991,1211584.0
2025-12-21 20:30:00+00:00,0.12991,0.13006,0.12989,0.12997,612431.0
2025-12-21 20:45:00+00:00,0.12997,0.13,0.12986,0.12992,522177.0
2025-12-21 21:00:00+00:00,0.12993,0.13005,0.12956,0.12989,1587489.0
2025-12-21 21:15:00+00:00,0.12988,0.13015,0.12986,0.12987,978341.0
2025-12-21 21:30:00+00:00,0.12987,0.13006,0.12955,0.1296,900834.0
2025-12-21 21:45:00+00:00,0.12959,0.12961,0.12936,0.12957,1152046.0
2025-12-21 22:00:00+00:00,0.12957,0.13029,0.12944,0.13019,1609605.0
2025-12-21 22:15:00+00:00,0.13018,0.13041,0.13,0.13021,1715044.0
2025-12-21 22:30:00+00:00,0.13021,0.13045,0.13018,0.13032,2648047.0
2025-12-21 22:45:00+00:00,0.13032,0.13063,0.1303,0.13057,1610955.0
2025-12-21 23:00:00+00:00,0.13057,0.1314,0.13057,0.13087,6705134.0
2025-12-21 23:15:00+00:00,0.13087,0.1314,0.13087,0.13095,4069433.0
2025-12-21 23:30:00+00:00,0.13095,0.13114,0.13062,0.13092,1839331.0
2025-12-21 23:45:00+00:00,0.13091,0.13124,0.13091,0.13112,810046.0
2025-12-22 00:00:00+00:00,0.13113,0.13338,0.13113,0.13322,21746710.0
2025-12-22 00:15:00+00:00,0.13323,0.13424,0.13218,0.13276,24302897.0
2025-12-22 00:30:00+00:00,0.13276,0.13302,0.13222,0.13265,5730632.0
2025-12-22 00:45:00+00:00,0.13265,0.13275,0.13165,0.13165,4795893.0
2025-12-22 01:00:00+00:00,0.13165,0.13225,0.13157,0.13214,10598804.0
2025-12-22 01:15:00+00:00,0.13215,0.1327,0.13214,0.13234,2290255.0
2025-12-22 01:30:00+00:00,0.13234,0.13301,0.13233,0.13233,6026301.0
2025-12-22 01:45:00+00:00,0.13232,0.13243,0.13138,0.1314,4118687.0
2025-12-22 02:00:00+00:00,0.13141,0.13144,0.12952,0.13023,27691640.0
2025-12-22 02:15:00+00:00,0.13023,0.13055,0.12994,0.1304,9638686.0
2025-12-22 02:30:00+00:00,0.1304,0.13079,0.13034,0.13053,3627597.0
2025-12-22 02:45:00+00:00,0.13054,0.13104,0.13054,0.13095,2068449.0
2025-12-22 03:00:00+00:00,0.13096,0.13181,0.1306,0.13173,3829644.0
2025-12-22 03:15:00+00:00,0.13174,0.13266,0.1316,0.1325,6791804.0
2025-12-22 03:30:00+00:00,0.13251,0.13287,0.13193,0.13204,6048969.0
2025-12-22 03:45:00+00:00,0.13204,0.13226,0.13182,0.13204,1271700.0
2025-12-22 04:00:00+00:00,0.13205,0.13246,0.13205,0.13207,4178710.0
2025-12-22 04:15:00+00:00,0.13207,0.13266,0.13202,0.1326,4529295.0
2025-12-22 04:30:00+00:00,0.13259,0.13262,0.13207,0.1324,3337289.0
2025-12-22 04:45:00+00:00,0.1324,0.13274,0.1323,0.13247,4200924.0
2025-12-22 05:00:00+00:00,0.13247,0.13263,0.13218,0.13231,4473672.0
2025-12-22 05:15:00+00:00,0.13231,0.13243,0.13201,0.13206,5541933.0
2025-12-22 05:30:00+00:00,0.13206,0.13241,0.13192,0.13215,3208524.0
2025-12-22 05:45:00+00:00,0.13214,0.13235,0.13186,0.13191,1434395.0
2025-12-22 06:00:00+00:00,0.13191,0.13191,0.13151,0.1316,4148144.0
2025-12-22 06:15:00+00:00,0.1316,0.13204,0.13157,0.13167,1789946.0
2025-12-22 06:30:00+00:00,0.13167,0.13199,0.13165,0.13193,1442061.0
2025-12-22 06:45:00+00:00,0.13193,0.13196,0.13164,0.13164,908186.0
2025-12-22 07:00:00+00:00,0.13164,0.13241,0.13152,0.13228,1931693.0
2025-12-22 07:15:00+00:00,0.13227,0.13228,0.13197,0.1321,1258194.0
2025-12-22 07:30:00+00:00,0.13209,0.13227,0.13201,0.13215,1418749.0
2025-12-22 07:45:00+00:00,0.13214,0.13214,0.13192,0.1321,1368197.0
2025-12-22 08:00:00+00:00,0.1321,0.13239,0.13171,0.13187,3895852.0
2025-12-22 08:15:00+00:00,0.13188,0.13327,0.13186,0.13307,15381217.0
2025-12-22 08:30:00+00:00,0.13307,0.1333,0.13269,0.13279,6545630.0
2025-12-22 08:45:00+00:00,0.13278,0.13286,0.13209,0.13227,6000388.0
2025-12-22 09:00:00+00:00,0.13228,0.13232,0.13185,0.13188,3193268.0
2025-12-22 09:15:00+00:00,0.13189,0.1325,0.13189,0.13235,3522876.0
2025-12-22 09:30:00+00:00,0.13235,0.13263,0.13203,0.13213,2826860.0
2025-12-22 09:45:00+00:00,0.13213,0.13236,0.13182,0.13232,3156791.0
2025-12-22 10:00:00+00:00,0.13231,0.1324,0.13198,0.13238,2286770.0
2025-12-22 10:15:00+00:00,0.13237,0.13258,0.13229,0.13229,3204881.0
2025-12-22 10:30:00+00:00,0.1323,0.13244,0.13223,0.13237,4112783.0
2025-12-22 10:45:00+00:00,0.13236,0.13238,0.13217,0.13222,1947681.0
2025-12-22 11:00:00+00:00,0.13223,0.13245,0.13205,0.13212,1185172.0
2025-12-22 11:15:00+00:00,0.13212,0.13244,0.13191,0.13241,2959770.0
2025-12-22 11:30:00+00:00,0.13241,0.13294,0.1323,0.13277,3487675.0
2025-12-22 11:45:00+00:00,0.13277,0.13327,0.13275,0.13288,6417935.0
2025-12-22 12:00:00+00:00,0.13289,0.13304,0.13259,0.13293,3815568.0
2025-12-22 12:15:00+00:00,0.13293,0.13345,0.13293,0.13339,11247080.0
2025-12-22 12:30:00+00:00,0.1334,0.1342,0.13308,0.13328,13598091.0
2025-12-22 12:45:00+00:00,0.13327,0.13344,0.13311,0.13329,4343434.0
2025-12-22 13:00:00+00:00,0.13329,0.13349,0.13295,0.13301,8135952.0
2025-12-22 13:15:00+00:00,0.13302,0.13324,0.13278,0.13314,12583909.0
2025-12-22 13:30:00+00:00,0.13314,0.13314,0.13258,0.13259,4805361.0
2025-12-22 13:45:00+00:00,0.13259,0.13298,0.13253,0.13293,3481871.0
2025-12-22 14:00:00+00:00,0.13293,0.13372,0.1329,0.1335,3976991.0
2025-12-22 14:15:00+00:00,0.13351,0.13413,0.13346,0.13355,5066199.0
2025-12-22 14:30:00+00:00,0.13356,0.13419,0.13273,0.13339,18225582.0
2025-12-22 14:45:00+00:00,0.13339,0.13444,0.13323,0.13407,15974383.0
2025-12-22 15:00:00+00:00,0.13408,0.1354,0.13341,0.13344,15400504.0
2025-12-22 15:15:00+00:00,0.13344,0.13408,0.13277,0.13387,9642362.0
2025-12-22 15:30:00+00:00,0.13387,0.13391,0.13267,0.13364,7917261.0
2025-12-22 15:45:00+00:00,0.13363,0.13464,0.1334,0.13439,6942983.0
2025-12-22 16:00:00+00:00,0.13439,0.13504,0.13419,0.13486,6204799.0
2025-12-22 16:15:00+00:00,0.13486,0.13521,0.13462,0.13473,7432680.0
2025-12-22 16:30:00+00:00,0.13473,0.13474,0.13376,0.13376,7343312.0
2025-12-22 16:45:00+00:00,0.13375,0.13404,0.13367,0.13369,4043759.0
2025-12-22 17:00:00+00:00,0.1337,0.1338,0.13307,0.13355,8244935.0
2025-12-22 17:15:00+00:00,0.13356,0.13407,0.13341,0.13361,3546173.0
2025-12-22 17:30:00+00:00,0.1336,0.13405,0.13344,0.13373,3058025.0
2025-12-22 17:45:00+00:00,0.13374,0.134,0.13354,0.13392,1586292.0
2025-12-22 18:00:00+00:00,0.13392,0.1342,0.13372,0.13405,3289642.0
2025-12-22 18:15:00+00:00,0.13405,0.13485,0.13398,0.13475,4224146.0
2025-12-22 18:30:00+00:00,0.13475,0.13519,0.13442,0.13498,7339907.0
2025-12-22 18:45:00+00:00,0.13499,0.13502,0.13403,0.1343,10094183.0
2025-12-22 19:00:00+00:00,0.1343,0.13439,0.13282,0.13292,9365899.0
2025-12-22 19:15:00+00:00,0.13291,0.13336,0.13226,0.13246,8139081.0
2025-12-22 19:30:00+00:00,0.13246,0.13269,0.13191,0.1325,9787464.0
2025-12-22 19:45:00+00:00,0.1325,0.13258,0.13166,0.13193,10062854.0
2025-12-22 20:00:00+00:00,0.13192,0.13241,0.13178,0.13208,6920952.0
2025-12-22 20:15:00+00:00,0.13207,0.1321,0.13093,0.13112,9464996.0
2025-12-22 20:30:00+00:00,0.13113,0.13159,0.13089,0.13139,6303153.0
2025-12-22 20:45:00+00:00,0.13139,0.13174,0.13095,0.13122,6131896.0
2025-12-22 21:00:00+00:00,0.13121,0.13172,0.13121,0.13139,2025013.0
2025-12-22 21:15:00+00:00,0.13138,0.1317,0.13121,0.13151,2482631.0
2025-12-22 21:30:00+00:00,0.1315,0.13217,0.13145,0.13203,4176714.0
2025-12-22 21:45:00+00:00,0.13203,0.13203,0.13129,0.13143,1713452.0
2025-12-22 22:00:00+00:00,0.13144,0.13162,0.13111,0.13149,2988110.0
2025-12-22 22:15:00+00:00,0.13149,0.13203,0.13149,0.1319,6031919.0
2025-12-22 22:30:00+00:00,0.13191,0.13207,0.13162,0.13178,4241266.0
2025-12-22 22:45:00+00:00,0.13177,0.13269,0.13177,0.1325,8166533.0
2025-12-22 23:00:00+00:00,0.13249,0.13249,0.13202,0.13232,5034470.0
2025-12-22 23:15:00+00:00,0.13232,0.13254,0.13215,0.13252,2604410.0
2025-12-22 23:30:00+00:00,0.13251,0.13262,0.13221,0.13247,2558220.0
2025-12-22 23:45:00+00:00,0.13247,0.13263,0.13231,0.13258,2915249.0
2025-12-23 00:00:00+00:00,0.13258,0.13258,0.1323,0.1325,1967498.0
2025-12-23 00:15:00+00:00,0.13251,0.13284,0.13249,0.13254,4901760.0
2025-12-23 00:30:00+00:00,0.13253,0.13321,0.13235,0.13271,2761778.0
2025-12-23 00:45:00+00:00,0.13271,0.13342,0.1326,0.13327,6251706.0
2025-12-23 01:00:00+00:00,0.13328,0.13348,0.13302,0.13309,3081420.0
2025-12-23 01:15:00+00:00,0.13309,0.13318,0.1327,0.13275,3832149.0
2025-12-23 01:30:00+00:00,0.13275,0.13306,0.13243,0.13276,3727133.0
2025-12-23 01:45:00+00:00,0.13277,0.13319,0.13277,0.13291,1441081.0
